time_s,x_m,v_m_s,pitch_rad,pitch_rate_rad_s,roll_deg,torque_Nm_each
0.000000000000000000e+00,0.000000000000000000e+00,0.000000000000000000e+00,8.726646259971648778e-02,0.000000000000000000e+00,0.000000000000000000e+00,0.000000000000000000e+00
5.000000000000000104e-03,5.406136982588045229e-21,1.802045660970046215e-18,8.726646259971648778e-02,-3.552713678800501003e-18,8.717815972171168022e-19,6.000000000000000000e+00
1.000000000000000194e-02,3.225123985200593240e-05,1.074294618436378267e-02,8.718274370793804851e-02,-2.788685488709858468e-02,-2.630726069934531431e-07,6.000000000000000000e+00
1.500000000000000638e-02,1.392061823180448929e-04,4.258646099352272896e-02,8.692621119556183384e-02,-8.944423471083248756e-02,-9.898648926814343618e-07,5.971452971825628175e+00
2.000000000000001082e-02,6.655270970691395775e-04,1.442449684200673432e-01,8.594788814670314969e-02,-2.618916833464512428e-01,-2.378002048466676776e-06,5.242769138564876030e+00
2.500000000000001527e-02,1.621594419201866219e-03,2.210337733579746944e-01,8.424132501488169888e-02,-3.919529758406327669e-01,-3.772623641216017319e-06,3.315135282863500787e+00
3.000000000000001971e-02,2.862257685798175189e-03,2.654097530637672953e-01,8.206132637582955192e-02,-4.642267936684202900e-01,-4.858528644499569320e-06,1.795301816478902301e+00
3.500000000000002415e-02,4.253417449342159623e-03,2.863625506817629174e-01,7.964742893631759912e-02,-4.945919526879400951e-01,-5.607322034565910937e-06,8.832348160810258308e-01
4.000000000000002859e-02,5.707537813817988200e-03,2.935830736734218460e-01,7.715584654928844821e-02,-5.005467748251580806e-01,-6.051969193269229620e-06,4.204470254556189057e-01
4.500000000000003303e-02,7.176529095766516313e-03,2.938364686768644152e-01,7.467143605528915595e-02,-4.943439918938878908e-01,-6.250904159794137535e-06,2.225239856077436684e-01
5.000000000000003747e-02,8.637526394074722044e-03,2.910628635568057732e-01,7.223341958222391501e-02,-4.830963454301793192e-01,-6.258541229172686131e-06,1.584090133634660502e-01
5.500000000000004191e-02,1.008146648313194491e-02,2.872604695434882727e-01,6.985630219477238778e-02,-4.703435499975474610e-01,-7.071863713401204928e-05,1.514590783969057552e-01
6.000000000000004635e-02,1.150607009221695648e-02,2.833638178534437224e-01,6.754234750880878935e-02,-4.578000314238689361e-01,-1.350558208479384764e-04,1.635750126764507484e-01
6.500000000000004385e-02,1.291179055228861873e-02,2.796756107285880422e-01,6.528918276551767819e-02,-4.459068113084834750e-01,-1.634151164651210554e-04,1.756188550818959249e-01
7.000000000000004829e-02,1.429981630329828744e-02,2.762402117907023502e-01,6.309343822114837907e-02,-4.346978479188592370e-01,-1.694943970719183825e-04,1.831156716062750656e-01
7.500000000000005274e-02,1.567131058178693193e-02,2.730218265423299262e-01,6.095198519726323372e-02,-4.240733194687070218e-01,-1.620561114434956212e-04,1.857178992241185211e-01
8.000000000000005718e-02,1.702720575831687122e-02,2.699684913496377958e-01,5.886225586832559420e-02,-4.139143151935928411e-01,-1.468351416964334218e-04,1.845242612881697608e-01
8.500000000000006162e-02,1.836819466060123085e-02,2.670353700306834499e-01,5.682221737483267310e-02,-4.041218914494733583e-01,-1.278248662891677209e-04,1.808269247502769517e-01
9.000000000000006606e-02,1.969478673003075692e-02,2.641920804828272185e-01,5.483023903504113256e-02,-3.946297635441597396e-01,-1.077422280380003745e-04,1.756913022029693294e-01
9.500000000000007050e-02,2.100738331109045995e-02,2.614227885455480682e-01,5.288492326076322386e-02,-3.854039781962684263e-01,-8.825329116889029193e-05,1.698082267608428675e-01
1.000000000000000749e-01,2.230633399046820509e-02,2.587206914952458470e-01,5.098498209465451153e-02,-3.764301734347601514e-01,-7.032408484195880251e-05,1.634886501455269092e-01
1.050000000000000794e-01,2.359196544996907882e-02,2.560826290346370770e-01,4.912917467748566941e-02,-3.677019661450639521e-01,-5.445795608978707027e-05,1.568133930707265866e-01
1.100000000000000838e-01,2.486458993184835833e-02,2.535058670379409795e-01,4.731628834778340426e-02,-3.592140830815405694e-01,-4.085417922071712320e-05,1.497693425072847140e-01
1.150000000000000883e-01,2.612450338799653798e-02,2.509867911224510917e-01,4.554514195970257168e-02,-3.509594843558934696e-01,-2.951536249859344362e-05,1.423309795876025463e-01
1.200000000000000927e-01,2.737198056172183980e-02,2.485207462369890818e-01,4.381459631282014905e-02,-3.429288764597822614e-01,-2.032097712438528516e-05,1.344957329276341151e-01
1.250000000000000833e-01,2.860727081694895355e-02,2.461023867556165201e-01,4.212356368046071137e-02,-3.351113156046705011e-01,-1.307805514096735958e-05,1.262912954142681454e-01
1.300000000000000877e-01,2.983059609481370292e-02,2.437261484939557132e-01,4.047101339135723841e-02,-3.274951078247131941e-01,-7.556211049951164130e-06,1.177697282291961800e-01
1.350000000000000921e-01,3.104215103840360368e-02,2.413866546072680197e-01,3.885597316822541475e-02,-3.200686156953037598e-01,-3.511700920246927185e-06,1.089975310033204775e-01
1.400000000000000966e-01,3.224210476317371232e-02,2.390789924358628915e-01,3.727752711691434406e-02,-3.128208329666983256e-01,-7.036844541619349869e-07,1.000463061851984692e-01
1.450000000000001010e-01,3.343060362910099670e-02,2.367988622439860802e-01,3.573481155885755572e-02,-3.057417182585679960e-01,1.095855295486969299e-06,9.098577379277590638e-02
1.500000000000001055e-01,3.460777446256888684e-02,2.345426285902858510e-01,3.422700976275945550e-02,-2.988223401732587603e-01,2.095359445181869027e-06,8.187938006685560599e-02
1.550000000000001099e-01,3.577372781976536492e-02,2.323072981732240694e-01,3.275334637536082144e-02,-2.920548776252670509e-01,2.477158604279135419e-06,7.278200771302582861e-02
1.600000000000001144e-01,3.692856102443797806e-02,2.300904618437568938e-01,3.131308208971166074e-02,-2.854325448584675851e-01,2.398992790374269686e-06,6.373935043816333912e-02
1.650000000000001188e-01,3.807236086377382284e-02,2.278902180117168830e-01,2.990550880722519025e-02,-2.789494746590335805e-01,1.994093032906272550e-06,5.478820588315324452e-02
1.700000000000001232e-01,3.920520588275810264e-02,2.257050904888919240e-01,2.852994543660133248e-02,-2.726005851698713456e-01,1.372262283893156277e-06,4.595731695237643272e-02
1.750000000000001277e-01,4.032716827805881560e-02,2.235339499535871632e-01,2.718573435479593528e-02,-2.663814484726934606e-01,6.217002858189028672e-07,3.726847725313122556e-02
1.800000000000001321e-01,4.143831542299540593e-02,2.213759430944438888e-01,2.587223849298847522e-02,-2.602881695771439019e-01,-1.887702068526840815e-07,2.873769051945973194e-02
1.850000000000001366e-01,4.253871106400908264e-02,2.192304326894397026e-01,2.458883898875295279e-02,-2.543172826152060306e-01,-1.007592511605507367e-06,2.037627743037735348e-02
1.900000000000001410e-01,4.362841627443923842e-02,2.170969519521036284e-01,2.333493326107938942e-02,-2.484656708860098207e-01,-1.796889118835139356e-06,1.219184454597862892e-02
1.950000000000001454e-01,4.470749016054338665e-02,2.149751578127117868e-01,2.210993352248867214e-02,-2.427304841381130174e-01,-2.530685224149439003e-06,4.189027602640009625e-03
2.000000000000001499e-01,4.577599039381467089e-02,2.128648012383023425e-01,2.091326560107384727e-02,-2.371090853041404045e-01,-3.192828903530509944e-06,-3.629699100245786184e-03
2.050000000000001543e-01,4.683397360902391560e-02,2.107657030154987121e-01,1.974436800439989190e-02,-2.315990067770608007e-01,-3.774889991611147681e-06,-1.126351277385428430e-02
2.100000000000001588e-01,4.788149569702844499e-02,2.086777348616977723e-01,1.860269117475442033e-02,-2.261979158941797019e-01,-4.274327306972641628e-06,-1.871281999518036032e-02
2.150000000000001632e-01,4.891861201658643382e-02,2.066008050536224105e-01,1.748769689351571677e-02,-2.209035883333884398e-01,-4.692923946584998049e-06,-2.597892159117742850e-02
2.200000000000001676e-01,4.994537754517481415e-02,2.045348477021111944e-01,1.639885779940684213e-02,-2.157138879561363576e-01,-5.035480541658673929e-06,-3.306375401361843352e-02
2.250000000000001721e-01,5.096184698467871865e-02,2.024798148788584662e-01,1.533565699244638855e-02,-2.106267517315517090e-01,-5.308749009002691764e-06,-3.996969392449808978e-02
2.300000000000001765e-01,5.196807483421442275e-02,2.004356709240940893e-01,1.429758770165343897e-02,-2.056401785735648413e-01,-5.520584377857281729e-06,-4.669941311241394138e-02
2.350000000000001810e-01,5.296411543937409178e-02,1.984023883924052878e-01,1.328415299976992356e-02,-2.007522211377625321e-01,-5.679289447120246843e-06,-5.325577248304191186e-02
2.400000000000001854e-01,5.395002302481114592e-02,1.963799452098254628e-01,1.229486555244317138e-02,-1.959609798229668964e-01,-5.793125956692752873e-06,-5.964174580608994775e-02
2.450000000000001898e-01,5.492585171524277943e-02,1.943683227133235492e-01,1.132924739258319054e-02,-1.912645983922033333e-01,-5.869966256488030007e-06,-6.586036575880177546e-02
2.500000000000001665e-01,5.589165554853892798e-02,1.923675043235396898e-01,1.038682971312313366e-02,-1.866612607669312085e-01,-5.917060760433722821e-06,-7.191468642954861046e-02
2.550000000000001710e-01,5.684748848350967138e-02,1.903774746648036753e-01,9.467152673312445241e-03,-1.821491886595620335e-01,-5.940898459747058252e-06,-7.780775779625441479e-02
2.600000000000001754e-01,5.779340440421939368e-02,1.883982189956206754e-01,8.569765215088415850e-03,-1.777266397962900812e-01,-5.947140171793311914e-06,-8.354260878539276902e-02
2.650000000000001799e-01,5.872945712208429980e-02,1.864297228504298576e-01,7.694224887113096899e-03,-1.733919065492628142e-01,-5.940606800905446484e-06,-8.912223637950199284e-02
2.700000000000001843e-01,5.965570037659824465e-02,1.844719718218294224e-01,6.840097674816037095e-03,-1.691433148479710435e-01,-5.925307519214901262e-06,-9.454959891102596159e-02
2.750000000000001887e-01,6.057218783524109113e-02,1.825249514335809120e-01,6.006957835320964577e-03,-1.649792232778005963e-01,-5.904495317683944189e-06,-9.982761219297367483e-02
2.800000000000001932e-01,6.147897309292129492e-02,1.805886470701977831e-01,5.194387736511210489e-03,-1.608980223017769662e-01,-5.880739744458881416e-06,-1.049591475238043775e-01
2.850000000000001976e-01,6.237610967116690580e-02,1.786630439401153680e-01,4.401977699747737678e-03,-1.568981335619610284e-01,-5.856008786908228354e-06,-1.099470308918408662e-01
2.900000000000002021e-01,6.326365101718804673e-02,1.767481270573945662e-01,3.629325845927863867e-03,-1.529780092315765616e-01,-5.831753736986229794e-06,-1.147940429157085773e-01
2.950000000000002065e-01,6.414165050287502778e-02,1.748438812324638048e-01,2.876037944686683171e-03,-1.491361313992345949e-01,-5.808992496138260851e-06,-1.195029192098322063e-01
3.000000000000002109e-01,6.501016142376019047e-02,1.729502910661948889e-01,2.141727266615289262e-03,-1.453710114737108150e-01,-5.788388133290359900e-06,-1.240763509723532831e-01
3.050000000000002154e-01,6.586923699795076137e-02,1.710673409441356707e-01,1.426014438413296089e-03,-1.416811896025093609e-01,-5.770320619601859247e-06,-1.285169856683775480e-01
3.100000000000002198e-01,6.671893036502876684e-02,1.691950150293513588e-01,7.285273009177305930e-04,-1.380652341005709771e-01,-5.754950550191355267e-06,-1.328274277329690445e-01
3.150000000000002243e-01,6.755929458490922412e-02,1.673332972533327356e-01,4.890076996264322703e-05,-1.345217408874534448e-01,-5.742274349025987051e-06,-1.370102392525379686e-01
3.200000000000002287e-01,6.839038263664751205e-02,1.654821713050153853e-01,-6.132232999713785543e-04,-1.310493329324915746e-01,-5.732170968022141945e-06,-1.410679406052749996e-01
3.250000000000002331e-01,6.921224741718695617e-02,1.636416206182592092e-01,-1.258196249358093256e-03,-1.276466597080927745e-01,-5.724440458124189218e-06,-1.450030110548078122e-01
3.300000000000002376e-01,7.002494174004077199e-02,1.618116283582671511e-01,-1.886362744518905012e-03,-1.243123966516343493e-01,-5.718835037587183705e-06,-1.488178892990189850e-01
3.350000000000002420e-01,7.082851833390442498e-02,1.599921774074429259e-01,-2.498060905853227796e-03,-1.210452446365245099e-01,-5.715083431998472550e-06,-1.525149739799946946e-01
3.400000000000002465e-01,7.162302984119670035e-02,1.581832503511490795e-01,-3.093622433453305232e-03,-1.178439294529640829e-01,-5.712909334346473904e-06,-1.560966241626416395e-01
3.450000000000002509e-01,7.240852881653070394e-02,1.563848294637581182e-01,-3.673372730153317851e-03,-1.147072012988558931e-01,-5.712044848622733287e-06,-1.595651597896971530e-01
3.500000000000002554e-01,7.318506772511672309e-02,1.545968966953107371e-01,-4.237631022064466089e-03,-1.116338342811911688e-01,-5.712239754539760016e-06,-1.629228621201944394e-01
3.550000000000002598e-01,7.395269894110088893e-02,1.528194336590173452e-01,-4.786710476649044463e-03,-1.086226259281217882e-01,-5.713267375210642615e-06,-1.661719741574148868e-01
3.600000000000002642e-01,7.471147474584431680e-02,1.510524216197696723e-01,-5.320918318387218501e-03,-1.056723967118147339e-01,-5.714927755704983091e-06,-1.693147010712205969e-01
3.650000000000002687e-01,7.546144732614819273e-02,1.492958414837687875e-01,-5.840555942090398626e-03,-1.027819895820878821e-01,-5.717048777159187006e-06,-1.723532106185156898e-01
3.700000000000002731e-01,7.620266877243037085e-02,1.475496737893273735e-01,-6.345919023914897185e-03,-9.995026951074635624e-02,-5.719485743470939831e-06,-1.752896335645818260e-01
3.750000000000002776e-01,7.693519107685958813e-02,1.458138986988655739e-01,-6.837297630128920389e-03,-9.717612304647628430e-02,-5.722119892061893096e-06,-1.781260641071845952e-01
3.800000000000002820e-01,7.765906613145318049e-02,1.440884959920900321e-01,-7.314976323685148073e-03,-9.445845788010522048e-02,-5.724856198884097155e-06,-1.808645603046181716e-01
3.850000000000002864e-01,7.837434572614408734e-02,1.423734450603261759e-01,-7.779234268650039169e-03,-9.179620242000570418e-02,-5.727620773626396836e-06,-1.835071445083272801e-01
3.900000000000002909e-01,7.908108154682283453e-02,1.406687249019565600e-01,-8.230345332539841172e-03,-8.918830537739498576e-02,-5.730358074635468228e-06,-1.860558038003005399e-01
3.950000000000002953e-01,7.977932517335986629e-02,1.389743141189109521e-01,-8.668578186612057104e-03,-8.663373536127168262e-02,-5.733028116391904278e-06,-1.885124904351330732e-01
4.000000000000002998e-01,8.046912807761325004e-02,1.372901909141463761e-01,-9.094196404159721886e-03,-8.413148048272242607e-02,-5.735603793222614105e-06,-1.908791222864355264e-01
4.050000000000003042e-01,8.115054162142656957e-02,1.356163330900536090e-01,-9.507458556854534587e-03,-8.168054796833079667e-02,-5.738068402649822187e-06,-1.931575832971127726e-01
4.100000000000003086e-01,8.182361705462139201e-02,1.339527180477255719e-01,-9.908618309183601577e-03,-7.927996378242306574e-02,-5.740413419768434852e-06,-1.953497239329520518e-01
4.150000000000003131e-01,8.248840551298851353e-02,1.322993227870242205e-01,-1.029792451102320289e-02,-7.692877225789039597e-02,-5.742636548615303257e-06,-1.974573616389096176e-01
4.200000000000003175e-01,8.314495801628175864e-02,1.306561239073847913e-01,-1.067562128839155688e-02,-7.462603573533373169e-02,-5.744740056305558520e-06,-1.994822812974720860e-01
4.250000000000003220e-01,8.379332546621773292e-02,1.290230976092978654e-01,-1.104194813242184194e-02,-7.237083421028601971e-02,-5.746729382475263024e-06,-2.014262356884500005e-01
4.300000000000003264e-01,8.443355864448505443e-02,1.274002196964146572e-01,-1.139713998659466244e-02,-7.016226498827472791e-02,-5.748612006528513871e-06,-2.032909459496352600e-01
4.350000000000003308e-01,8.506570821076557543e-02,1.257874655782216244e-01,-1.174142733226887954e-02,-6.799944234749605299e-02,-5.750396548583176896e-06,-2.050781020377003550e-01
4.400000000000003353e-01,8.568982470077082803e-02,1.241848102732360515e-01,-1.207503627254796937e-02,-6.588149720888195060e-02,-5.752092077092182922e-06,-2.067893631888284567e-01
4.450000000000003397e-01,8.630595852429566450e-02,1.225922284126758771e-01,-1.239818861451838158e-02,-6.380757681334890685e-02,-5.753707594521068289e-06,-2.084263583785501972e-01
4.500000000000003442e-01,8.691415996329159011e-02,1.210096942445607754e-01,-1.271110194989512852e-02,-6.177684440602630028e-02,-5.755251672965622436e-06,-2.099906867803253974e-01
4.550000000000003486e-01,8.751447916996192566e-02,1.194371816382044926e-01,-1.301398973410896991e-02,-5.978847892727035679e-02,-5.756732212751800864e-06,-2.114839182224333980e-01
4.600000000000003531e-01,8.810696616488038202e-02,1.178746640890606517e-01,-1.330706136386852756e-02,-5.784167471027678448e-02,-5.758156299830196646e-06,-2.129075936427797522e-01
4.650000000000003575e-01,8.869167083513485039e-02,1.163221147238875514e-01,-1.359052225322978161e-02,-5.593564118511317601e-02,-5.759530139925644208e-06,-2.142632255412537101e-01
4.700000000000003619e-01,8.926864293249790749e-02,1.147795063061992638e-01,-1.386457390820456867e-02,-5.406960258899880939e-02,-5.760859050442901331e-06,-2.155522984293007649e-01
4.750000000000003664e-01,8.983793207162546479e-02,1.132468112419730555e-01,-1.412941399993884913e-02,-5.224279768266641699e-02,-5.762147494171067601e-06,-2.167762692764204357e-01
4.800000000000003708e-01,9.039958772828450562e-02,1.117240015855851115e-01,-1.438523643649055120e-02,-5.045447947264639077e-02,-5.763399141268426342e-06,-2.179365679533135647e-01
4.850000000000003753e-01,9.095365923761117299e-02,1.102110490459483061e-01,-1.463223143323629828e-02,-4.870391493931991445e-02,-5.764616948649834259e-06,-2.190345976714251353e-01
4.900000000000003797e-01,9.150019579240023515e-02,1.087079249928280811e-01,-1.487058558193530243e-02,-4.699038477059336999e-02,-5.765803248648710192e-06,-2.200717354186712826e-01
4.950000000000003841e-01,9.203924644142642830e-02,1.072146004633135891e-01,-1.510048191847818133e-02,-4.531318310105129921e-02,-5.766959840083620807e-06,-2.210493323911395247e-01
5.000000000000003331e-01,9.257086008779874531e-02,1.057310461684235758e-01,-1.532209998934765116e-02,-4.367161725645068993e-02,-5.768088077110363882e-06,-2.219687144205946261e-01
5.050000000000003375e-01,9.309508548734797551e-02,1.042572324998271432e-01,-1.553561591681740066e-02,-4.206500750342361677e-02,-5.769188952800914031e-06,-2.228311823976175943e-01
5.100000000000003419e-01,9.361197124704837003e-02,1.027931295366617953e-01,-1.574120246291475442e-02,-4.049268680426054701e-02,-5.770263174925758811e-06,-2.236380126902462184e-01
5.150000000000003464e-01,9.412156582347341871e-02,1.013387070524315176e-01,-1.593902909217235347e-02,-3.895400057665003579e-02,-5.771311232925952063e-06,-2.243904575579749316e-01
5.200000000000003508e-01,9.462391752128652966e-02,9.989393452197004031e-02,-1.612926203319290860e-02,-3.744830645825598242e-02,-5.772333455831967308e-06,-2.250897455610269549e-01
5.250000000000003553e-01,9.511907449176666696e-02,9.845878112845428409e-02,-1.631206433905135408e-02,-3.597497407601599195e-02,-5.773330060812143285e-06,-2.257370819647706583e-01
5.300000000000003597e-01,9.560708473136909913e-02,9.703321577045505297e-02,-1.648759594655717017e-02,-3.453338482004965349e-02,-5.774301193041036540e-06,-2.263336491392277383e-01
5.350000000000003642e-01,9.608799608032159156e-02,9.561720706901273570e-02,-1.665601373440000685e-02,-3.312293162206823849e-02,-5.775246957632439872e-06,-2.268806069535719283e-01
5.400000000000003686e-01,9.656185622125612600e-02,9.421072337472628788e-02,-1.681747158020055477e-02,-3.174301873818093783e-02,-5.776167444264760396e-06,-2.273790931655834957e-01
5.450000000000003730e-01,9.702871267787586962e-02,9.281373277484536444e-02,-1.697212041648844122e-02,-3.039306153599630189e-02,-5.777062745688828357e-06,-2.278302238059882190e-01
5.500000000000003775e-01,9.748861281365776843e-02,9.142620310035584619e-02,-1.712010828562828685e-02,-2.907248628592048675e-02,-5.777932970968766131e-06,-2.282350935576548112e-01
5.550000000000003819e-01,9.794160383059066777e-02,9.004810193304972621e-02,-1.726158039371466710e-02,-2.778072995655687938e-02,-5.778778254262261459e-06,-2.285947761296091840e-01
5.600000000000003864e-01,9.838773276794843259e-02,8.867939661257145945e-02,-1.739667916345619472e-02,-2.651724001411476586e-02,-5.779598759997026339e-06,-2.289103246258477331e-01
5.650000000000003908e-01,9.882704650109849775e-02,8.732005424343292077e-02,-1.752554428606846806e-02,-2.528147422573736106e-02,-5.780394685375151582e-06,-2.291827719089350734e-01
5.700000000000003952e-01,9.925959174034534871e-02,8.597004170199055995e-02,-1.764831277219518907e-02,-2.407290046666212685e-02,-5.781166260761520548e-06,-2.294131309583743450e-01
5.750000000000003997e-01,9.968541502980865499e-02,8.462932564337796726e-02,-1.776511900187653648e-02,-2.289099653112876623e-02,-5.781913748418878936e-06,-2.296023952237442323e-01
5.800000000000004041e-01,1.001045627463361121e-01,8.329787250838853463e-02,-1.787609477358303653e-02,-2.173524994695323273e-02,-5.782637440185195061e-06,-2.297515389726221824e-01
5.850000000000004086e-01,1.005170810984504504e-01,8.197564853030295251e-02,-1.798136935233320480e-02,-2.060515779368757641e-02,-5.783337654466841121e-06,-2.298615176332872989e-01
5.900000000000004130e-01,1.009230161253305003e-01,8.066261974165640780e-02,-1.808106951691256653e-02,-1.950022652428832007e-02,-5.784014732997623218e-06,-2.299332681322248939e-01
5.950000000000004174e-01,1.013224136958258692e-01,7.935875198094177740e-02,-1.817531960621142015e-02,-1.841997179021825568e-02,-5.784669037209776270e-06,-2.299677092264529876e-01
6.000000000000004219e-01,1.017153195075050087e-01,7.806401089924464021e-02,-1.826424156469825047e-02,-1.736391826990818510e-02,-5.785300944780541224e-06,-2.299657418306962631e-01
6.050000000000004263e-01,1.021017790857362273e-01,7.677836196680658254e-02,-1.834795498704540687e-02,-1.633159950050743978e-02,-5.785910846448533286e-06,-2.299282493394301519e-01
6.100000000000004308e-01,1.024818377828013299e-01,7.550177047951396603e-02,-1.842657716192324519e-02,-1.532255771285378869e-02,-5.786499142882228071e-06,-2.298560979438348806e-01
6.150000000000004352e-01,1.028555407770415236e-01,7.423420156530909086e-02,-1.850022311497867902e-02,-1.433634366959529900e-02,-5.787066242004944321e-06,-2.297501369436858731e-01
6.200000000000004396e-01,1.032229330720351584e-01,7.297562019052158955e-02,-1.856900565101365919e-02,-1.337251650639858028e-02,-5.787612556504583128e-06,-2.296111990542253345e-01
6.250000000000004441e-01,1.035840594958068600e-01,7.172599116611767800e-02,-1.863303539537885384e-02,-1.243064357617907484e-02,-5.788138501774838121e-06,-2.294401007080575094e-01
6.300000000000004485e-01,1.039389647000677624e-01,7.048527915386550158e-02,-1.869242083459737858e-02,-1.151030029629130508e-02,-5.788644494163856600e-06,-2.292376423521044204e-01
6.350000000000004530e-01,1.042876931594862583e-01,6.925344867241488289e-02,-1.874726835623333546e-02,-1.061106999861817675e-02,-5.789130949549514014e-06,-2.290046087396706842e-01
6.400000000000004574e-01,1.046302891709889604e-01,6.803046410329029181e-02,-1.879768228801924693e-02,-9.732543782500279600e-03,-5.789598282034582585e-06,-2.287417692176718087e-01
6.450000000000004619e-01,1.049667968530913625e-01,6.681628969679544172e-02,-1.884376493625675511e-02,-8.874320370447009651e-03,-5.790046903137938506e-06,-2.284498780090614134e-01
6.500000000000004663e-01,1.052972601452578233e-01,6.561088957782913733e-02,-1.888561662350393341e-02,-8.036005966573826764e-03,-5.790477220869871319e-06,-2.281296744905297602e-01
6.550000000000004707e-01,1.056217228072903053e-01,6.441422775161109726e-02,-1.892333572556293905e-02,-7.217214117709886551e-03,-5.790889639246133490e-06,-2.277818834655040425e-01
6.600000000000004752e-01,1.059402284187455912e-01,6.322626810931730734e-02,-1.895701870778116957e-02,-6.417565577123139284e-03,-5.791284557876613589e-06,-2.274072154325158801e-01
6.650000000000004796e-01,1.062528203783803943e-01,6.204697443362471032e-02,-1.898676016067871175e-02,-5.636688170810217474e-03,-5.791662371607987484e-06,-2.270063668489981368e-01
6.700000000000004841e-01,1.065595419036238362e-01,6.087631040416451034e-02,-1.901265283491489905e-02,-4.874216666299786838e-03,-5.792023470303834524e-06,-2.265800203905514731e-01
6.750000000000004885e-01,1.068604360300771522e-01,5.971423960288442523e-02,-1.903478767560633569e-02,-4.129792643920075432e-03,-5.792368238749651257e-06,-2.261288452057458320e-01
6.800000000000004929e-01,1.071555456110397514e-01,5.856072551931940096e-02,-1.905325385600857568e-02,-3.403064370481139606e-03,-5.792697056451720074e-06,-2.256534971665204448e-01
6.850000000000004974e-01,1.074449133170615189e-01,5.741573155577131549e-02,-1.906813881057334639e-02,-2.693686675324877006e-03,-5.793010297700863684e-06,-2.251546191142286268e-01
6.900000000000005018e-01,1.077285816355206538e-01,5.627922103239747093e-02,-1.907952826739306787e-02,-2.001320828695707117e-03,-5.793308331504517302e-06,-2.246328411013948090e-01
6.950000000000005063e-01,1.080065928702268474e-01,5.515115719220851226e-02,-1.908750628004407882e-02,-1.325634422386901727e-03,-5.793591521564114571e-06,-2.240887806292383155e-01
7.000000000000005107e-01,1.082789891410490257e-01,5.403150320597601558e-02,-1.909215525883995249e-02,-6.663012526179074978e-04,-5.793860226301849562e-06,-2.235230428810235370e-01
7.050000000000005151e-01,1.085458123835675026e-01,5.292022217705021070e-02,-1.909355600150560578e-02,-2.300120509929692663e-05,-5.794114798890138277e-06,-2.229362209513066073e-01
7.100000000000005196e-01,1.088071043487499612e-01,5.181727714608843488e-02,-1.909178772328349455e-02,6.045798577573578171e-04,-5.794355587332775414e-06,-2.223288960711116147e-01
7.150000000000005240e-01,1.090629066026507776e-01,5.072263109569494222e-02,-1.908692808648200859e-02,1.216750207525705120e-03,-5.794582934320646545e-06,-2.217016378291325474e-01
7.200000000000005285e-01,1.093132605261333268e-01,4.963624695497273476e-02,-1.907905322947677645e-02,1.813812358388285344e-03,-5.794797177439549337e-06,-2.210550043889890071e-01
7.250000000000005329e-01,1.095582073146148389e-01,4.855808760398815788e-02,-1.906823779517494849e-02,2.396063173736691192e-03,-5.794998649119403766e-06,-2.203895427026099085e-01
7.300000000000005373e-01,1.097977879778333360e-01,4.748811587814907170e-02,-1.905455495895250206e-02,2.963793970787711660e-03,-5.795187676576946104e-06,-2.197057887198038684e-01
7.350000000000005418e-01,1.100320433396361069e-01,4.642629457249745906e-02,-1.903807645607441187e-02,3.517290623253047435e-03,-5.795364581812682985e-06,-2.190042675940723216e-01
7.400000000000005462e-01,1.102610140377896092e-01,4.537258644591724704e-02,-1.901887260860695220e-02,4.056833662100233287e-03,-5.795529681802532612e-06,-2.182854938847308690e-01
7.450000000000005507e-01,1.104847405238099517e-01,4.432695422525830681e-02,-1.899701235183242493e-02,4.582698374441095818e-03,-5.795683288396566205e-06,-2.175499717553681656e-01
7.500000000000005551e-01,1.107032630628140280e-01,4.328936060937788044e-02,-1.897256326017441111e-02,5.095154900582973823e-03,-5.795825708320714765e-06,-2.167981951687653619e-01
7.550000000000005596e-01,1.109166217333903137e-01,4.225976827309974732e-02,-1.894559157264364899e-02,5.594468329278689395e-03,-5.795957243107884977e-06,-2.160306480782508975e-01
7.600000000000005640e-01,1.111248564274895517e-01,4.123813987109280904e-02,-1.891616221781274032e-02,6.080898791208564323e-03,-5.796078189215158915e-06,-2.152478046156178215e-01
7.650000000000005684e-01,1.113280068503343934e-01,4.022443804166971060e-02,-1.888433883832885130e-02,6.554701550728440733e-03,-5.796188838110021153e-06,-2.144501292756122723e-01
7.700000000000005729e-01,1.115261125203479003e-01,3.921862541050668421e-02,-1.885018381497272771e-02,7.016127095916394225e-03,-5.796289476119925713e-06,-2.136380770970784659e-01
7.750000000000005773e-01,1.117192127691003650e-01,3.822066459428578866e-02,-1.881375829027265995e-02,7.465421226950262265e-03,-5.796380384499236233e-06,-2.128120938408016583e-01
7.800000000000005818e-01,1.119073467412742551e-01,3.723051820426041131e-02,-1.877512219168134960e-02,7.902825142847569317e-03,-5.796461839457578698e-06,-2.119726161641168061e-01
7.850000000000005862e-01,1.120905533946466026e-01,3.624814884974514317e-02,-1.873433425432403931e-02,8.328575526598908096e-03,-5.796534112214198088e-06,-2.111200717923176762e-01
7.900000000000005906e-01,1.122688715000887960e-01,3.527351914153132456e-02,-1.869145204332578816e-02,8.742904628724526561e-03,-5.796597468962692158e-06,-2.102548796869350700e-01
7.950000000000005951e-01,1.124423396415831500e-01,3.430659169522917024e-02,-1.864653197572550131e-02,9.146040349284147858e-03,-5.796652170901525805e-06,-2.093774502109423674e-01
8.000000000000005995e-01,1.126109962162560180e-01,3.334732913453760522e-02,-1.859962934198465534e-02,9.538206318369046866e-03,-5.796698474287786315e-06,-2.084881852909188371e-01
8.050000000000006040e-01,1.127748794344270167e-01,3.239569409444301856e-02,-1.855079832709797052e-02,9.919621975104627246e-03,-5.796736630458203336e-06,-2.075874785762480690e-01
8.100000000000006084e-01,1.129340273196741129e-01,3.145164922434791344e-02,-1.850009203131355515e-02,1.029050264519165356e-02,-5.796766885902313886e-06,-2.066757155953852232e-01
8.150000000000006128e-01,1.130884777089141424e-01,3.051515719113067487e-02,-1.844756249046966556e-02,1.065105961701320533e-02,-5.796789482232141968e-06,-2.057532739092519103e-01
8.200000000000006173e-01,1.132382682524983170e-01,2.958618068213754448e-02,-1.839326069595518393e-02,1.100150021633444948e-02,-5.796804656171625050e-06,-2.048205232618096616e-01
8.250000000000006217e-01,1.133834364143227746e-01,2.866468240810778750e-02,-1.833723661430074203e-02,1.134202787962141322e-02,-5.796812639789687046e-06,-2.038778257278541228e-01
8.300000000000006262e-01,1.135240194719532442e-01,2.775062510603335322e-02,-1.827953920640745800e-02,1.167284222600433602e-02,-5.796813660332286076e-06,-2.029255358580821789e-01
8.350000000000006306e-01,1.136600545167641418e-01,2.684397154195400023e-02,-1.822021644641979438e-02,1.199413912791112008e-02,-5.796807940415637932e-06,-2.019640008214890203e-01
8.400000000000006350e-01,1.137915784540912134e-01,2.594468451368890996e-02,-1.815931534024918179e-02,1.230611078039567548e-02,-5.796795698016976643e-06,-2.009935605451280138e-01
8.450000000000006395e-01,1.139186280033977899e-01,2.505272685350603407e-02,-1.809688194375496176e-02,1.260894576918520499e-02,-5.796777146549782855e-06,-2.000145478512836694e-01
8.500000000000006439e-01,1.140412396984541998e-01,2.416806143073019914e-02,-1.803296138058886958e-02,1.290282913747039031e-02,-5.796752494858954900e-06,-1.990272885921143542e-01
8.550000000000006484e-01,1.141594498875300873e-01,2.329065115429096097e-02,-1.796759785970923270e-02,1.318794245146188288e-02,-5.796721947328503104e-06,-1.980321017817996965e-01
8.600000000000006528e-01,1.142732947335991789e-01,2.242045897521128400e-02,-1.790083469257115756e-02,1.346446386473608599e-02,-5.796685703906597400e-06,-1.970292997262352019e-01
8.650000000000006573e-01,1.143828102145564574e-01,2.155744788903816989e-02,-1.783271430999850554e-02,1.373256818139248145e-02,-5.796643960142399707e-06,-1.960191881503285105e-01
8.700000000000006617e-01,1.144880321234472975e-01,2.070158093821620679e-02,-1.776327827874365703e-02,1.399242691804472756e-02,-5.796596907349444728e-06,-1.950020663229311002e-01
8.750000000000006661e-01,1.145889960687083015e-01,1.985282121440504546e-02,-1.769256731774076011e-02,1.424420836466717619e-02,-5.796544732544873805e-06,-1.939782271794537050e-01
8.800000000000006706e-01,1.146857374744195829e-01,1.901113186074185682e-02,-1.762062131405814705e-02,1.448807764431788575e-02,-5.796487618505948960e-06,-1.929479574422021115e-01
8.850000000000006750e-01,1.147782915805681536e-01,1.817647607404979451e-02,-1.754747933855549044e-02,1.472419677175902490e-02,-5.796425743916381222e-06,-1.919115377384791876e-01
8.900000000000006795e-01,1.148666934433222875e-01,1.734881710699338192e-02,-1.747317966125115640e-02,1.495272471099508282e-02,-5.796359283405581289e-06,-1.908692427164924432e-01
8.950000000000006839e-01,1.149509779353164729e-01,1.652811827018185048e-02,-1.739775976640499031e-02,1.517381743174889795e-02,-5.796288407508855754e-06,-1.898213411591101463e-01
9.000000000000006883e-01,1.150311797459467184e-01,1.571434293422133144e-02,-1.732125636732198548e-02,1.538762796489527747e-02,-5.796213282848351976e-06,-1.887680960954913334e-01
9.050000000000006928e-01,1.151073333816760164e-01,1.490745453171698522e-02,-1.724370542088185521e-02,1.559430645687119067e-02,-5.796134072087282731e-06,-1.877097649106502786e-01
9.100000000000006972e-01,1.151794731663497162e-01,1.410741655922580391e-02,-1.716514214179941725e-02,1.579400022308190266e-02,-5.796050934072340395e-06,-1.866465994529780403e-01
9.150000000000007017e-01,1.152476332415204030e-01,1.331419257916115553e-02,-1.708560101662134206e-02,1.598685380032128373e-02,-5.795964023893950641e-06,-1.855788461397482048e-01
9.200000000000007061e-01,1.153118475667822829e-01,1.252774622165010038e-02,-1.700511581746329617e-02,1.617300899822429749e-02,-5.795873492867230282e-06,-1.845067460606885368e-01
9.250000000000007105e-01,1.153721499201146861e-01,1.174804118634395315e-02,-1.692371961549286874e-02,1.635260494977034892e-02,-5.795779488664399704e-06,-1.834305350795939205e-01
9.300000000000007150e-01,1.154285738982345072e-01,1.097504124418340749e-02,-1.684144479416293042e-02,1.652577816085421328e-02,-5.795682155371598445e-06,-1.823504439340533911e-01
9.350000000000007194e-01,1.154811529169572637e-01,1.020871023911897046e-02,-1.675832306219966067e-02,1.669266255894199386e-02,-5.795581633551158212e-06,-1.812666983333307558e-01
9.400000000000007239e-01,1.155299202115667861e-01,9.449012089787389018e-03,-1.667438546635023264e-02,1.685338954082930135e-02,-5.795478060250669517e-06,-1.801795190544023539e-01
9.450000000000007283e-01,1.155749088371930411e-01,8.695910791145147062e-03,-1.658966240389421129e-02,1.700808801951782592e-02,-5.795371569106644115e-06,-1.790891220362184899e-01
9.500000000000007327e-01,1.156161516691980584e-01,7.949370416059675301e-03,-1.650418363492331397e-02,1.715688447022686164e-02,-5.795262290391914121e-06,-1.779957184721951413e-01
9.550000000000007372e-01,1.156536814035696720e-01,7.209355116859285893e-03,-1.641797829439358217e-02,1.729990297555545828e-02,-5.795150351075678170e-06,-1.768995149009899848e-01
9.600000000000007416e-01,1.156875305573229623e-01,6.475829126842389677e-03,-1.633107490395433944e-02,1.743726526981121197e-02,-5.795035874884270108e-06,-1.758007132955766993e-01
9.650000000000007461e-01,1.157177314689090408e-01,5.748756761747014256e-03,-1.624350138355798098e-02,1.756909078252077289e-02,-5.794918982338586835e-06,-1.746995111506617071e-01
9.700000000000007505e-01,1.157443162986311197e-01,5.028102421181271722e-03,-1.615528506285448737e-02,1.769549668113727312e-02,-5.794799790830394111e-06,-1.735961015684701070e-01
9.750000000000007550e-01,1.157673170290676734e-01,4.313830590015522819e-03,-1.606645269237510013e-02,1.781659791295958986e-02,-5.794678414690541515e-06,-1.724906733429197869e-01
9.800000000000007594e-01,1.157867654655023587e-01,3.605905839737128752e-03,-1.597703045450842713e-02,1.793250724627769299e-02,-5.794554965262333278e-06,-1.713834110422429724e-01
9.850000000000007638e-01,1.158026932363606376e-01,2.904292829768306741e-03,-1.588704397427329398e-02,1.804333531075873187e-02,-5.794429550913941557e-06,-1.702744950900471343e-01
9.900000000000007683e-01,1.158151317936529645e-01,2.208956308748012600e-03,-1.579651832989186974e-02,1.814919063708748947e-02,-5.794302277043613990e-06,-1.691641018448707401e-01
9.950000000000007727e-01,1.158241124134242322e-01,1.519861115778416323e-03,-1.570547806316681741e-02,1.825017969587528280e-02,-5.794173246266429215e-06,-1.680524036782509723e-01
1.000000000000000666e+00,1.158296661962092411e-01,8.369721816368408309e-04,-1.561394718966604110e-02,1.834640693585035814e-02,-5.794042558431307835e-06,-1.669395690513326147e-01
1.005000000000000115e+00,1.158318240674943850e-01,1.602545299536223820e-04,-1.552194920871876466e-02,1.843797482134353072e-02,-5.793910310666002569e-06,-1.658257625900468046e-01
1.009999999999999565e+00,1.158306167781848889e-01,-5.103267216432334167e-04,-1.542950711322596362e-02,1.852498386908166955e-02,-5.793776597376158048e-06,-1.647111451588923470e-01
1.014999999999999014e+00,1.158260749050777916e-01,-1.174806360416137934e-03,-1.533664339928916993e-02,1.860753268430210758e-02,-5.793641510348847887e-06,-1.635958739333178424e-01
1.019999999999998463e+00,1.158182288513404101e-01,-1.833219077437828366e-03,-1.524338007566075279e-02,1.868571799620007134e-02,-5.793505138768830942e-06,-1.624801024707709374e-01
1.024999999999997913e+00,1.158071088469940779e-01,-2.485599466542700968e-03,-1.514973867301861420e-02,1.875963469272178691e-02,-5.793367569341347367e-06,-1.613639807804226056e-01
1.029999999999997362e+00,1.157927449494030731e-01,-3.131982023308953027e-03,-1.505574025306918862e-02,1.882937585471532518e-02,-5.793228886275053446e-06,-1.602476553915646307e-01
1.034999999999996811e+00,1.157751670437685010e-01,-3.772401144070655025e-03,-1.496140541748146660e-02,1.889503278945063591e-02,-5.793089171354626714e-06,-1.591312694207513700e-01
1.039999999999996261e+00,1.157544048436270623e-01,-4.406891124959438216e-03,-1.486675431665531767e-02,1.895669506352081618e-02,-5.792948504036967722e-06,-1.580149626376788352e-01
1.044999999999995710e+00,1.157304878913546081e-01,-5.035486160975093106e-03,-1.477180665832701634e-02,1.901445053513587530e-02,-5.792806961417860824e-06,-1.568988715298331449e-01
1.049999999999995159e+00,1.157034455586740812e-01,-5.658220345084506372e-03,-1.467658171601541467e-02,1.906838538582013645e-02,-5.792664618312232240e-06,-1.557831293659202587e-01
1.054999999999994609e+00,1.156733070471680780e-01,-6.275127667348250581e-03,-1.458109833731107037e-02,1.911858415152412061e-02,-5.792521547287555342e-06,-1.546678662581342512e-01
1.059999999999994058e+00,1.156401013887956020e-01,-6.886242014074562580e-03,-1.448537495201173038e-02,1.916512975316219530e-02,-5.792377818807617556e-06,-1.535532092232379797e-01
1.064999999999993507e+00,1.156038574464129665e-01,-7.491597166999893094e-03,-1.438942958010678425e-02,1.920810352658610873e-02,-5.792233501184941677e-06,-1.524392822425127136e-01
1.069999999999992957e+00,1.155646039142987358e-01,-8.091226802495606399e-03,-1.429327983961353916e-02,1.924758525200497006e-02,-5.792088660619073448e-06,-1.513262063205834951e-01
1.074999999999992406e+00,1.155223693186826356e-01,-8.685164490800246356e-03,-1.419694295426803671e-02,1.928365318286181726e-02,-5.791943361261871708e-06,-1.502140995431468506e-01
1.079999999999991855e+00,1.154771820182780850e-01,-9.273443695276904764e-03,-1.410043576107308447e-02,1.931638407417688233e-02,-5.791797665356404010e-06,-1.491030771336186445e-01
1.084999999999991305e+00,1.154290702048185041e-01,-9.856097771695175938e-03,-1.400377471770618623e-02,1.934585321036728922e-02,-5.791651633185227634e-06,-1.479932515087210021e-01
1.089999999999990754e+00,1.153780619035970900e-01,-1.043315996753721789e-02,-1.390697590978992072e-02,1.937213443255301690e-02,-5.791505323092787680e-06,-1.468847323330331744e-01
1.094999999999990203e+00,1.153241849740099800e-01,-1.100466342132733720e-02,-1.381005505802727212e-02,1.939530016535824172e-02,-5.791358791518094750e-06,-1.457776265725195808e-01
1.099999999999989653e+00,1.152674671101027726e-01,-1.157064116198475157e-02,-1.371302752520453180e-02,1.941542144321777019e-02,-5.791212093137355984e-06,-1.446720385470562920e-01
1.104999999999989102e+00,1.152079358411200877e-01,-1.213112610819900954e-02,-1.361590832306409059e-02,1.943256793619742989e-02,-5.791065280838832575e-06,-1.435680699819786299e-01
1.109999999999988551e+00,1.151456185320583886e-01,-1.268615106782755401e-02,-1.351871211904955364e-02,1.944680797533746008e-02,-5.790918405795396615e-06,-1.424658200586625956e-01
1.114999999999988001e+00,1.150805423842215097e-01,-1.323574873731506868e-02,-1.342145324292560310e-02,1.945820857752766225e-02,-5.790771517432800394e-06,-1.413653854641582219e-01
1.119999999999987450e+00,1.150127344357792930e-01,-1.377995170113407997e-02,-1.332414569327483936e-02,1.946683546992295649e-02,-5.790624663554874642e-06,-1.402668604398986385e-01
1.124999999999986899e+00,1.149422215623287225e-01,-1.431879243124646768e-02,-1.322680314387393932e-02,1.947275311390785427e-02,-5.790477890338436173e-06,-1.391703368294948673e-01
1.129999999999986349e+00,1.148690304774578480e-01,-1.485230328658534646e-02,-1.312943894995133309e-02,1.947602472861805281e-02,-5.790331242359446797e-06,-1.380759041256396091e-01
1.134999999999985798e+00,1.147931877333122352e-01,-1.538051651255707350e-02,-1.303206615432856395e-02,1.947671231402757150e-02,-5.790184762718832446e-06,-1.369836495161338430e-01
1.139999999999985247e+00,1.147147197211636910e-01,-1.590346424056282224e-02,-1.293469749344741161e-02,1.947487667360917052e-02,-5.790038492960165123e-06,-1.358936579290483393e-01
1.144999999999984697e+00,1.146336526719815702e-01,-1.642117848753937154e-02,-1.283734540328528712e-02,1.947057743657601425e-02,-5.789892473169384087e-06,-1.348060120770368242e-01
1.149999999999984146e+00,1.145500126570061783e-01,-1.693369115551862647e-02,-1.274002202516028373e-02,1.946387307971218089e-02,-5.789746741973953909e-06,-1.337207925008396525e-01
1.154999999999983595e+00,1.144638255883243250e-01,-1.744103403120576823e-02,-1.264273921142856569e-02,1.945482094880005008e-02,-5.789601336646242296e-06,-1.326380776119498728e-01
1.159999999999983045e+00,1.143751172194469173e-01,-1.794323878557532725e-02,-1.254550853107566470e-02,1.944347727965144157e-02,-5.789456293043556090e-06,-1.315579437344958080e-01
1.164999999999982494e+00,1.142839131458887186e-01,-1.844033697348500256e-02,-1.244834127520390299e-02,1.942989721875017228e-02,-5.789311645746700613e-06,-1.304804651463322140e-01
1.169999999999981943e+00,1.141902388057496748e-01,-1.893236003330676931e-02,-1.235124846241769658e-02,1.941413484351299512e-02,-5.789167427992244981e-06,-1.294057141193683258e-01
1.174999999999981393e+00,1.140941194802983366e-01,-1.941933928657498670e-02,-1.225424084410869398e-02,1.939624318217611151e-02,-5.789023671748230757e-06,-1.283337609591384265e-01
1.179999999999980842e+00,1.139955802945567531e-01,-1.990130593765113143e-02,-1.215732890964261320e-02,1.937627423331409957e-02,-5.788880407802055855e-06,-1.272646740436314539e-01
1.184999999999980291e+00,1.138946462178871827e-01,-2.037829107340480977e-02,-1.206052289144956408e-02,1.935427898499806829e-02,-5.788737665686706438e-06,-1.261985198613957970e-01
1.189999999999979741e+00,1.137913420645802337e-01,-2.085032566291070838e-02,-1.196383277001967019e-02,1.933030743359961945e-02,-5.788595473740265221e-06,-1.251353630489294433e-01
1.194999999999979190e+00,1.136856924944445596e-01,-2.131744055716117484e-02,-1.186726827880566632e-02,1.930440860224725760e-02,-5.788453859234512246e-06,-1.240752664273718914e-01
1.199999999999978639e+00,1.135777220133978721e-01,-2.177966648879410202e-02,-1.177083890903435175e-02,1.927663055894160080e-02,-5.788312848262682006e-06,-1.230182910385059225e-01
1.204999999999978089e+00,1.134674549740593008e-01,-2.223703407183577965e-02,-1.167455391442834625e-02,1.924702043433571680e-02,-5.788172465856547116e-06,-1.219644961800915028e-01
1.209999999999977538e+00,1.133549155763430710e-01,-2.268957380145841807e-02,-1.157842231584006384e-02,1.921562443918668761e-02,-5.788032735989581978e-06,-1.209139394405298606e-01
1.214999999999976987e+00,1.132401278680532503e-01,-2.313731605375203212e-02,-1.148245290579933027e-02,1.918248788148456396e-02,-5.787893681580528794e-06,-1.198666767328874921e-01
1.219999999999976437e+00,1.131231157454796188e-01,-2.358029108551042488e-02,-1.138665425297633559e-02,1.914765518326470156e-02,-5.787755324597655461e-06,-1.188227623282768625e-01
1.224999999999975886e+00,1.130039029539946505e-01,-2.401852903403092765e-02,-1.129103470656146399e-02,1.911116989710914468e-02,-5.787617685990542311e-06,-1.177822488886143548e-01
1.229999999999975335e+00,1.128825130886513123e-01,-2.445205991692763273e-02,-1.119560240056354308e-02,1.907307472234298640e-02,-5.787480785814426555e-06,-1.167451874987641830e-01
1.234999999999974785e+00,1.127589695947819187e-01,-2.488091363195785513e-02,-1.110036525802803736e-02,1.903341152093124267e-02,-5.787344643156964418e-06,-1.157116276980814373e-01
1.239999999999974234e+00,1.126332957685976799e-01,-2.530511995686150067e-02,-1.100533099517659458e-02,1.899222133308178101e-02,-5.787209276207529450e-06,-1.146816175113641034e-01
1.244999999999973683e+00,1.125055147577892073e-01,-2.572470854921312181e-02,-1.091050712546950789e-02,1.894954439255971609e-02,-5.787074702246491632e-06,-1.136552034792227273e-01
1.249999999999973133e+00,1.123756495621274359e-01,-2.613970894628640448e-02,-1.081590096359242442e-02,1.890542014171869151e-02,-5.786940937703064637e-06,-1.126324306878853793e-01
1.254999999999972582e+00,1.122437230340654207e-01,-2.655015056493071832e-02,-1.072151962936873995e-02,1.885988724625405413e-02,-5.786807998226774243e-06,-1.116133427984404014e-01
1.259999999999972031e+00,1.121097578793407573e-01,-2.695606270145964670e-02,-1.062737005159909189e-02,1.881298360968344796e-02,-5.786675898656706797e-06,-1.105979820755334381e-01
1.264999999999971481e+00,1.119737766575782251e-01,-2.735747453155109102e-02,-1.053345897182922548e-02,1.876474638755936536e-02,-5.786544653051992236e-06,-1.095863894155254120e-01
1.269999999999970930e+00,1.118358017828932488e-01,-2.775441511015879631e-02,-1.043979294804757429e-02,1.871521200141901611e-02,-5.786414274680840944e-06,-1.085786043741256007e-01
1.274999999999970379e+00,1.116958555244955548e-01,-2.814691337143505195e-02,-1.034637835831395819e-02,1.866441615247619451e-02,-5.786284776096918168e-06,-1.075746651935010206e-01
1.279999999999969829e+00,1.115539600072932985e-01,-2.853499812866425178e-02,-1.025322140432046239e-02,1.861239383505988720e-02,-5.786156169118326590e-06,-1.065746088288861554e-01
1.284999999999969278e+00,1.114101372124973316e-01,-2.891869807420724414e-02,-1.016032811488598760e-02,1.855917934980439582e-02,-5.786028464866733323e-06,-1.055784709746836608e-01
1.289999999999968727e+00,1.112644089782259399e-01,-2.929804177945603827e-02,-1.006770434938552596e-02,1.850480631659545683e-02,-5.785901673794902710e-06,-1.045862860900840380e-01
1.294999999999968177e+00,1.111167970001095961e-01,-2.967305769479883573e-02,-9.975355801115432658e-03,1.844930768727694875e-02,-5.785775805667088369e-06,-1.035980874242004302e-01
1.299999999999967626e+00,1.109673228318960175e-01,-3.004377414959505041e-02,-9.883288000595919637e-03,1.839271575812255824e-02,-5.785650869632246474e-06,-1.026139070407323245e-01
1.304999999999967075e+00,1.108160078860551401e-01,-3.041021935216013661e-02,-9.791506318811845147e-03,1.833506218207682156e-02,-5.785526874178629715e-06,-1.016337758421689969e-01
1.309999999999966525e+00,1.106628734343843012e-01,-3.077242138976003794e-02,-9.700015970392990988e-03,1.827637798076967024e-02,-5.785403827267340674e-06,-1.006577235935361136e-01
1.314999999999965974e+00,1.105079406086133115e-01,-3.113040822861501411e-02,-9.608822016734965346e-03,1.821669355630880019e-02,-5.785281736272210274e-06,-9.968577894569778663e-02
1.319999999999965423e+00,1.103512304010095951e-01,-3.148420771391270689e-02,-9.517929369061780762e-03,1.815603870285393759e-02,-5.785160607974708806e-06,-9.871796945822211566e-02
1.324999999999964873e+00,1.101927636649831233e-01,-3.183384756983018843e-02,-9.427342791431177552e-03,1.809444261797697046e-02,-5.785040448589840568e-06,-9.775432162181624252e-02
1.329999999999964322e+00,1.100325611156912631e-01,-3.217935539956475605e-02,-9.337066903683882702e-03,1.803193391381194971e-02,-5.784921263806080629e-06,-9.679486088033820157e-02
1.334999999999963771e+00,1.098706433306435165e-01,-3.252075868537348396e-02,-9.247106184337626489e-03,1.796854062799881774e-02,-5.784803058776083721e-06,-9.583961165240181823e-02
1.339999999999963221e+00,1.097070307503058839e-01,-3.285808478862102533e-02,-9.157464973427119001e-03,1.790429023442474329e-02,-5.784685838181973537e-06,-9.488859735256933992e-02
1.344999999999962670e+00,1.095417436787051030e-01,-3.319136094983585888e-02,-9.068147475290921564e-03,1.783920965376673690e-02,-5.784569606158485505e-06,-9.394184041214760639e-02
1.349999999999962119e+00,1.093748022840325823e-01,-3.352061428877443905e-02,-8.979157761306168911e-03,1.777332526383921738e-02,-5.784454366436781123e-06,-9.299936229959648859e-02
1.354999999999961569e+00,1.092062265992478215e-01,-3.384587180449337429e-02,-8.890499772572149975e-03,1.770666290975017251e-02,-5.784340122255910993e-06,-9.206118354054949882e-02
1.359999999999961018e+00,1.090360365226816924e-01,-3.416716037542921747e-02,-8.802177322543654550e-03,1.763924791386945606e-02,-5.784226876446862512e-06,-9.112732373746149084e-02
1.364999999999960467e+00,1.088642518186391517e-01,-3.448450675948592364e-02,-8.714194099615095446e-03,1.757110508561263509e-02,-5.784114631392247883e-06,-9.019780158888288102e-02
1.369999999999959917e+00,1.086908921180014670e-01,-3.479793759412957294e-02,-8.626553669656176343e-03,1.750225873104382934e-02,-5.784003389051213653e-06,-8.927263490837751558e-02
1.374999999999959366e+00,1.085159769188280832e-01,-3.510747939649045551e-02,-8.539259478500170475e-03,1.743273266230092183e-02,-5.783893151023661913e-06,-8.835184064307884111e-02
1.379999999999958815e+00,1.083395255869578494e-01,-3.541315856347210939e-02,-8.452314854385453713e-03,1.736255020684640896e-02,-5.783783918461311830e-06,-8.743543489190165607e-02
1.384999999999958264e+00,1.081615573566097055e-01,-3.571500137186738727e-02,-8.365723010351537592e-03,1.729173421654715131e-02,-5.783675692188187549e-06,-8.652343292340168579e-02
1.389999999999957714e+00,1.079820913309828267e-01,-3.601303397848115706e-02,-8.279487046590001259e-03,1.722030707658589802e-02,-5.783568472683222674e-06,-8.561584919331430288e-02
1.394999999999957163e+00,1.078011464828560473e-01,-3.630728242025966362e-02,-8.193609952751462061e-03,1.714829071420821693e-02,-5.783462260000883965e-06,-8.471269736175193743e-02
1.399999999999956612e+00,1.076187416551866449e-01,-3.659777261442644786e-02,-8.108094610209240494e-03,1.707570660730748160e-02,-5.783357053903200903e-06,-8.381399031007939759e-02
1.404999999999956062e+00,1.074348955617085155e-01,-3.688453035862442747e-02,-8.022943794280692695e-03,1.700257579285102683e-02,-5.783252853882053671e-06,-8.291974015747087534e-02
1.409999999999955511e+00,1.072496267875295145e-01,-3.716758133106427830e-02,-7.938160176406746510e-03,1.692891887515035609e-02,-5.783149659070534539e-06,-8.202995827715962862e-02
1.414999999999954960e+00,1.070629537897280353e-01,-3.744695109067874839e-02,-7.853746326290624719e-03,1.685475603397839500e-02,-5.783047468242040697e-06,-8.114465531237471940e-02
1.419999999999954410e+00,1.068748948979488939e-01,-3.772266507728301577e-02,-7.769704713996504822e-03,1.678010703253654534e-02,-5.782946279975514286e-06,-8.026384119198054501e-02
1.424999999999953859e+00,1.066854683149983524e-01,-3.799474861174062523e-02,-7.686037712008601114e-03,1.670499122527424954e-02,-5.782846092469617773e-06,-7.938752514582729514e-02
1.429999999999953308e+00,1.064946921174382277e-01,-3.826322689613525369e-02,-7.602747597251775791e-03,1.662942756556403529e-02,-5.782746903678898726e-06,-7.851571571979727715e-02
1.434999999999952758e+00,1.063025842561792639e-01,-3.852812501394786704e-02,-7.519836553074038185e-03,1.655343461323438917e-02,-5.782648711343435125e-06,-7.764842079058126290e-02
1.439999999999952207e+00,1.061091625570734498e-01,-3.878946793023929640e-02,-7.437306671192006786e-03,1.647703054196330771e-02,-5.782551512874894184e-06,-7.678564758016442893e-02
1.444999999999951656e+00,1.059144447215054907e-01,-3.904728049183799066e-02,-7.355159953599626349e-03,1.640023314653495448e-02,-5.782455305510224782e-06,-7.592740267005265720e-02
1.449999999999951106e+00,1.057184483269834191e-01,-3.930158742753307732e-02,-7.273398314441099390e-03,1.632305984996221954e-02,-5.782360086289405064e-06,-7.507369201521803259e-02
1.454999999999950555e+00,1.055211908277280258e-01,-3.955241334827230143e-02,-7.192023581848585451e-03,1.624552771047732894e-02,-5.782265851983049921e-06,-7.422452095778481196e-02
1.459999999999950004e+00,1.053226895552614034e-01,-3.979978274736490490e-02,-7.111037499745340336e-03,1.616765342839320344e-02,-5.782172599102485599e-06,-7.337989424045684994e-02
1.464999999999949454e+00,1.051229617189945315e-01,-4.004372000068932153e-02,-7.030441729614932828e-03,1.608945335283777298e-02,-5.782080323930074329e-06,-7.253981601969097803e-02
1.469999999999948903e+00,1.049220244068136271e-01,-4.028424936690547936e-02,-6.950237852237168591e-03,1.601094348836370335e-02,-5.781989022643907737e-06,-7.170428987862058345e-02
1.474999999999948352e+00,1.047198945856655933e-01,-4.052139498767173831e-02,-6.870427369391334492e-03,1.593213950143581442e-02,-5.781898691199565285e-06,-7.087331883973588265e-02
1.479999999999947802e+00,1.045165891021422461e-01,-4.075518088786623389e-02,-6.791011705527359200e-03,1.585305672679841738e-02,-5.781809325368615301e-06,-7.004690537732290168e-02
1.484999999999947251e+00,1.043121246830635424e-01,-4.098563097581260639e-02,-6.711992209405513721e-03,1.577371017372489886e-02,-5.781720920761936340e-06,-6.922505142966668690e-02
1.489999999999946700e+00,1.041065179360595450e-01,-4.121276904350992115e-02,-6.633370155705192207e-03,1.569411453215156099e-02,-5.781633472821056272e-06,-6.840775841102472721e-02
1.494999999999946150e+00,1.038997853501513330e-01,-4.143661876686677292e-02,-6.555146746603414919e-03,1.561428417869797566e-02,-5.781546976747334398e-06,-6.759502722337104585e-02
1.499999999999945599e+00,1.036919432963306353e-01,-4.165720370593945648e-02,-6.477323113323472242e-03,1.553423318257597489e-02,-5.781461427654239339e-06,-6.678685826792254976e-02
1.504999999999945048e+00,1.034830080281383402e-01,-4.187454730517400220e-02,-6.399900317654459193e-03,1.545397531138925813e-02,-5.781376820563392547e-06,-6.598325145643867129e-02
1.509999999999944498e+00,1.032729956822417694e-01,-4.208867289365215980e-02,-6.322879353442056004e-03,1.537352403682568959e-02,-5.781293150240637779e-06,-6.518420622231378692e-02
1.514999999999943947e+00,1.030619222790106343e-01,-4.229960368534103204e-02,-6.246261148051228743e-03,1.529289254024419550e-02,-5.781210411391186483e-06,-6.438972153145332278e-02
1.519999999999943396e+00,1.028498037230918816e-01,-4.250736277934642066e-02,-6.170046563801261097e-03,1.521209371815827535e-02,-5.781128598580461715e-06,-6.359979589294931235e-02
1.524999999999942846e+00,1.026366558039830817e-01,-4.271197316016975970e-02,-6.094236399373702782e-03,1.513114018761809419e-02,-5.781047706234123557e-06,-6.281442736954759298e-02
1.529999999999942295e+00,1.024224941966047076e-01,-4.291345769796849063e-02,-6.018831391193707296e-03,1.505004429149291688e-02,-5.780967728749164259e-06,-6.203361358791949220e-02
1.534999999999941744e+00,1.022073344618709412e-01,-4.311183914881982354e-02,-5.943832214785236927e-03,1.496881810365577499e-02,-5.780888660293701840e-06,-6.125735174873591510e-02
1.539999999999941194e+00,1.019911920472592742e-01,-4.330714015498787067e-02,-5.869239486100619012e-03,1.488747343407222784e-02,-5.780810495000658405e-06,-6.048563863655084805e-02
1.544999999999940643e+00,1.017740822873787199e-01,-4.349938324519387473e-02,-5.795053762825025032e-03,1.480602183379489331e-02,-5.780733226868637811e-06,-5.971847062949329349e-02
1.549999999999940092e+00,1.015560204045365678e-01,-4.368859083488974004e-02,-5.721275545656164842e-03,1.472447459986549190e-02,-5.780656849857777607e-06,-5.895584370878101388e-02
1.554999999999939542e+00,1.013370215093040150e-01,-4.387478522653440877e-02,-5.647905279559787585e-03,1.464284278012622890e-02,-5.780581357798569325e-06,-5.819775346804900718e-02
1.559999999999938991e+00,1.011171006010800760e-01,-4.405798860987346355e-02,-5.574943355001387400e-03,1.456113717794218880e-02,-5.780506744419461593e-06,-5.744419512249842458e-02
1.564999999999938440e+00,1.008962725686543827e-01,-4.423822306222140871e-02,-5.502390109154571898e-03,1.447936835683617633e-02,-5.780433003424294190e-06,-5.669516351787296654e-02
1.569999999999937890e+00,1.006745521907683738e-01,-4.441551054874691429e-02,-5.430245827086492387e-03,1.439754664503787966e-02,-5.780360128431511572e-06,-5.595065313926454037e-02
1.574999999999937339e+00,1.004519541366751673e-01,-4.458987292276071768e-02,-5.358510742920811164e-03,1.431568213994877797e-02,-5.780288112937293228e-06,-5.521065811974796428e-02
1.579999999999936788e+00,1.002284929666978630e-01,-4.476133192600625921e-02,-5.287185040978576236e-03,1.423378471252441727e-02,-5.780216950439032443e-06,-5.447517224885285031e-02
1.584999999999936238e+00,1.000041831327865283e-01,-4.492990918895286429e-02,-5.216268856897438022e-03,1.415186401157554098e-02,-5.780146634357580371e-06,-5.374418898087352653e-02
1.589999999999935687e+00,9.977903897907362818e-02,-4.509562623109145824e-02,-5.145762278729594866e-03,1.406992946798966450e-02,-5.780077158042714476e-06,-5.301770144301830301e-02
1.594999999999935136e+00,9.955307474242794386e-02,-4.525850446123282772e-02,-5.075665348018876775e-03,1.398799029887447427e-02,-5.780008514805507054e-06,-5.229570244340251556e-02
1.599999999999934586e+00,9.932630455300704708e-02,-4.541856517780813035e-02,-5.005978060857331664e-03,1.390605551162450368e-02,-5.779940697945569197e-06,-5.157818447889094687e-02
1.604999999999934035e+00,9.909874243480830402e-02,-4.557582956917186068e-02,-4.936700368921719158e-03,1.382413390791258426e-02,-5.779873700704950180e-06,-5.086513974278638467e-02
1.609999999999933484e+00,9.887040230621822745e-02,-4.573031871390693948e-02,-4.867832180490256309e-03,1.374223408760735961e-02,-5.779807516199249116e-06,-5.015656013237312222e-02
1.614999999999932934e+00,9.864129798056042731e-02,-4.588205358113211368e-02,-4.799373361440018547e-03,1.366036445261828783e-02,-5.779742137605187016e-06,-4.945243725631322945e-02
1.619999999999932383e+00,9.841144316664196534e-02,-4.603105503081138944e-02,-4.731323736225287284e-03,1.357853321066946999e-02,-5.779677558047527044e-06,-4.875276244190400454e-02
1.624999999999931832e+00,9.818085146929811380e-02,-4.617734381406562311e-02,-4.663683088837320377e-03,1.349674837900362474e-02,-5.779613770622548339e-06,-4.805752674219097159e-02
1.629999999999931282e+00,9.794953638993564304e-02,-4.632094057348601357e-02,-4.596451163745701556e-03,1.341501778801744947e-02,-5.779550768335143655e-06,-4.736672094295106550e-02
1.634999999999930731e+00,9.771751132707445775e-02,-4.646186584344964149e-02,-4.529627666821801381e-03,1.333334908482975215e-02,-5.779488544233146082e-06,-4.668033556953257723e-02
1.639999999999930180e+00,9.748478957688773427e-02,-4.660014005043676411e-02,-4.463212266244559641e-03,1.325174973678342090e-02,-5.779427091387414454e-06,-4.599836089356975494e-02
1.644999999999929630e+00,9.725138433374035107e-02,-4.673578351335008069e-02,-4.397204593388999438e-03,1.317022703488265542e-02,-5.779366402810121773e-06,-4.532078693956431703e-02
1.649999999999929079e+00,9.701730869072577867e-02,-4.686881644383566331e-02,-4.331604243697661193e-03,1.308878809716645768e-02,-5.779306471486844207e-06,-4.464760349134445222e-02
1.654999999999928528e+00,9.678257564020144310e-02,-4.699925894660564318e-02,-4.266410777535432734e-03,1.300743987201976801e-02,-5.779247290407051736e-06,-4.397880009839237603e-02
1.659999999999927978e+00,9.654719807432231293e-02,-4.712713101976256924e-02,-4.201623721028005347e-03,1.292618914142322321e-02,-5.779188852505825505e-06,-4.331436608205314898e-02
1.664999999999927427e+00,9.631118878557297369e-02,-4.725245255512531412e-02,-4.137242566884190807e-03,1.284504252414276314e-02,-5.779131150754925728e-06,-4.265429054162574174e-02
1.669999999999926876e+00,9.607456046729802301e-02,-4.737524333855661074e-02,-4.073266775202584282e-03,1.276400647886015947e-02,-5.779074178105240880e-06,-4.199856236032809692e-02
1.674999999999926326e+00,9.583732571423085600e-02,-4.749552305029200450e-02,-4.009695774262653743e-03,1.268308730724551636e-02,-5.779017927540911409e-06,-4.134717021115762170e-02
1.679999999999925775e+00,9.559949702302071584e-02,-4.761331126527033192e-02,-3.946528961300680913e-03,1.260229115697303337e-02,-5.778962392007872339e-06,-4.070010256262907022e-02
1.684999999999925224e+00,9.536108679275825950e-02,-4.772862745346554553e-02,-3.883765703270784450e-03,1.252162402468076814e-02,-5.778907564461651347e-06,-4.005734768440438048e-02
1.689999999999924674e+00,9.512210732549922221e-02,-4.784149098021995422e-02,-3.821405337591305545e-03,1.244109175887568586e-02,-5.778853437875358816e-06,-3.941889365281211338e-02
1.694999999999924123e+00,9.488257082678669407e-02,-4.795192110657867796e-02,-3.759447172876845180e-03,1.236070006278481952e-02,-5.778800005276787884e-06,-3.878472835626044918e-02
1.699999999999923572e+00,9.464248940617146777e-02,-4.805993698962545552e-02,-3.697890489656189845e-03,1.228045449715371371e-02,-5.778747259685638287e-06,-3.815483950054354700e-02
1.704999999999923022e+00,9.440187507773081799e-02,-4.816555768281957639e-02,-3.636734541076425825e-03,1.220036048299294289e-02,-5.778695194058235606e-06,-3.752921461404524345e-02
1.709999999999922471e+00,9.416073976058564332e-02,-4.826880213633400613e-02,-3.575978553593410318e-03,1.212042330427382485e-02,-5.778643801444923536e-06,-3.690784105284272698e-02
1.714999999999921920e+00,9.391909527941577629e-02,-4.836968919739470518e-02,-3.515621727649026994e-03,1.204064811057422267e-02,-5.778593074862235605e-06,-3.629070600570385996e-02
1.719999999999921370e+00,9.367695336497375291e-02,-4.846823761062089148e-02,-3.455663238335251151e-03,1.196103991967521415e-02,-5.778543007359437236e-06,-3.567779649899741751e-02
1.724999999999920819e+00,9.343432565459672268e-02,-4.856446601836644783e-02,-3.396102236045440374e-03,1.188160362010982039e-02,-5.778493592058958864e-06,-3.506909940149736948e-02
1.729999999999920268e+00,9.319122369271676254e-02,-4.865839296106227313e-02,-3.336937847112995525e-03,1.180234397366440244e-02,-5.778444822027813791e-06,-3.446460142909862912e-02
1.734999999999919718e+00,9.294765893136942847e-02,-4.875003687755959797e-02,-3.278169174437685265e-03,1.172326561783378941e-02,-5.778396690351875358e-06,-3.386428914943722529e-02
1.739999999999919167e+00,9.270364273070064165e-02,-4.883941610547419543e-02,-3.219795298099776756e-03,1.164437306823084758e-02,-5.778349190211090924e-06,-3.326814898642246193e-02
1.744999999999918616e+00,9.245918635947172892e-02,-4.892654888153150083e-02,-3.161815275962331223e-03,1.156567072095147919e-02,-5.778302314779437114e-06,-3.267616722467549945e-02
1.749999999999918066e+00,9.221430099556288118e-02,-4.901145334191248787e-02,-3.104228144261745887e-03,1.148716285489570499e-02,-5.778256057258109108e-06,-3.208833001388735479e-02
1.754999999999917515e+00,9.196899772647476601e-02,-4.909414752260044673e-02,-3.047032918186839794e-03,1.140885363404590437e-02,-5.778210410874324635e-06,-3.150462337308462812e-02
1.759999999999916964e+00,9.172328754982850274e-02,-4.917464935972840762e-02,-2.990228592446683448e-03,1.133074710970262758e-02,-5.778165368903991417e-06,-3.092503319481340260e-02
1.764999999999916414e+00,9.147718137386380566e-02,-4.925297668992737604e-02,-2.933814141827361353e-03,1.125284722267913193e-02,-5.778120924628405152e-06,-3.034954524924120961e-02
1.769999999999915863e+00,9.123069001793547572e-02,-4.932914725067521350e-02,-2.877788521737904229e-03,1.117515780545522489e-02,-5.778077071343024777e-06,-2.977814518817639700e-02
1.774999999999915312e+00,9.098382421300799106e-02,-4.940317868064610096e-02,-2.822150668745540547e-03,1.109768258429109575e-02,-5.778033802414807280e-06,-2.921081854900883790e-02
1.779999999999914762e+00,9.073659460214859862e-02,-4.947508852006080038e-02,-2.766899501100542752e-03,1.102042518130210390e-02,-5.777991111236361195e-06,-2.864755075857107480e-02
1.784999999999914211e+00,9.048901174101843525e-02,-4.954489421103726310e-02,-2.712033919250768799e-03,1.094338911649497641e-02,-5.777948991174597769e-06,-2.808832713692519661e-02
1.789999999999913660e+00,9.024108609836194173e-02,-4.961261309794194607e-02,-2.657552806346171782e-03,1.086657780976632570e-02,-5.777907435695027122e-06,-2.753313290107122294e-02
1.794999999999913110e+00,8.999282805649459760e-02,-4.967826242774159295e-02,-2.603455028733415132e-03,1.078999458286415691e-02,-5.777866438319659856e-06,-2.698195316858477411e-02
1.799999999999912559e+00,8.974424791178883809e-02,-4.974185935035548706e-02,-2.549739436440785073e-03,1.071364266131291480e-02,-5.777825992552299604e-06,-2.643477296117951666e-02
1.804999999999912008e+00,8.949535587515818069e-02,-4.980342091900818308e-02,-2.496404863653605040e-03,1.063752517630292896e-02,-5.777786091997189467e-06,-2.589157720819959194e-02
1.809999999999911457e+00,8.924616207253965872e-02,-4.986296409058260659e-02,-2.443450129180273472e-03,1.056164516654477074e-02,-5.777746730277269957e-06,-2.535235075004321076e-02
1.814999999999910907e+00,8.899667654537445072e-02,-4.992050572597361152e-02,-2.390874036909184340e-03,1.048600558008924710e-02,-5.777707901026033070e-06,-2.481707834151376801e-02
1.819999999999910356e+00,8.874690925108671968e-02,-4.997606259044181515e-02,-2.338675376256604127e-03,1.041060927611362624e-02,-5.777669597934311547e-06,-2.428574465510901018e-02
1.824999999999909805e+00,8.849687006356071750e-02,-5.002965135396783558e-02,-2.286852922605741613e-03,1.033545902667473877e-02,-5.777631814756065801e-06,-2.375833428423999860e-02
1.829999999999909255e+00,8.824656877361609919e-02,-5.008128859160679985e-02,-2.235405437737145347e-03,1.026055751842958746e-02,-5.777594545239166077e-06,-2.323483174638704338e-02
1.834999999999908704e+00,8.799601508948147466e-02,-5.013099078384309487e-02,-2.184331670250590565e-03,1.018590735432397913e-02,-5.777557783242526946e-06,-2.271522148619140383e-02
1.839999999999908153e+00,8.774521863726618409e-02,-5.017877431694543755e-02,-2.133630355978626859e-03,1.011151105524992280e-02,-5.777521522620398368e-06,-2.219948787848499000e-02
1.844999999999907603e+00,8.749418896143031088e-02,-5.022465548332208374e-02,-2.083300218391921903e-03,1.003737106167220186e-02,-5.777485757314261143e-06,-2.168761523125779106e-02
1.849999999999907052e+00,8.724293552525284878e-02,-5.026865048187626611e-02,-2.033339968996570810e-03,9.963489735224788021e-03,-5.777450481231991736e-06,-2.117958778856625021e-02
1.854999999999906501e+00,8.699146771129825928e-02,-5.031077541836181249e-02,-1.983748307723512058e-03,9.889869360277657451e-03,-5.777415688408159022e-06,-2.067538973338173269e-02
1.859999999999905951e+00,8.673979482188096113e-02,-5.035104630573885437e-02,-1.934523923310190732e-03,9.816512145474456594e-03,-5.777381372882530963e-06,-2.017500519038151890e-02
1.864999999999905400e+00,8.648792607952840439e-02,-5.038947906452973663e-02,-1.885665493674636021e-03,9.743420225241791396e-03,-5.777347528727234722e-06,-1.967841822868331148e-02
1.869999999999904849e+00,8.623587062744203502e-02,-5.042608952317487875e-02,-1.837171686282041685e-03,9.670595661270244003e-03,-5.777314150098878836e-06,-1.918561286452192399e-02
1.874999999999904299e+00,8.598363752995669129e-02,-5.046089341838886494e-02,-1.789041158504079332e-03,9.598040443968180319e-03,-5.777281231180019846e-06,-1.869657306387353599e-02
1.879999999999903748e+00,8.573123577299816833e-02,-5.049390639551645105e-02,-1.741272557970977453e-03,9.525756493888332815e-03,-5.777248766201112314e-06,-1.821128274502524166e-02
1.884999999999903197e+00,8.547867426453890916e-02,-5.052514400888864082e-02,-1.693864522916565087e-03,9.453745663128025958e-03,-5.777216749442861031e-06,-1.772972578109181449e-02
1.889999999999902647e+00,8.522596183505204426e-02,-5.055462172217878997e-02,-1.646815682516393053e-03,9.382009736703434549e-03,-5.777185175257176612e-06,-1.725188600248047516e-02
1.894999999999902096e+00,8.497310723796364096e-02,-5.058235490875857138e-02,-1.600124657219062886e-03,9.310550433898123063e-03,-5.777154037964834437e-06,-1.677774719930410011e-02
1.899999999999901545e+00,8.472011915010305150e-02,-5.060835885205405144e-02,-1.553790059070884024e-03,9.239369409586771498e-03,-5.777123332002462816e-06,-1.630729312374659679e-02
1.904999999999900995e+00,8.446700617215162354e-02,-5.063264874590160669e-02,-1.507810492033989560e-03,9.168468255534202235e-03,-5.777093051860244564e-06,-1.584050749237762845e-02
1.909999999999900444e+00,8.421377682908952333e-02,-5.065523969490368095e-02,-1.462184552298028762e-03,9.097848501670190158e-03,-5.777063192069086146e-06,-1.537737398841909457e-02
1.914999999999899893e+00,8.396043957064082408e-02,-5.067614671478459787e-02,-1.416910828585559714e-03,9.027511617340741243e-03,-5.777033747185186432e-06,-1.491787626396622740e-02
1.919999999999899343e+00,8.370700277171685966e-02,-5.069538473274613072e-02,-1.371987902451250524e-03,8.957459012536106782e-03,-5.777004711835085294e-06,-1.446199794216081538e-02
1.924999999999898792e+00,8.345347473285776030e-02,-5.071296858782290556e-02,-1.327414348575017876e-03,8.887692039095751798e-03,-5.776976080683342526e-06,-1.400972261931796199e-02
1.929999999999898241e+00,8.319986368067217031e-02,-5.072891303123770040e-02,-1.283188735049200753e-03,8.818211991891221346e-03,-5.776947848440859943e-06,-1.356103386701223990e-02
1.934999999999897691e+00,8.294617776827525879e-02,-5.074323272675657082e-02,-1.239309623659889427e-03,8.749020109986866550e-03,-5.776920009907988578e-06,-1.311591523411562328e-02
1.939999999999897140e+00,8.269242507572492629e-02,-5.075594225104367724e-02,-1.195775570162516642e-03,8.680117577778973317e-03,-5.776892559863339517e-06,-1.267435024879481203e-02
1.944999999999896589e+00,8.243861361045622116e-02,-5.076705609401590408e-02,-1.152585124551817669e-03,8.611505526113720499e-03,-5.776865493170274575e-06,-1.223632242046631367e-02
1.949999999999896039e+00,8.218475130771403514e-02,-5.077658865919733311e-02,-1.109736831326260491e-03,8.543185033384401161e-03,-5.776838804737382045e-06,-1.180181524170951894e-02
1.954999999999895488e+00,8.193084603098395313e-02,-5.078455426407336992e-02,-1.067229229747056500e-03,8.475157126608214020e-03,-5.776812489520991537e-06,-1.137081219013956479e-02
1.959999999999894937e+00,8.167690557242145155e-02,-5.079096714044457200e-02,-1.025060854091842119e-03,8.407422782482930346e-03,-5.776786542529837741e-06,-1.094329673024000901e-02
1.964999999999894387e+00,8.142293765327913990e-02,-5.079584143478024783e-02,-9.832302339031417319e-04,8.339982928424003600e-03,-5.776760958887827267e-06,-1.051925231515672687e-02
1.969999999999893836e+00,8.116894992433246192e-02,-5.079919120857171594e-02,-9.417358942317012420e-04,8.272838443582331697e-03,-5.776735733689997298e-06,-1.009866238845375484e-02
1.974999999999893285e+00,8.091494996630343994e-02,-5.080103043868521018e-02,-9.005763558747893185e-04,8.205990159843102108e-03,-5.776710862062837047e-06,-9.681510385830760512e-03
1.979999999999892735e+00,8.066094529028274007e-02,-5.080137301771450731e-02,-8.597501356095613948e-04,8.139438862806026853e-03,-5.776686339228552989e-06,-9.267779736803438001e-03
1.984999999999892184e+00,8.040694333815004424e-02,-5.080023275433308283e-02,-8.192557464215802134e-04,8.073185292747218911e-03,-5.776662160442858531e-06,-8.857453866348324184e-03
1.989999999999891633e+00,8.015295148299247940e-02,-5.079762337364598923e-02,-7.790916977285769398e-04,8.007230145563332818e-03,-5.776638321019544737e-06,-8.450516196512486769e-03
1.994999999999891083e+00,7.989897702952149239e-02,-5.079355851754132484e-02,-7.392564955995463037e-04,7.941574073698024969e-03,-5.776614816315366727e-06,-8.046950147986786650e-03
1.999999999999890532e+00,7.964502721448779576e-02,-5.078805174504128633e-02,-6.997486429692660820e-04,7.876217687051141267e-03,-5.776591641759146877e-06,-7.646739141645090242e-03
2.004999999999890203e+00,7.939110920709467611e-02,-5.078111653265277026e-02,-6.605666398483133481e-04,7.811161553870957404e-03,-5.776568792784704209e-06,-7.249866600051756323e-03
2.009999999999889653e+00,7.913723010940955371e-02,-5.077276627471765530e-02,-6.217089835286771253e-04,7.746406201629886350e-03,-5.776546264937491607e-06,-6.856315948933681612e-03
2.014999999999889102e+00,7.888339695677365482e-02,-5.076301428376241154e-02,-5.831741687850399780e-04,7.681952117883615767e-03,-5.776524053785072055e-06,-6.466070618620560137e-03
2.019999999999888551e+00,7.862961671821010190e-02,-5.075187379084749456e-02,-5.449606880718106151e-04,7.617799751114512352e-03,-5.776502154916252124e-06,-6.079114045455800627e-03
2.024999999999888001e+00,7.837589629683018588e-02,-5.073935794591614284e-02,-5.070670317159886023e-04,7.553949511559143910e-03,-5.776480563938599318e-06,-5.695429673172294066e-03
2.029999999999887450e+00,7.812224253023784815e-02,-5.072547981814271023e-02,-4.694916881059376756e-04,7.490401772020372807e-03,-5.776459276523327195e-06,-5.315000954239717905e-03
2.034999999999886899e+00,7.786866219093256658e-02,-5.071025239628048492e-02,-4.322331438761452846e-04,7.427156868664280126e-03,-5.776438288442678323e-06,-4.937811351182238087e-03
2.039999999999886349e+00,7.761516198671032651e-02,-5.069368858900902275e-02,-3.952898840880419268e-04,7.364215101802276155e-03,-5.776417595498754873e-06,-4.563844337865584529e-03
2.044999999999885798e+00,7.736174856106298181e-02,-5.067580122528091841e-02,-3.586603924069535140e-04,7.301576736658529042e-03,-5.776397193520688687e-06,-4.193083400755870556e-03
2.049999999999885247e+00,7.710842849357583961e-02,-5.065660305466806318e-02,-3.223431512752611980e-04,7.239242004123134025e-03,-5.776377078374536312e-06,-3.825512040149571698e-03
2.054999999999884697e+00,7.685520830032352424e-02,-5.063610674770743086e-02,-2.863366420818369085e-04,7.177211101491188031e-03,-5.776357246020750189e-06,-3.461113771375764949e-03
2.059999999999884146e+00,7.660209443426406473e-02,-5.061432489624607262e-02,-2.506393453278264846e-04,7.115484193187956996e-03,-5.776337692445693496e-06,-3.099872125971369664e-03
2.064999999999883595e+00,7.634909328563141417e-02,-5.059127001378582733e-02,-2.152497407888465369e-04,7.054061411480634647e-03,-5.776318413687356071e-06,-2.741770652829696696e-03
2.069999999999883045e+00,7.609621118232601233e-02,-5.056695453582729649e-02,-1.801663076736637233e-04,6.992942857176760382e-03,-5.776299405823234214e-06,-2.386792919321828726e-03
2.074999999999882494e+00,7.584345439030382163e-02,-5.054139082021322921e-02,-1.453875247794213840e-04,6.932128600309517448e-03,-5.776280664958584035e-06,-2.034922512392602946e-03
2.079999999999881943e+00,7.559082911396358684e-02,-5.051459114747133827e-02,-1.109118706434784098e-04,6.871618680810253135e-03,-5.776262187218710070e-06,-1.686143039631466051e-03
2.084999999999881393e+00,7.533834149653237389e-02,-5.048656772115649172e-02,-7.673782369192314772e-05,6.811413109168389275e-03,-5.776243968840158535e-06,-1.340438130317799306e-03
2.089999999999880842e+00,7.508599762044933235e-02,-5.045733266819227292e-02,-4.286386238482602529e-05,6.751511867079006655e-03,-5.776226006058910677e-06,-9.977914364428430629e-04
2.094999999999880291e+00,7.483380350774791745e-02,-5.042689803921193703e-02,-9.288465358290288356e-06,6.691914908078282036e-03,-5.776208295238089085e-06,-6.581866337069683598e-04
2.099999999999879741e+00,7.458176512043633577e-02,-5.039527580889869435e-02,2.398988843663834143e-05,6.632622158167027562e-03,-5.776190832697973416e-06,-3.216074224936867499e-04
2.104999999999879190e+00,7.432988836087614515e-02,-5.036247787632534834e-02,5.697271959814411606e-05,6.573633516422563300e-03,-5.776173614783817251e-06,1.196247118003612965e-05
2.109999999999878639e+00,7.407817907215939746e-02,-5.032851606529328836e-02,8.966154814083844495e-05,6.514948855599095486e-03,-5.776156637875289118e-06,3.425392947347660473e-04
2.114999999999878089e+00,7.382664303848389398e-02,-5.029340212467080240e-02,1.220578933659251415e-04,6.456568022716852040e-03,-5.776139898497205957e-06,6.701392681231698682e-04
2.119999999999877538e+00,7.357528598552691423e-02,-5.025714772873069586e-02,1.541632737342775352e-04,6.398490839640164421e-03,-5.776123393168719754e-06,9.947785829451305170e-04
2.124999999999876987e+00,7.332411358081715458e-02,-5.021976447748726508e-02,1.859792067423734542e-04,6.340717103644693577e-03,-5.776107118527566258e-06,1.316473401585788357e-03
2.129999999999876437e+00,7.307313143410494594e-02,-5.018126389703252144e-02,2.175072088010338120e-04,6.283246587974047198e-03,-5.776091071149518219e-06,1.635239856372656302e-03
2.134999999999875886e+00,7.282234509773091724e-02,-5.014165743987177709e-02,2.487487951169130361e-04,6.226079042385890619e-03,-5.776075247641786012e-06,1.951094048755147711e-03
2.139999999999875335e+00,7.257176006699289639e-02,-5.010095648525843270e-02,2.797054795766888463e-04,6.169214193687821111e-03,-5.776059644684541740e-06,2.264052048502693520e-03
2.144999999999874785e+00,7.232138178051120136e-02,-5.005917233952813378e-02,3.103787746339005242e-04,6.112651746263199869e-03,-5.776044259037089014e-06,2.574129892923995681e-03
2.149999999999874234e+00,7.207121562059215503e-02,-5.001631623643216368e-02,3.407701911983872060e-04,6.056391382587052695e-03,-5.776029087435378750e-06,2.881343586105162852e-03
2.154999999999873683e+00,7.182126691359004556e-02,-4.997239933747007340e-02,3.708812385282756244e-04,6.000432763732281398e-03,-5.776014126713270400e-06,3.185709098166224391e-03
2.159999999999873133e+00,7.157154093026742159e-02,-4.992743273222161743e-02,4.007134241244707023e-04,5.944775529866384509e-03,-5.775999373755580919e-06,3.487242364537584786e-03
2.164999999999872582e+00,7.132204288615358323e-02,-4.988142743867787776e-02,4.302682536276005104e-04,5.889419300738758453e-03,-5.775984825452688033e-06,3.785959285254393656e-03
2.169999999999872031e+00,7.107277794190165754e-02,-4.983439440357173567e-02,4.595472307173710806e-04,5.834363676158902702e-03,-5.775970478722336256e-06,4.081875724268132881e-03
2.174999999999871481e+00,7.082375120364382826e-02,-4.978634450270751077e-02,4.885518570142838041e-04,5.779608236465597418e-03,-5.775956330549668513e-06,4.375007508777341639e-03
2.179999999999870930e+00,7.057496772334501123e-02,-4.973728854128978832e-02,5.172836319836741610e-04,5.725152542987154217e-03,-5.775942377967516532e-06,4.665370428574658682e-03
2.184999999999870379e+00,7.032643249915486450e-02,-4.968723725425154558e-02,5.457440528420215821e-04,5.670996138493064435e-03,-5.775928618013070025e-06,4.952980235411263456e-03
2.189999999999869829e+00,7.007815047575807754e-02,-4.963620130658150109e-02,5.739346144654956404e-04,5.617138547637113427e-03,-5.775915047821484839e-06,5.237852642377109277e-03
2.194999999999869278e+00,6.983012654472324499e-02,-4.958419129365057576e-02,6.018568093006899456e-04,5.563579277392119611e-03,-5.775901664473413642e-06,5.520003323298211875e-03
2.199999999999868727e+00,6.958236554484992231e-02,-4.953121774153770862e-02,6.295121272775075841e-04,5.510317817476497772e-03,-5.775888465103766642e-06,5.799447912150961643e-03
2.204999999999868177e+00,6.933487226251407176e-02,-4.947729110735474972e-02,6.569020557241508863e-04,5.457353640772709055e-03,-5.775875446950957239e-06,6.076202002491138537e-03
2.209999999999867626e+00,6.908765143201195391e-02,-4.942242177957059668e-02,6.840280792841838637e-04,5.404686203737818842e-03,-5.775862607258962992e-06,6.350281146897771879e-03
2.214999999999867075e+00,6.884070773590238168e-02,-4.936662007833451937e-02,7.108916798356199355e-04,5.352314946806306477e-03,-5.775849943338107011e-06,6.621700856433303944e-03
2.219999999999866525e+00,6.859404580534729512e-02,-4.930989625579865199e-02,7.374943364120048039e-04,5.300239294785209256e-03,-5.775837452513580373e-06,6.890476600118407638e-03
2.224999999999865974e+00,6.834767022045085128e-02,-4.925226049643970788e-02,7.638375251254490503e-04,5.248458657241878225e-03,-5.775825132146200363e-06,7.156623804420616033e-03
2.229999999999865423e+00,6.810158551059677934e-02,-4.919372291737978548e-02,7.899227190915781432e-04,5.196972428884265999e-03,-5.775812979565444046e-06,7.420157852758714478e-03
2.234999999999864873e+00,6.785579615478422311e-02,-4.913429356870642473e-02,8.157513883563626694e-04,5.145779989934049295e-03,-5.775800992178728223e-06,7.681094085020126645e-03
2.239999999999864322e+00,6.761030658196191812e-02,-4.907398243379176850e-02,8.413249998247934432e-04,5.094880706492687684e-03,-5.775789167495823463e-06,7.939447797091457593e-03
2.244999999999863771e+00,6.736512117136086997e-02,-4.901279942961090513e-02,8.666450171913635475e-04,5.044273930900536503e-03,-5.775777503034120243e-06,8.195234240403699577e-03
2.249999999999863221e+00,6.712024425282531181e-02,-4.895075440705939224e-02,8.917129008723272739e-04,4.993959002089122350e-03,-5.775765996343203070e-06,8.448468621490790031e-03
2.254999999999862670e+00,6.687568010714221856e-02,-4.888785715126982290e-02,9.165301079396984477e-04,4.943935245926688732e-03,-5.775754644942661317e-06,8.699166101559883263e-03
2.259999999999862119e+00,6.663143296636911406e-02,-4.882411738192773965e-02,9.410980920569604917e-04,4.894201975557340573e-03,-5.775743446475181118e-06,8.947341796075746270e-03
2.264999999999861569e+00,6.638750701416040734e-02,-4.875954475358648676e-02,9.654183034164462700e-04,4.844758491733482282e-03,-5.775732398559282753e-06,9.193010774357605538e-03
2.269999999999861018e+00,6.614390638609203565e-02,-4.869414885598125076e-02,9.894921886783680873e-04,4.795604083142066335e-03,-5.775721498868018487e-06,9.436188059186972898e-03
2.274999999999860467e+00,6.590063516998474757e-02,-4.862793921434230282e-02,1.013321190911453066e-03,4.746738026724601177e-03,-5.775710745057055230e-06,9.676888626428174767e-03
2.279999999999859916e+00,6.565769740622555417e-02,-4.856092528970729766e-02,1.036906749535166554e-03,4.698159587991070259e-03,-5.775700134883819892e-06,9.915127404661367924e-03
2.284999999999859366e+00,6.541509708808779244e-02,-4.849311647923273266e-02,1.060250300263482909e-03,4.649868021327816826e-03,-5.775689666153860171e-06,1.015091927482605558e-02
2.289999999999858815e+00,6.517283816204963443e-02,-4.842452211650454669e-02,1.083353275050178604e-03,4.601862570299659026e-03,-5.775679336623439152e-06,1.038427906987616882e-02
2.294999999999858264e+00,6.493092452811098647e-02,-4.835515147184777512e-02,1.106217102035620889e-03,4.554142467946075724e-03,-5.775669144170303929e-06,1.061522157444773524e-02
2.299999999999857714e+00,6.468936004010886198e-02,-4.828501375263537232e-02,1.128843205495011666e-03,4.506706937071804780e-03,-5.775659086602639858e-06,1.084376152453547966e-02
2.304999999999857163e+00,6.444814850603121370e-02,-4.821411810359605560e-02,1.151233005788088312e-03,4.459555190531864187e-03,-5.775649161808342335e-06,1.106991360718022170e-02
2.309999999999856612e+00,6.420729368832923944e-02,-4.814247360712139989e-02,1.173387919310202743e-03,4.412686431511119237e-03,-5.775639367740889973e-06,1.129369246016893522e-02
2.314999999999856062e+00,6.396679930422814742e-02,-4.807008928357196786e-02,1.195309358444806907e-03,4.366099853798579601e-03,-5.775629702308583189e-06,1.151511267174214898e-02
2.319999999999855511e+00,6.372666902603638106e-02,-4.799697409158248246e-02,1.216998731517283331e-03,4.319794642056227693e-03,-5.775620163515852171e-06,1.173418878031435263e-02
2.324999999999854960e+00,6.348690648145335902e-02,-4.792313692836615291e-02,1.238457442750108377e-03,4.273769972082836280e-03,-5.775610749416401553e-06,1.195093527420182725e-02
2.329999999999854410e+00,6.324751525387566076e-02,-4.784858663001812645e-02,1.259686892219311332e-03,4.228025011072662591e-03,-5.775601458039133998e-06,1.216536659136186783e-02
2.334999999999853859e+00,6.300849888270165788e-02,-4.777333197181796165e-02,1.280688475812222834e-03,4.182558917869181117e-03,-5.775592287432642296e-06,1.237749711913997339e-02
2.339999999999853308e+00,6.276986086363478545e-02,-4.769738166853125516e-02,1.301463585186469476e-03,4.137370843213974796e-03,-5.775583235733523420e-06,1.258734119402778878e-02
2.344999999999852758e+00,6.253160464898510629e-02,-4.762074437471031790e-02,1.322013607730200720e-03,4.092459929990725602e-03,-5.775574301061445543e-06,1.279491310143064144e-02
2.349999999999852207e+00,6.229373364796957774e-02,-4.754342868499392138e-02,1.342339926523521869e-03,4.047825313464517918e-03,-5.775565481550445903e-06,1.300022707544180520e-02
2.354999999999851656e+00,6.205625122701062535e-02,-4.746544313440619056e-02,1.362443920301108398e-03,4.003466121516627285e-03,-5.775556775403838023e-06,1.320329729862700953e-02
2.359999999999851106e+00,6.181916071003337038e-02,-4.738679619865449055e-02,1.382326963415981451e-03,3.959381474874611520e-03,-5.775548180842887443e-06,1.340413790181800222e-02
2.364999999999850555e+00,6.158246537876131688e-02,-4.730749629442648763e-02,1.401990425804421764e-03,3.915570487338119673e-03,-5.775539696086537984e-06,1.360276296391304228e-02
2.369999999999850004e+00,6.134616847301053999e-02,-4.722755177968619017e-02,1.421435672951995534e-03,3.872032266000155140e-03,-5.775531319429837684e-06,1.379918651168797646e-02
2.374999999999849454e+00,6.111027319098246563e-02,-4.714697095396915005e-02,1.440664065860676642e-03,3.828765911464169364e-03,-5.775523049178083681e-06,1.399342251961268116e-02
2.379999999999848903e+00,6.087478268955506810e-02,-4.706576205867663704e-02,1.459676961017041582e-03,3.785770518056880748e-03,-5.775514883590375933e-06,1.418548490967772892e-02
2.384999999999848352e+00,6.063970008457271466e-02,-4.698393327736899439e-02,1.478475710361513680e-03,3.743045174036999188e-03,-5.775506821027156811e-06,1.437538755122778206e-02
2.389999999999847802e+00,6.040502845113445568e-02,-4.690149273605798835e-02,1.497061661258639259e-03,3.700588961799827596e-03,-5.775498859900178552e-06,1.456314426080315347e-02
2.394999999999847251e+00,6.017077082388089942e-02,-4.681844850349822784e-02,1.515436156468380133e-03,3.658400958077957267e-03,-5.775490998597525599e-06,1.474876880198746146e-02
2.399999999999846700e+00,5.993693019727961563e-02,-4.673480859147766814e-02,1.533600534118388387e-03,3.616480234137946920e-03,-5.775483235516650579e-06,1.493227488526565304e-02
2.404999999999846150e+00,5.970350952590914445e-02,-4.665058095510719177e-02,1.551556127677262368e-03,3.574825855973295507e-03,-5.775475569081081182e-06,1.511367616788530238e-02
2.409999999999845599e+00,5.947051172474146497e-02,-4.656577349310921793e-02,1.569304265928745485e-03,3.533436884493498884e-03,-5.775467997798404647e-06,1.529298625372917109e-02
2.414999999999845048e+00,5.923793966942308281e-02,-4.648039404810538899e-02,1.586846272946869580e-03,3.492312375709505628e-03,-5.775460520167240676e-06,1.547021869319048677e-02
2.419999999999844498e+00,5.900579619655470232e-02,-4.639445040690329952e-02,1.604183468072010966e-03,3.451451380915489600e-03,-5.775453134734026520e-06,1.564538698305824316e-02
2.424999999999843947e+00,5.877408410396941368e-02,-4.630795030078230234e-02,1.621317165887838129e-03,3.410852946867085414e-03,-5.775445839981686362e-06,1.581850456640789687e-02
2.429999999999843396e+00,5.854280615100947160e-02,-4.622090140577838485e-02,1.638248676199151495e-03,3.370516115956107613e-03,-5.775438634450188662e-06,1.598958483249858509e-02
2.434999999999842846e+00,5.831196505880167219e-02,-4.613331134296804609e-02,1.654979304010579079e-03,3.330439926381784793e-03,-5.775431516782883100e-06,1.615864111667655867e-02
2.439999999999842295e+00,5.808156351053130051e-02,-4.604518767875130647e-02,1.671510349506116506e-03,3.290623412318732007e-03,-5.775424485557661499e-06,1.632568670028534258e-02
2.444999999999841744e+00,5.785160415171466258e-02,-4.595653792513366281e-02,1.687843108029503164e-03,3.251065604081488855e-03,-5.775417539442379047e-06,1.649073481058186547e-02
2.449999999999841194e+00,5.762208959047022266e-02,-4.586736954000721761e-02,1.703978870065408048e-03,3.211765528285886497e-03,-5.775410677086091038e-06,1.665379862065850813e-02
2.454999999999840643e+00,5.739302239778832498e-02,-4.577768992743076748e-02,1.719918921221408586e-03,3.172722208007173767e-03,-5.775403897181889164e-06,1.681489124937148374e-02
2.459999999999840092e+00,5.716440510779950690e-02,-4.568750643790896876e-02,1.735664542210758323e-03,3.133934662935023829e-03,-5.775397198410733059e-06,1.697402576127373872e-02
2.464999999999839542e+00,5.693624021804145202e-02,-4.559682636867059408e-02,1.751217008835917683e-03,3.095401909525497246e-03,-5.775390579468567223e-06,1.713121516655519497e-02
2.469999999999838991e+00,5.670853018972452780e-02,-4.550565696394574811e-02,1.766577591972828256e-03,3.057122961149909886e-03,-5.775384039077323968e-06,1.728647242098744000e-02
2.474999999999838440e+00,5.648127744799595618e-02,-4.541400541524224371e-02,1.781747557555936725e-03,3.019096828240815100e-03,-5.775377576060377970e-06,1.743981042587389521e-02
2.479999999999837890e+00,5.625448438220260333e-02,-4.532187886162091645e-02,1.796728166563926754e-03,2.981322518435023002e-03,-5.775371189162651711e-06,1.759124202800582334e-02
2.484999999999837339e+00,5.602815334615238174e-02,-4.522928438997007167e-02,1.811520675006162784e-03,2.943799036713771328e-03,-5.775364877202374989e-06,1.774078001962362677e-02
2.489999999999836788e+00,5.580228665837427826e-02,-4.513622903527893249e-02,1.826126333909827704e-03,2.906525385540120309e-03,-5.775358638973837059e-06,1.788843713838168120e-02
2.494999999999836238e+00,5.557688660237705691e-02,-4.504271978091011625e-02,1.840546389307732515e-03,2.869500564993538155e-03,-5.775352473354927637e-06,1.803422606732064601e-02
2.499999999999835687e+00,5.535195542690657389e-02,-4.494876355887124364e-02,1.854782082226803406e-03,2.832723572901838915e-03,-5.775346379176980120e-06,1.817815943484266811e-02
2.504999999999835136e+00,5.512749534620171171e-02,-4.485436725008550007e-02,1.868834648677203955e-03,2.796193404970438896e-03,-5.775340355332607348e-06,1.832024981469204325e-02
2.509999999999834586e+00,5.490350854024903665e-02,-4.475953768466125332e-02,1.882705319642110665e-03,2.759909054908997548e-03,-5.775334400702766144e-06,1.846050972594099476e-02
2.514999999999834035e+00,5.467999715503601976e-02,-4.466428164216079688e-02,1.896395321068102815e-03,2.723869514555540827e-03,-5.775328514246899400e-06,1.859895163297952889e-02
2.519999999999833484e+00,5.445696330280298814e-02,-4.456860585186804558e-02,1.909905873856176592e-03,2.688073773998021516e-03,-5.775322694833641304e-06,1.873558794550983161e-02
2.524999999999832934e+00,5.423440906229374386e-02,-4.447251699305532213e-02,1.923238193853344042e-03,2.652520821693453087e-03,-5.775316941416008311e-06,1.887043101854530072e-02
2.529999999999832383e+00,5.401233647900476054e-02,-4.437602169524917234e-02,1.936393491844839608e-03,2.617209644584617568e-03,-5.775311252983911936e-06,1.900349315241372725e-02
2.534999999999831832e+00,5.379074756543315849e-02,-4.427912653849525038e-02,1.949372973546882647e-03,2.582139228214376872e-03,-5.775305628543591103e-06,1.913478659276507746e-02
2.539999999999831282e+00,5.356964430132333393e-02,-4.418183805362219108e-02,1.962177839600022598e-03,2.547308556837664384e-03,-5.775300067072582178e-06,1.926432353058222038e-02
2.544999999999830731e+00,5.334902863391219330e-02,-4.408416272250462870e-02,1.974809285563026463e-03,2.512716613531217058e-03,-5.775294567629452932e-06,1.939211610219753606e-02
2.549999999999830180e+00,5.312890247817319417e-02,-4.398610697832513322e-02,1.987268501907306882e-03,2.478362380301012916e-03,-5.775289129243027575e-06,1.951817638931183096e-02
2.554999999999829630e+00,5.290926771705901227e-02,-4.388767720583530013e-02,1.999556674011893596e-03,2.444244838187524960e-03,-5.775283750963028313e-06,1.964251641901812798e-02
2.559999999999829079e+00,5.269012620174289008e-02,-4.378887974161582708e-02,2.011674982158907776e-03,2.410362967368814922e-03,-5.775278431848761532e-06,1.976514816382923465e-02
2.564999999999828528e+00,5.247147975185872948e-02,-4.368972087433566770e-02,2.023624601529558278e-03,2.376715747261490264e-03,-5.775273171018777642e-06,1.988608354170825349e-02
2.569999999999827978e+00,5.225333015573987300e-02,-4.359020684501019316e-02,2.035406702200627960e-03,2.343302156619573445e-03,-5.775267967590100699e-06,2.000533441610325910e-02
2.574999999999827427e+00,5.203567917065662907e-02,-4.349034384725843083e-02,2.047022449141453967e-03,2.310121173631321610e-03,-5.775262820664367559e-06,2.012291259598577089e-02
2.579999999999826876e+00,5.181852852305242341e-02,-4.339013802755935234e-02,2.058473002211385055e-03,2.277171776014070420e-03,-5.775257729357860278e-06,2.023882983589208456e-02
2.584999999999826326e+00,5.160187990877879161e-02,-4.328959548550721792e-02,2.069759516157700791e-03,2.244452941107052176e-03,-5.775252692814001541e-06,2.035309783596901331e-02
2.589999999999825775e+00,5.138573499332899780e-02,-4.318872227406588687e-02,2.080883140613999996e-03,2.211963645962285348e-03,-5.775247710231065347e-06,2.046572824202140192e-02
2.594999999999825224e+00,5.117009541207046680e-02,-4.308752439982230925e-02,2.091845020099030675e-03,2.179702867433601886e-03,-5.775242780773488422e-06,2.057673264556458825e-02
2.599999999999824674e+00,5.095496277047587008e-02,-4.298600782323895586e-02,2.102646294015950591e-03,2.147669582263763734e-03,-5.775237903648448773e-06,2.068612258387902622e-02
2.604999999999824123e+00,5.074033864435301133e-02,-4.288417845890534624e-02,2.113288096652046668e-03,2.115862767169757012e-03,-5.775233078020533900e-06,2.079390954006773984e-02
2.609999999999823572e+00,5.052622458007345607e-02,-4.278204217578863988e-02,2.123771557178842119e-03,2.084281398926300308e-03,-5.775228303146991621e-06,2.090010494311837427e-02
2.614999999999823022e+00,5.031262209479987063e-02,-4.267960479748322822e-02,2.134097799652636372e-03,2.052924454447572697e-03,-5.775223578258526285e-06,2.100472016796654101e-02
2.619999999999822471e+00,5.009953267671213295e-02,-4.257687210245944542e-02,2.144267943015441390e-03,2.021790910867218329e-03,-5.775218902606187972e-06,2.110776653556308002e-02
2.624999999999821920e+00,4.988695778523224295e-02,-4.247384982431125222e-02,2.154283101096310903e-03,1.990879745616610207e-03,-5.775214275485889862e-06,2.120925531294360830e-02
2.629999999999821370e+00,4.967489885124794224e-02,-4.237054365200303846e-02,2.164144382613067755e-03,1.960189936501504152e-03,-5.775209696121003539e-06,2.130919771330098619e-02
2.634999999999820819e+00,4.946335727733513349e-02,-4.226695923011546119e-02,2.173852891174388614e-03,1.929720461777021572e-03,-5.775205163836610610e-06,2.140760489606149258e-02
2.639999999999820268e+00,4.925233443797903676e-02,-4.216310215909033210e-02,2.183409725282278117e-03,1.899470300220995524e-03,-5.775200677914781196e-06,2.150448796696186396e-02
2.644999999999819718e+00,4.904183167979420110e-02,-4.205897799547453353e-02,2.192815978334895603e-03,1.869438431205779159e-03,-5.775196237684097690e-06,2.159985797812986191e-02
2.649999999999819167e+00,4.883185032174319762e-02,-4.195459225216306015e-02,2.202072738629743971e-03,1.839623834768493562e-03,-5.775191842476245167e-06,2.169372592816826845e-02
2.654999999999818616e+00,4.862239165535420932e-02,-4.184995039864106148e-02,2.211181089367189427e-03,1.810025491679720204e-03,-5.775187491650953963e-06,2.178610276224021702e-02
2.659999999999818066e+00,4.841345694493728868e-02,-4.174505786122494067e-02,2.220142108654337733e-03,1.780642383510725813e-03,-5.775183184508489315e-06,2.187699937215671978e-02
2.664999999999817515e+00,4.820504742779954666e-02,-4.163992002330254433e-02,2.228956869509231796e-03,1.751473492699214462e-03,-5.775178920423090385e-06,2.196642659646751150e-02
2.669999999999816964e+00,4.799716431445905096e-02,-4.153454222557242254e-02,2.237626439865373663e-03,1.722517802613644398e-03,-5.775174698765725096e-06,2.205439522055401697e-02
2.674999999999816414e+00,4.778980878885753097e-02,-4.142892976628209656e-02,2.246151882576574374e-03,1.693774297616109812e-03,-5.775170518979291409e-06,2.214091597672368170e-02
2.679999999999815863e+00,4.758298200857195154e-02,-4.132308790146542454e-02,2.254534255422100883e-03,1.665241963123857607e-03,-5.775166380486957344e-06,2.222599954430788324e-02
2.684999999999815312e+00,4.737668510502490021e-02,-4.121702184517904433e-02,2.262774611112132201e-03,1.636919785669411825e-03,-5.775162282658987787e-06,2.230965654976127879e-02
2.689999999999814762e+00,4.717091918369369086e-02,-4.111073676973785174e-02,2.270873997293510436e-03,1.608806752959393137e-03,-5.775158224921535705e-06,2.239189756676302975e-02
2.694999999999814211e+00,4.696568532431844023e-02,-4.100423780594955603e-02,2.278833456555787607e-03,1.580901853932007578e-03,-5.775154206687775823e-06,2.247273311632017739e-02
2.699999999999813660e+00,4.676098458110886785e-02,-4.089753004334832631e-02,2.286654026437546540e-03,1.553204078813237923e-03,-5.775150227412419671e-06,2.255217366687391201e-02
2.704999999999813109e+00,4.655681798294995788e-02,-4.079061853042745267e-02,2.294336739433004528e-03,1.525712419171778482e-03,-5.775146286564962891e-06,2.263022963440640412e-02
2.709999999999812559e+00,4.635318653360649688e-02,-4.068350827487113991e-02,2.301882622998903654e-03,1.498425867972740617e-03,-5.775142383603734689e-06,2.270691138255035227e-02
2.714999999999812008e+00,4.615009121192641117e-02,-4.057620424378532292e-02,2.309292699561620553e-03,1.471343419630123791e-03,-5.775138517998378938e-06,2.278222922270174353e-02
2.719999999999811457e+00,4.594753297204297315e-02,-4.046871136392758694e-02,2.316567986524585825e-03,1.444464070058048893e-03,-5.775134689222600187e-06,2.285619341413082720e-02
2.724999999999810907e+00,4.574551274357584185e-02,-4.036103452193614410e-02,2.323709496275929397e-03,1.417786816720909525e-03,-5.775130896736769837e-06,2.292881416409814702e-02
2.729999999999810356e+00,4.554403143183100022e-02,-4.025317856455788018e-02,2.330718236196362234e-03,1.391310658682276893e-03,-5.775127140067170315e-06,2.300010162797138866e-02
2.734999999999809805e+00,4.534308991799950589e-02,-4.014514829887552011e-02,2.337595208667344292e-03,1.365034596652735027e-03,-5.775123418766962941e-06,2.307006590934230356e-02
2.739999999999809255e+00,4.514268905935516635e-02,-4.003694849253380816e-02,2.344341411079443275e-03,1.338957633036593408e-03,-5.775119732363363570e-06,2.313871706014876753e-02
2.744999999999808704e+00,4.494282968945100681e-02,-3.992858387396482078e-02,2.350957835840934967e-03,1.313078771977489820e-03,-5.775116080369125816e-06,2.320606508079590263e-02
2.749999999999808153e+00,4.474351261831470417e-02,-3.982005913261233571e-02,2.357445470386637740e-03,1.287397019402891423e-03,-5.775112462324913877e-06,2.327211992027851395e-02
2.754999999999807603e+00,4.454473863264283434e-02,-3.971137891915528517e-02,2.363805297186964346e-03,1.261911383067613329e-03,-5.775108877807410333e-06,2.333689147630559069e-02
2.759999999999807052e+00,4.434650849599404421e-02,-3.960254784573027237e-02,2.370038293757178397e-03,1.236620872596266851e-03,-5.775105326316293995e-06,2.340038959542740590e-02
2.764999999999806501e+00,4.414882294898107157e-02,-3.949357048615324828e-02,2.376145432666873763e-03,1.211524499524698362e-03,-5.775101807492999726e-06,2.346262407316263357e-02
2.769999999999805951e+00,4.395168270946171046e-02,-3.938445137614018932e-02,2.382127681549645656e-03,1.186621277340452153e-03,-5.775098320881449409e-06,2.352360465412727322e-02
2.774999999999805400e+00,4.375508847272865931e-02,-3.927519501352691456e-02,2.387986003112972915e-03,1.161910221522222163e-03,-5.775094866018871678e-06,2.358334103216557301e-02
2.779999999999804849e+00,4.355904091169825187e-02,-3.916580585848795926e-02,2.393721355148282007e-03,1.137390349578368915e-03,-5.775091442546265169e-06,2.364184285048151479e-02
2.784999999999804299e+00,4.336354067709808496e-02,-3.905628833375457409e-02,2.399334690541210947e-03,1.113060681084487337e-03,-5.775088050069911181e-06,2.369911970177177030e-02
2.789999999999803748e+00,4.316858839765363304e-02,-3.894664682483181539e-02,2.404826957282052338e-03,1.088920237720076211e-03,-5.775084688165490254e-06,2.375518112835998605e-02
2.794999999999803197e+00,4.297418468027370403e-02,-3.883688568021468474e-02,2.410199098476382452e-03,1.064968043304261990e-03,-5.775081356425962397e-06,2.381003662233244916e-02
2.799999999999802647e+00,4.278033011023484045e-02,-3.872700921160342896e-02,2.415452052355857721e-03,1.041203123830665650e-03,-5.775078054519260204e-06,2.386369562567508193e-02
2.804999999999802096e+00,4.258702525136466577e-02,-3.861702169411789648e-02,2.420586752289195093e-03,1.017624507501368146e-03,-5.775074782080147302e-06,2.391616753041088048e-02
2.809999999999801545e+00,4.239427064622414143e-02,-3.850692736651099152e-02,2.425604126793305931e-03,9.942312247600405915e-04,-5.775071538747499665e-06,2.396746167873932409e-02
2.814999999999800995e+00,4.220206681628874135e-02,-3.839673043138129571e-02,2.430505099544602501e-03,9.710223083242295250e-04,-5.775068324158163774e-06,2.401758736317627374e-02
2.819999999999800444e+00,4.201041426212862029e-02,-3.828643505538467662e-02,2.435290589390464930e-03,9.479967932168202388e-04,-5.775065137999377797e-06,2.406655382669472404e-02
2.824999999999799893e+00,4.181931346358769980e-02,-3.817604536944512600e-02,2.439961510360851276e-03,9.251537167966808863e-04,-5.775061979935827647e-06,2.411437026286833082e-02
2.829999999999799343e+00,4.162876487996165081e-02,-3.806556546896459892e-02,2.444518771680071964e-03,9.024921187885126279e-04,-5.775058849629420971e-06,2.416104581601345030e-02
2.834999999999798792e+00,4.143876895017491874e-02,-3.795499941403206179e-02,2.448963277778702131e-03,8.800110413119180668e-04,-5.775055746710009452e-06,2.420658958133410296e-02
2.839999999999798241e+00,4.124932609295667296e-02,-3.784435122963155512e-02,2.453295928305634054e-03,8.577095289097056482e-04,-5.775052670861827679e-06,2.425101060506635112e-02
2.844999999999797691e+00,4.106043670701567394e-02,-3.773362490584943746e-02,2.457517618140296536e-03,8.355866285754584262e-04,-5.775049621817568994e-06,2.429431788462457428e-02
2.849999999999797140e+00,4.087210117121416186e-02,-3.762282439808071338e-02,2.461629237404963644e-03,8.136413897803540822e-04,-5.775046599272561575e-06,2.433652036874973598e-02
2.854999999999796589e+00,4.068431984474068369e-02,-3.751195362723449417e-02,2.465631671477224764e-03,7.918728644992260000e-04,-5.775043602916071386e-06,2.437762695765582216e-02
2.859999999999796039e+00,4.049709306728194874e-02,-3.740101647993854944e-02,2.469525801002582597e-03,7.702801072359595101e-04,-5.775040632422607381e-06,2.441764650317792065e-02
2.864999999999795488e+00,4.031042115919356711e-02,-3.729001680874302616e-02,2.473312501907185598e-03,7.488621750481869784e-04,-5.775037687526104654e-06,2.445658780892289580e-02
2.869999999999794937e+00,4.012430442166989297e-02,-3.717895843232324471e-02,2.476992645410637170e-03,7.276181275712980063e-04,-5.775034767927016778e-06,2.449445963042015326e-02
2.874999999999794387e+00,3.993874313691275074e-02,-3.706784513568162076e-02,2.480567098038973569e-03,7.065470270417288515e-04,-5.775031873349548133e-06,2.453127067527110031e-02
2.879999999999793836e+00,3.975373756829918975e-02,-3.695668067034875437e-02,2.484036721637730271e-03,6.856479383196615023e-04,-5.775029003558624205e-06,2.456702960330174254e-02
2.884999999999793285e+00,3.956928796054827446e-02,-3.684546875458361015e-02,2.487402373385131944e-03,6.649199289110299454e-04,-5.775026158278800045e-06,2.460174502671472890e-02
2.889999999999792735e+00,3.938539453988681993e-02,-3.673421307357283006e-02,2.490664905805375223e-03,6.443620689889223169e-04,-5.775023337252105839e-06,2.463542551024318697e-02
2.894999999999792184e+00,3.920205751421418361e-02,-3.662291727962918575e-02,2.493825166782029021e-03,6.239734314143150764e-04,-5.775020540216816876e-06,2.466807957130379494e-02
2.899999999999791633e+00,3.901927707326602324e-02,-3.651158499238919830e-02,2.496883999571535007e-03,6.037530917562544544e-04,-5.775017766907792363e-06,2.469971568015131430e-02
2.904999999999791083e+00,3.883705338877708330e-02,-3.640021979900979338e-02,2.499842242816801771e-03,5.837001283113913905e-04,-5.775015017114478544e-06,2.473034226003369834e-02
2.909999999999790532e+00,3.865538661464302389e-02,-3.628882525436422091e-02,2.502700730560907839e-03,5.638136221229443374e-04,-5.775012290566083220e-06,2.475996768734784262e-02
2.914999999999789981e+00,3.847427688708124349e-02,-3.617740488123703108e-02,2.505460292260862365e-03,5.440926569990795240e-04,-5.775009587040623620e-06,2.478860029179579330e-02
2.919999999999789431e+00,3.829372432479075106e-02,-3.606596217051818293e-02,2.508121752801520214e-03,5.245363195307335040e-04,-5.775006906324079082e-06,2.481624835653991126e-02
2.924999999999788880e+00,3.811372902911104588e-02,-3.595450058139641053e-02,2.510685932509519169e-03,5.051436991088900262e-04,-5.775004248169602182e-06,2.484292011836327502e-02
2.929999999999788329e+00,3.793429108418004680e-02,-3.584302354155157605e-02,2.513153647167342894e-03,4.859138879412694292e-04,-5.775001612380464437e-06,2.486862376782468867e-02
2.934999999999787779e+00,3.775541055709107086e-02,-3.573153444734628731e-02,2.515525708027428579e-03,4.668459810685071610e-04,-5.774998998738248236e-06,2.489336744941852628e-02
2.939999999999787228e+00,3.757708749804886117e-02,-3.562003666401659246e-02,2.517802921826412486e-03,4.479390763798056464e-04,-5.774996407051520745e-06,2.491715926173117962e-02
2.944999999999786677e+00,3.739932194052462272e-02,-3.550853352586191836e-02,2.519986090799390243e-03,4.291922746281026549e-04,-5.774993837088505799e-06,2.494000725760333118e-02
2.949999999999786127e+00,3.722211390141014209e-02,-3.539702833643403740e-02,2.522076012694289028e-03,4.106046794446526816e-04,-5.774991288680332131e-06,2.496191944428709231e-02
2.954999999999785576e+00,3.704546338117097742e-02,-3.528552436872530590e-02,2.524073480786303506e-03,3.921753973531846220e-04,-5.774988761659988562e-06,2.498290378360711397e-02
2.959999999999785025e+00,3.686937036399869083e-02,-3.517402486535599337e-02,2.525979283892373396e-03,3.739035377835466184e-04,-5.774986255754063868e-06,2.500296819212072252e-02
2.964999999999784475e+00,3.669383481796214402e-02,-3.506253303876079308e-02,2.527794206385788976e-03,3.557882130848623119e-04,-5.774983770811449912e-06,2.502212054127724711e-02
2.969999999999783924e+00,3.651885669515788496e-02,-3.495105207137449987e-02,2.529519028210797885e-03,3.378285385382484248e-04,-5.774981306615025891e-06,2.504036865758150349e-02
2.974999999999783373e+00,3.634443593185954918e-02,-3.483958511581684847e-02,2.531154524897318188e-03,3.200236323690338822e-04,-5.774978863017045544e-06,2.505772032275366962e-02
2.979999999999782823e+00,3.617057244866642846e-02,-3.472813529507650515e-02,2.532701467575665302e-03,3.023726157585450891e-04,-5.774976439839595528e-06,2.507418327389166618e-02
2.984999999999782272e+00,3.599726615065108187e-02,-3.461670570269423375e-02,2.534160622991400366e-03,2.848746128554286339e-04,-5.774974036921079746e-06,2.508976520363135482e-02
2.989999999999781721e+00,3.582451692750597549e-02,-3.450529940294530529e-02,2.535532753520172971e-03,2.675287507866158784e-04,-5.774971654081453719e-06,2.510447376031152769e-02
2.994999999999781171e+00,3.565232465368933096e-02,-3.439391943102089455e-02,2.536818617182660159e-03,2.503341596677438217e-04,-5.774969291176333061e-06,2.511831654813422368e-02
2.999999999999780620e+00,3.548068918856994713e-02,-3.428256879320887990e-02,2.538018967659510204e-03,2.332899726132563949e-04,-5.774966948042703737e-06,2.513130112732968671e-02
3.004999999999780069e+00,3.530961037657123075e-02,-3.417125046707367858e-02,2.539134554306401743e-03,2.163953257460077002e-04,-5.774964624500760984e-06,2.514343501431636277e-02
3.009999999999779519e+00,3.513908804731422780e-02,-3.405996740163527020e-02,2.540166122169085564e-03,1.996493582065694264e-04,-5.774962320412285964e-06,2.515472568186685742e-02
3.014999999999778968e+00,3.496912201575984314e-02,-3.394872251754747772e-02,2.541114411998507492e-03,1.830512121620414274e-04,-5.774960035595429174e-06,2.516518055927036493e-02
3.019999999999778417e+00,3.479971208235013019e-02,-3.383751870727533251e-02,2.541980160265964669e-03,1.666000328145147882e-04,-5.774957769956386798e-06,2.517480703249593346e-02
3.024999999999777867e+00,3.463085803314870648e-02,-3.372635883527172473e-02,2.542764099178300864e-03,1.502949684091817650e-04,-5.774955523326630618e-06,2.518361244435678159e-02
3.029999999999777316e+00,3.446255963998027388e-02,-3.361524573815314471e-02,2.543466956693144279e-03,1.341351702420286065e-04,-5.774953295558006103e-06,2.519160409467380637e-02
3.034999999999776765e+00,3.429481666056931333e-02,-3.350418222487473036e-02,2.544089456534196544e-03,1.181197926671903749e-04,-5.774951086512435023e-06,2.519878924044002821e-02
3.039999999999776215e+00,3.412762883867783564e-02,-3.339317107690438491e-02,2.544632318206513019e-03,1.022479931039319744e-04,-5.774948895991427912e-06,2.520517509598553876e-02
3.044999999999775664e+00,3.396099590424228598e-02,-3.328221504839615208e-02,2.545096257011871584e-03,8.651893204326602639e-05,-5.774946723867788375e-06,2.521076883313993697e-02
3.049999999999775113e+00,3.379491757350965020e-02,-3.317131686636282106e-02,2.545481984064132310e-03,7.093177305425601466e-05,-5.774944570090530957e-06,2.521557758139824842e-02
3.054999999999774563e+00,3.362939354917258983e-02,-3.306047923084767109e-02,2.545790206304673030e-03,5.548568278997494492e-05,-5.774942434519310768e-06,2.521960842808431205e-02
3.059999999999774012e+00,3.346442352050382069e-02,-3.294970481509544580e-02,2.546021626517787611e-03,4.017983099312414150e-05,-5.774940316995814810e-06,2.522286841851772293e-02
3.064999999999773461e+00,3.330000716348954781e-02,-3.283899626572252956e-02,2.546176943346165761e-03,2.501339050129343703e-05,-5.774938217405928264e-06,2.522536455617592835e-02
3.069999999999772911e+00,3.313614414096215793e-02,-3.272835620288631203e-02,2.546256851306388878e-03,9.985537251953394947e-06,-5.774936135649946880e-06,2.522710380285946366e-02
3.074999999999772360e+00,3.297283410273196824e-02,-3.261778722045380330e-02,2.546262040804425902e-03,-4.904549712870196891e-06,-5.774934071613602526e-06,2.522809307885813535e-02
3.079999999999771809e+00,3.281007668571818414e-02,-3.250729188616943016e-02,2.546193198151176437e-03,-1.965768824228209265e-05,-5.774932025194269538e-06,2.522833926311428276e-02
3.084999999999771259e+00,3.264787151407901045e-02,-3.239687274182203452e-02,2.546051005578035559e-03,-3.427469307243090525e-05,-5.774929996260158906e-06,2.522784919338805221e-02
3.089999999999770708e+00,3.248621819934093685e-02,-3.228653230341112235e-02,2.545836141252447778e-03,-4.875637582277217322e-05,-5.774927984714474246e-06,2.522662966642344462e-02
3.094999999999770157e+00,3.232511634052719074e-02,-3.217627306131230075e-02,2.545549279293509142e-03,-6.310354499262226132e-05,-5.774925990453897020e-06,2.522468743811113676e-02
3.099999999999769607e+00,3.216456552428535037e-02,-3.206609748044195879e-02,2.545191089787580616e-03,-7.731700595795987945e-05,-5.774924013377022138e-06,2.522202922365418890e-02
3.104999999999769056e+00,3.200456532501416707e-02,-3.195600800042113637e-02,2.544762238803905362e-03,-9.139756096851905205e-05,-5.774922053369126610e-06,2.521866169773284705e-02
3.109999999999768505e+00,3.184511530498953386e-02,-3.184600703573865071e-02,2.544263388410249009e-03,-1.053460091451783118e-04,-5.774920110324855632e-06,2.521459149466956720e-02
3.114999999999767955e+00,3.168621501448968397e-02,-3.173609697591345952e-02,2.543695196688549025e-03,-1.191631464775793172e-04,-5.774918184149820933e-06,2.520982520859314444e-02
3.119999999999767404e+00,3.152786399191953581e-02,-3.162628018565621923e-02,2.543058317750572332e-03,-1.328497658220478817e-04,-5.774916274741358733e-06,2.520436939360384820e-02
3.124999999999766853e+00,3.137006176393426077e-02,-3.151655900503008700e-02,2.542353401753605444e-03,-1.464066568997528489e-04,-5.774914382008263913e-06,2.519823056393731206e-02
3.129999999999766302e+00,3.121280784556204266e-02,-3.140693574961074541e-02,2.541581094916098207e-03,-1.598346062951129661e-04,-5.774912505816186034e-06,2.519141519413061261e-02
3.134999999999765752e+00,3.105610174032601839e-02,-3.129741271064569175e-02,2.540742039533377787e-03,-1.731343974544757164e-04,-5.774910646097064306e-06,2.518392971918434822e-02
3.139999999999765201e+00,3.089994294036547615e-02,-3.118799215521275703e-02,2.539836873993333178e-03,-1.863068106850000207e-04,-5.774908802753982066e-06,2.517578053472853752e-02
3.144999999999764650e+00,3.074433092655621397e-02,-3.107867632637786176e-02,2.538866232792109240e-03,-1.993526231538083650e-04,-5.774906975713491393e-06,2.516697399718648143e-02
3.149999999999764100e+00,3.058926516863011771e-02,-3.096946744335200494e-02,2.537830746549811587e-03,-2.122726088873528943e-04,-5.774905164918832609e-06,2.515751642393869794e-02
3.154999999999763549e+00,3.043474512529400003e-02,-3.086036770164750712e-02,2.536731042026208003e-03,-2.250675387710205733e-04,-5.774903370322254232e-06,2.514741409348707213e-02
3.159999999999762998e+00,3.028077024434759276e-02,-3.075137927323351103e-02,2.535567742136429423e-03,-2.377381805489626684e-04,-5.774901591766230157e-06,2.513667324561898869e-02
3.164999999999762448e+00,3.012733996280081081e-02,-3.064250430669071198e-02,2.534341465966683058e-03,-2.502852988241493376e-04,-5.774899829196690034e-06,2.512530008157026762e-02
3.169999999999761897e+00,2.997445370699024919e-02,-3.053374492736536661e-02,2.533052828789947308e-03,-2.627096550586237398e-04,-5.774898082528985628e-06,2.511330076418956392e-02
3.174999999999761346e+00,2.982211089269487525e-02,-3.042510323752252444e-02,2.531702442081677079e-03,-2.750120075739719287e-04,-5.774896351678572885e-06,2.510068141810119224e-02
3.179999999999760796e+00,2.967031092525098876e-02,-3.031658131649855176e-02,2.530290913535502596e-03,-2.871931115520096945e-04,-5.774894636573639504e-06,2.508744812986869049e-02
3.184999999999760245e+00,2.951905319966639796e-02,-3.020818122085289215e-02,2.528818847078931255e-03,-2.992537190356591142e-04,-5.774892937123748626e-06,2.507360694815771382e-02
3.189999999999759694e+00,2.936833710073386700e-02,-3.009990498451908802e-02,2.527286842889010007e-03,-3.111945789300300433e-04,-5.774891253276378278e-06,2.505916388389950109e-02
3.194999999999759144e+00,2.921816200314380010e-02,-2.999175461895508057e-02,2.525695497408046285e-03,-3.230164370037144910e-04,-5.774889584977634295e-06,2.504412491045190578e-02
3.199999999999758593e+00,2.906852727159613820e-02,-2.988373211329278106e-02,2.524045403359266495e-03,-3.347200358902052437e-04,-5.774887932164508436e-06,2.502849596376397270e-02
3.204999999999758042e+00,2.891943226091157892e-02,-2.977583943448687542e-02,2.522337149762481426e-03,-3.463061150895953527e-04,-5.774886294772259434e-06,2.501228294253766971e-02
3.209999999999757492e+00,2.877087631614199878e-02,-2.966807852746295229e-02,2.520571321949752978e-03,-3.577754109703839809e-04,-5.774884672717504517e-06,2.499549170838931411e-02
3.214999999999756941e+00,2.862285877268017087e-02,-2.956045131526483655e-02,2.518748501581040498e-03,-3.691286567715089026e-04,-5.774883065950285682e-06,2.497812808601198448e-02
3.219999999999756390e+00,2.847537895636871597e-02,-2.945295969920127752e-02,2.516869266659844950e-03,-3.803665826045286771e-04,-5.774881474382685144e-06,2.496019786333726620e-02
3.224999999999755840e+00,2.832843618360835966e-02,-2.934560555899187392e-02,2.514934191548832704e-03,-3.914899154559763972e-04,-5.774879897966527058e-06,2.494170679169642468e-02
3.229999999999755289e+00,2.818202976146543318e-02,-2.923839075291225637e-02,2.512943846985459320e-03,-4.024993791899062097e-04,-5.774878336641653449e-06,2.492266058598175196e-02
3.234999999999754738e+00,2.803615898777866641e-02,-2.913131711793860365e-02,2.510898800097560810e-03,-4.133956945505618615e-04,-5.774876790362792101e-06,2.490306492480811457e-02
3.239999999999754188e+00,2.789082315126523853e-02,-2.902438646989141321e-02,2.508799614418949237e-03,-4.241795791652611114e-04,-5.774875259061576444e-06,2.488292545067286726e-02
3.244999999999753637e+00,2.774602153162614507e-02,-2.891760060357855683e-02,2.506646849904987928e-03,-4.348517475473976149e-04,-5.774873742657608650e-06,2.486224777011653703e-02
3.249999999999753086e+00,2.760175339965082950e-02,-2.881096129293766323e-02,2.504441062948151078e-03,-4.454129110996042466e-04,-5.774872241046618117e-06,2.484103745388335088e-02
3.254999999999752536e+00,2.745801801732111053e-02,-2.870447029117774093e-02,2.502182806393559930e-03,-4.558637781170767761e-04,-5.774870754210545256e-06,2.481930003708134394e-02
3.259999999999751985e+00,2.731481463791439815e-02,-2.859812933092013149e-02,2.499872629554510724e-03,-4.662050537910517717e-04,-5.774869282108557150e-06,2.479704101934157578e-02
3.264999999999751434e+00,2.717214250610621579e-02,-2.849194012433874101e-02,2.497511078227994397e-03,-4.764374402124082661e-04,-5.774867824677513421e-06,2.477426586497770422e-02
3.269999999999750884e+00,2.703000085807201816e-02,-2.838590436329959873e-02,2.495098694710161207e-03,-4.865616363754231614e-04,-5.774866381866564987e-06,2.475098000314605862e-02
3.274999999999750333e+00,2.688838892158831526e-02,-2.828002371949967647e-02,2.492636017811807481e-03,-4.965783381816946855e-04,-5.774864953573491066e-06,2.472718882800297238e-02
3.279999999999749782e+00,2.674730591613309547e-02,-2.817429984460504203e-02,2.490123582873823762e-03,-5.064882384441430447e-04,-5.774863539744173028e-06,2.470289769886396813e-02
3.284999999999749232e+00,2.660675105298559648e-02,-2.806873437038833255e-02,2.487561921782620398e-03,-5.162920268911816738e-04,-5.774862140367225904e-06,2.467811194036259245e-02
3.289999999999748681e+00,2.646672353532532329e-02,-2.796332890886548544e-02,2.484951562985540565e-03,-5.259903901710086174e-04,-5.774860755384735509e-06,2.465283684260790448e-02
3.294999999999748130e+00,2.632722255833045213e-02,-2.785808505243184130e-02,2.482293031506240758e-03,-5.355840118560407535e-04,-5.774859384755227724e-06,2.462707766134262025e-02
3.299999999999747580e+00,2.618824730927552316e-02,-2.775300437399750089e-02,2.479586848960059573e-03,-5.450735724474649498e-04,-5.774858028429317984e-06,2.460083961809993169e-02
3.304999999999747029e+00,2.604979696762844965e-02,-2.764808842712205422e-02,2.476833533569355265e-03,-5.544597493798988311e-04,-5.774856686360316989e-06,2.457412790036093281e-02
3.309999999999746478e+00,2.591187070514687843e-02,-2.754333874614857403e-02,2.474033600178825090e-03,-5.637432170261845801e-04,-5.774855358464354922e-06,2.454694766171119230e-02
3.314999999999745928e+00,2.577446768597387722e-02,-2.743875684633699172e-02,2.471187560270796894e-03,-5.729246467022936504e-04,-5.774854044700382875e-06,2.451930402199750322e-02
3.319999999999745377e+00,2.563758706673294543e-02,-2.733434422399674130e-02,2.468295921980498582e-03,-5.820047066723510682e-04,-5.774852745038748763e-06,2.449120206748364725e-02
3.324999999999744826e+00,2.550122799662237622e-02,-2.723010235661874404e-02,2.465359190111288557e-03,-5.909840621537733579e-04,-5.774851459426483382e-06,2.446264685100649899e-02
3.329999999999744276e+00,2.536538961750895924e-02,-2.712603270300674094e-02,2.462377866149893530e-03,-5.998633753224996007e-04,-5.774850187828921062e-06,2.443364339213056555e-02
3.334999999999743725e+00,2.523007106402101046e-02,-2.702213670340794169e-02,2.459352448281585182e-03,-6.086433053183502124e-04,-5.774848930195471066e-06,2.440419667730472572e-02
3.339999999999743174e+00,2.509527146364077047e-02,-2.691841577964300750e-02,2.456283431405342083e-03,-6.173245082504700719e-04,-5.774847686486797182e-06,2.437431166001579122e-02
3.344999999999742624e+00,2.496098993679616435e-02,-2.681487133523535044e-02,2.453171307148991655e-03,-6.259076372029032716e-04,-5.774846456705366820e-06,2.434399326094317806e-02
3.349999999999742073e+00,2.482722559695189207e-02,-2.671150475553980136e-02,2.450016563884310512e-03,-6.343933422402335716e-04,-5.774845240743198523e-06,2.431324636811318940e-02
3.354999999999741522e+00,2.469397755069987349e-02,-2.660831740787060126e-02,2.446819686742107442e-03,-6.427822704133470417e-04,-5.774844038543421654e-06,2.428207583705257327e-02
3.359999999999740972e+00,2.456124489784909312e-02,-2.650531064162872305e-02,2.443581157627271704e-03,-6.510750657652808991e-04,-5.774842850074894199e-06,2.425048649094182704e-02
3.364999999999740421e+00,2.442902673151479270e-02,-2.640248578842856533e-02,2.440301455233790523e-03,-6.592723693371587562e-04,-5.774841675313684089e-06,2.421848312076841161e-02
3.369999999999739870e+00,2.429732213820698719e-02,-2.629984416222398008e-02,2.436981055059745348e-03,-6.673748191742411191e-04,-5.774840514240717836e-06,2.418607048547928920e-02
3.374999999999739320e+00,2.416613019791842565e-02,-2.619738705943362028e-02,2.433620429422257356e-03,-6.753830503320269523e-04,-5.774839366786218559e-06,2.415325331213314872e-02
3.379999999999738769e+00,2.403544998421188600e-02,-2.609511575906570124e-02,2.430220047472448578e-03,-6.832976948824767824e-04,-5.774838232912832954e-06,2.412003629605196167e-02
3.384999999999738218e+00,2.390528056430685222e-02,-2.599303152284206109e-02,2.426780375210295902e-03,-6.911193819202969503e-04,-5.774837112567940792e-06,2.408642410097442885e-02
3.389999999999737668e+00,2.377562099916557745e-02,-2.589113559532158632e-02,2.423301875499526276e-03,-6.988487375693452951e-04,-5.774836005696002970e-06,2.405242135920421589e-02
3.394999999999737117e+00,2.364647034357853991e-02,-2.578942920402301983e-02,2.419785008082440351e-03,-7.064863849890741336e-04,-5.774834912267101437e-06,2.401803267176259513e-02
3.399999999999736566e+00,2.351782764624925359e-02,-2.568791355954710628e-02,2.416230229594716183e-03,-7.140329443810467490e-04,-5.774833832243355186e-06,2.398326260853817643e-02
3.404999999999736016e+00,2.338969194987852024e-02,-2.558658985569810945e-02,2.412637993580177363e-03,-7.214890329955772619e-04,-5.774832765608882349e-06,2.394811570843763046e-02
3.409999999999735465e+00,2.326206229124803612e-02,-2.548545926960469818e-02,2.409008750505522121e-03,-7.288552651384169051e-04,-5.774831712272271977e-06,2.391259647953477424e-02
3.414999999999734914e+00,2.313493770130340549e-02,-2.538452296184018700e-02,2.405342947775032918e-03,-7.361322521775083864e-04,-5.774830672218193621e-06,2.387670939921966023e-02
3.419999999999734364e+00,2.300831720523658155e-02,-2.528378207654216961e-02,2.401641029745240057e-03,-7.433206025498264452e-04,-5.774829645418186127e-06,2.384045891434788053e-02
3.424999999999733813e+00,2.288219982256766219e-02,-2.518323774153149314e-02,2.397903437739557549e-03,-7.504209217682896414e-04,-5.774828631822317750e-06,2.380384944138896897e-02
3.429999999999733262e+00,2.275658456722614090e-02,-2.508289106843062527e-02,2.394130610062864331e-03,-7.574338124287245113e-04,-5.774827631401856284e-06,2.376688536657449446e-02
3.434999999999732712e+00,2.263147044763151594e-02,-2.498274315278140381e-02,2.390322982016091988e-03,-7.643598742169183027e-04,-5.774826644070882944e-06,2.372957104604472844e-02
3.439999999999732161e+00,2.250685646677337906e-02,-2.488279507416214439e-02,2.386480985910738317e-03,-7.711997039157000074e-04,-5.774825669822220819e-06,2.369191080599718918e-02
3.444999999999731610e+00,2.238274162229086234e-02,-2.478304789630417573e-02,2.382605051083363980e-03,-7.779538954121200571e-04,-5.774824708645466651e-06,2.365390894283342371e-02
3.449999999999731060e+00,2.225912490655153342e-02,-2.468350266720767405e-02,2.378695603910042315e-03,-7.846230397046900827e-04,-5.774823760482643574e-06,2.361556972330492929e-02
3.454999999999730509e+00,2.213600530672969399e-02,-2.458416041925698056e-02,2.374753067820782691e-03,-7.912077249106622481e-04,-5.774822825293828386e-06,2.357689738465915813e-02
3.459999999999729958e+00,2.201338180488413357e-02,-2.448502216933522851e-02,2.370777863313910504e-03,-7.977085362733815502e-04,-5.774821903062746195e-06,2.353789613478524112e-02
3.464999999999729408e+00,2.189125337803527610e-02,-2.438608891893841862e-02,2.366770407970428518e-03,-8.041260561696753073e-04,-5.774820993718756994e-06,2.349857015235921193e-02
3.469999999999728857e+00,2.176961899824179231e-02,-2.428736165428884916e-02,2.362731116468301008e-03,-8.104608641173222279e-04,-5.774820097239753224e-06,2.345892358698976887e-02
3.474999999999728306e+00,2.164847763267662220e-02,-2.418884134644794931e-02,2.358660400596739211e-03,-8.167135367825845800e-04,-5.774819213607254320e-06,2.341896055936110166e-02
3.479999999999727756e+00,2.152782824370244250e-02,-2.409052895142851924e-02,2.354558669270434730e-03,-8.228846479877449140e-04,-5.774818342737948661e-06,2.337868516137748057e-02
3.484999999999727205e+00,2.140766978894657196e-02,-2.399242541030638040e-02,2.350426328543754780e-03,-8.289747687187373282e-04,-5.774817484615273367e-06,2.333810145630714483e-02
3.489999999999726654e+00,2.128800122137533210e-02,-2.389453164933139084e-02,2.346263781624894490e-03,-8.349844671328015026e-04,-5.774816639230294780e-06,2.329721347892528549e-02
3.494999999999726104e+00,2.116882148936783878e-02,-2.379684858003789857e-02,2.342071428890001895e-03,-8.409143085662168548e-04,-5.774815806476760241e-06,2.325602523565649740e-02
3.499999999999725553e+00,2.105012953678926310e-02,-2.369937709935458423e-02,2.337849667897255648e-03,-8.467648555420520919e-04,-5.774814986334047038e-06,2.321454070471720699e-02
3.504999999999725002e+00,2.093192430306351631e-02,-2.360211808971372435e-02,2.333598893400904567e-03,-8.525366677779690813e-04,-5.774814178761997339e-06,2.317276383625775302e-02
3.509999999999724452e+00,2.081420472324540735e-02,-2.350507241915985798e-02,2.329319497365271632e-03,-8.582303021940772443e-04,-5.774813383746906998e-06,2.313069855250333984e-02
3.514999999999723901e+00,2.069696972809227653e-02,-2.340824094145785295e-02,2.325011868978719368e-03,-8.638463129208318611e-04,-5.774812601226629209e-06,2.308834874789534794e-02
3.519999999999723350e+00,2.058021824413504633e-02,-2.331162449620043098e-02,2.320676394667572310e-03,-8.693852513069539505e-04,-5.774811831203334068e-06,2.304571828923214147e-02
3.524999999999722800e+00,2.046394919374877955e-02,-2.321522390891505097e-02,2.316313458109995217e-03,-8.748476659274269113e-04,-5.774811073627495561e-06,2.300281101580909163e-02
3.529999999999722249e+00,2.034816149522269621e-02,-2.311903999117026834e-02,2.311923440249838337e-03,-8.802341025915019464e-04,-5.774810328472413514e-06,2.295963073955789580e-02
3.534999999999721698e+00,2.023285406282961801e-02,-2.302307354068145948e-02,2.307506719310441906e-03,-8.855451043507637674e-04,-5.774809595691632405e-06,2.291618124518599031e-02
3.539999999999721148e+00,2.011802580689494441e-02,-2.292732534141605008e-02,2.303063670808399438e-03,-8.907812115072013962e-04,-5.774808875228486577e-06,2.287246629031542550e-02
3.544999999999720597e+00,2.000367563386507355e-02,-2.283179616369808776e-02,2.298594667567283294e-03,-8.959429616213332838e-04,-5.774808167052094903e-06,2.282848960562126189e-02
3.549999999999720046e+00,1.988980244637530634e-02,-2.273648676431228727e-02,2.294100079731318208e-03,-9.010308895203787260e-04,-5.774807471141657642e-06,2.278425489497010181e-02
3.554999999999719495e+00,1.977640514331723692e-02,-2.264139788660749983e-02,2.289580274779028351e-03,-9.060455273064478175e-04,-5.774806787437751198e-06,2.273976583555679248e-02
3.559999999999718945e+00,1.966348261990561591e-02,-2.254653026059962040e-02,2.285035617536834100e-03,-9.109874043647713058e-04,-5.774806115889288472e-06,2.269502607804197922e-02
3.564999999999718394e+00,1.955103376774471741e-02,-2.245188460307392248e-02,2.280466470192613667e-03,-9.158570473719452980e-04,-5.774805456516824413e-06,2.265003924668851712e-02
3.569999999999717843e+00,1.943905747489418911e-02,-2.235746161768682044e-02,2.275873192309210962e-03,-9.206549803042399357e-04,-5.774804809285637446e-06,2.260480893949804587e-02
3.574999999999717293e+00,1.932755262593437162e-02,-2.226326199506710110e-02,2.271256140837920896e-03,-9.253817244459028660e-04,-5.774804174137237405e-06,2.255933872834596510e-02
3.579999999999716742e+00,1.921651810203115970e-02,-2.216928641291657925e-02,2.266615670131920477e-03,-9.300377983975061883e-04,-5.774803551063684204e-06,2.251363215911739504e-02
3.584999999999716191e+00,1.910595278100032934e-02,-2.207553553611019820e-02,2.261952131959661747e-03,-9.346237180843063042e-04,-5.774802939972964653e-06,2.246769275184189521e-02
3.589999999999715641e+00,1.899585553737137208e-02,-2.198201001679557856e-02,2.257265875518215704e-03,-9.391399967646545067e-04,-5.774802340834487310e-06,2.242152400082826971e-02
3.594999999999715090e+00,1.888622524245084366e-02,-2.188871049449200856e-02,2.252557247446588043e-03,-9.435871450384237255e-04,-5.774801753606730621e-06,2.237512937479781486e-02
3.599999999999714539e+00,1.877706076438518529e-02,-2.179563759618891733e-02,2.247826591838982847e-03,-9.479656708554467636e-04,-5.774801178210148027e-06,2.232851231701850001e-02
3.604999999999713989e+00,1.866836096822311122e-02,-2.170279193644375493e-02,2.243074250258022921e-03,-9.522760795239956257e-04,-5.774800614625754132e-06,2.228167624543762187e-02
3.609999999999713438e+00,1.856012471597746211e-02,-2.161017411747934852e-02,2.238300561747930649e-03,-9.565188737192790612e-04,-5.774800062831111879e-06,2.223462455281455946e-02
3.614999999999712887e+00,1.845235086668658986e-02,-2.151778472928074504e-02,2.233505862847671129e-03,-9.606945534919390231e-04,-5.774799522769561542e-06,2.218736060685283507e-02
3.619999999999712337e+00,1.834503827647525689e-02,-2.142562434969146404e-02,2.228690487604045867e-03,-9.648036162765902778e-04,-5.774798994424264104e-06,2.213988775033210593e-02
3.624999999999711786e+00,1.823818579861505307e-02,-2.133369354450924404e-02,2.223854767584747000e-03,-9.688465569003875538e-04,-5.774798477811081106e-06,2.209220930123957302e-02
3.629999999999711235e+00,1.813179228358435119e-02,-2.124199286758125457e-02,2.218999031891362959e-03,-9.728238675915930160e-04,-5.774797972870084966e-06,2.204432855290060569e-02
3.634999999999710685e+00,1.802585657912776293e-02,-2.115052286089873917e-02,2.214123607172354628e-03,-9.767360379881696517e-04,-5.774797479518529882e-06,2.199624877410874882e-02
3.639999999999710134e+00,1.792037753031515065e-02,-2.105928405469119011e-02,2.209228817635971662e-03,-9.805835551463799697e-04,-5.774796997725151868e-06,2.194797320925661807e-02
3.644999999999709583e+00,1.781535397960013617e-02,-2.096827696751991932e-02,2.204314985063136716e-03,-9.843669035494357657e-04,-5.774796527437059647e-06,2.189950507846456090e-02
3.649999999999709033e+00,1.771078476687819314e-02,-2.087750210637117146e-02,2.199382428820283262e-03,-9.880865651161225161e-04,-5.774796068651159006e-06,2.185084757770990038e-02
3.654999999999708482e+00,1.760666872954420523e-02,-2.078695996674866445e-02,2.194431465872152213e-03,-9.917430192094526132e-04,-5.774795621289652510e-06,2.180200387895548167e-02
3.659999999999707931e+00,1.750300470254964255e-02,-2.069665103276562695e-02,2.189462410794542138e-03,-9.953367426453418008e-04,-5.774795185323819814e-06,2.175297713027805196e-02
3.664999999999707381e+00,1.739979151845921085e-02,-2.060657577723631548e-02,2.184475575787017416e-03,-9.988682097012964532e-04,-5.774794760726810820e-06,2.170377045599589105e-02
3.669999999999706830e+00,1.729702800750709119e-02,-2.051673466176700406e-02,2.179471270685574748e-03,-1.002337892125109743e-03,-5.774794347483538177e-06,2.165438695679576531e-02
3.674999999999706279e+00,1.719471299765270786e-02,-2.042712813684646397e-02,2.174449802975261109e-03,-1.005746259143570822e-03,-5.774793945493829228e-06,2.160482970985997883e-02
3.679999999999705729e+00,1.709284531463602097e-02,-2.033775664193593347e-02,2.169411477802753521e-03,-1.009093777471169011e-03,-5.774793554725744901e-06,2.155510176899244276e-02
3.684999999999705178e+00,1.699142378203244083e-02,-2.024862060555857740e-02,2.164356597988891569e-03,-1.012380911318843963e-03,-5.774793175152056476e-06,2.150520616474479313e-02
3.689999999999704627e+00,1.689044722130720808e-02,-2.015972044538840574e-02,2.159285464041171745e-03,-1.015608122402716527e-03,-5.774792806735601228e-06,2.145514590454142972e-02
3.694999999999704077e+00,1.678991445186940948e-02,-2.007105656833873403e-02,2.154198374166190182e-03,-1.018775869952836741e-03,-5.774792449442624895e-06,2.140492397280507539e-02
3.699999999999703526e+00,1.668982429112549071e-02,-1.998262937065010264e-02,2.149095624282045501e-03,-1.021884610721938329e-03,-5.774792103257374358e-06,2.135454333108080180e-02
3.704999999999702975e+00,1.659017555453238049e-02,-1.989443923797770339e-02,2.143977508030699575e-03,-1.024934798994214021e-03,-5.774791768151922941e-06,2.130400691816019404e-02
3.709999999999702425e+00,1.649096705565013601e-02,-1.980648654547830304e-02,2.138844316790294939e-03,-1.027926886594079806e-03,-5.774791444059020462e-06,2.125331765020491148e-02
3.714999999999701874e+00,1.639219760619419625e-02,-1.971877165789666722e-02,2.133696339687422752e-03,-1.030861322894961090e-03,-5.774791130935552946e-06,2.120247842087008561e-02
3.719999999999701323e+00,1.629386601608716692e-02,-1.963129492965149867e-02,2.128533863609341319e-03,-1.033738554828064976e-03,-5.774790828729128015e-06,2.115149210142681577e-02
3.724999999999700773e+00,1.619597109351021344e-02,-1.954405670492085148e-02,2.123357173216188984e-03,-1.036559026891190711e-03,-5.774790537381289386e-06,2.110036154088364840e-02
3.729999999999700222e+00,1.609851164495399237e-02,-1.945705731772709793e-02,2.118166550953087725e-03,-1.039323181157494154e-03,-5.774790256821971339e-06,2.104908956611049875e-02
3.734999999999699671e+00,1.600148647526918738e-02,-1.937029709202134353e-02,2.112962277062260200e-03,-1.042031457284325110e-03,-5.774789987035760417e-06,2.099767898195754531e-02
3.739999999999699121e+00,1.590489438771661504e-02,-1.928377634176742586e-02,2.107744629595074363e-03,-1.044684292522004383e-03,-5.774789727959230792e-06,2.094613257137734746e-02
3.744999999999698570e+00,1.580873418401689684e-02,-1.919749537102534084e-02,2.102513884424057292e-03,-1.047282121722634650e-03,-5.774789479583952792e-06,2.089445309554486749e-02
3.749999999999698019e+00,1.571300466439974966e-02,-1.911145447403428052e-02,2.097270315254852208e-03,-1.049825377348898329e-03,-5.774789241897143843e-06,2.084264329397815529e-02
3.754999999999697469e+00,1.561770462765281649e-02,-1.902565393529509832e-02,2.092014193638137322e-03,-1.052314489482890575e-03,-5.774789014841184529e-06,2.079070588465723596e-02
3.759999999999696918e+00,1.552283287117015541e-02,-1.894009402965236150e-02,2.086745788981503921e-03,-1.054749885834918880e-03,-5.774788798377340033e-06,2.073864356414290358e-02
3.764999999999696367e+00,1.542838819100023073e-02,-1.885477502237587963e-02,2.081465368561292387e-03,-1.057131991752316988e-03,-5.774788592428104300e-06,2.068645900769575455e-02
3.769999999999695817e+00,1.533436938189356932e-02,-1.876969716924179257e-02,2.076173197534370973e-03,-1.059461230228246880e-03,-5.774788396944291820e-06,2.063415486939457200e-02
3.774999999999695266e+00,1.524077523734998496e-02,-1.868486071661314835e-02,2.070869538949881607e-03,-1.061738021910522880e-03,-5.774788211898388421e-06,2.058173378225353761e-02
3.779999999999694715e+00,1.514760454966539681e-02,-1.860026590152002307e-02,2.065554653760945381e-03,-1.063962785110424266e-03,-5.774788037272553050e-06,2.052919835833962384e-02
3.784999999999694165e+00,1.505485610997826101e-02,-1.851591295173921070e-02,2.060228800836308178e-03,-1.066135935811495525e-03,-5.774787872976762197e-06,2.047655118888984382e-02
3.789999999999693614e+00,1.496252870831559813e-02,-1.843180208587334723e-02,2.054892236971959853e-03,-1.068257887678373706e-03,-5.774787718968830234e-06,2.042379484442671811e-02
3.794999999999693063e+00,1.487062113363863021e-02,-1.834793351342968448e-02,2.049545216902694863e-03,-1.070329052065576315e-03,-5.774787575260259868e-06,2.037093187487508394e-02
3.799999999999692513e+00,1.477913217388802068e-02,-1.826430743489829839e-02,2.044187993313637767e-03,-1.072349838026319347e-03,-5.774787441787324574e-06,2.031796480967682297e-02
3.804999999999691962e+00,1.468806061602872907e-02,-1.818092404182992602e-02,2.038820816851726666e-03,-1.074320652321308651e-03,-5.774787318503204608e-06,2.026489615790625157e-02
3.809999999999691411e+00,1.459740524609447719e-02,-1.809778351691326143e-02,2.033443936137137656e-03,-1.076241899427545813e-03,-5.774787205351820458e-06,2.021172840838464727e-02
3.814999999999690861e+00,1.450716484923182323e-02,-1.801488603405183853e-02,2.028057597774689334e-03,-1.078113981547118225e-03,-5.774787102321621983e-06,2.015846402979390786e-02
3.819999999999690310e+00,1.441733820974386467e-02,-1.793223175844043532e-02,2.022662046365179215e-03,-1.079937298615985019e-03,-5.774787009348897059e-06,2.010510547079103968e-02
3.824999999999689759e+00,1.432792411113355605e-02,-1.784982084664106863e-02,2.017257524516694565e-03,-1.081712248312773419e-03,-5.774786926364380415e-06,2.005165516012084176e-02
3.829999999999689209e+00,1.423892133614663817e-02,-1.776765344665847540e-02,2.011844272855862516e-03,-1.083439226067550807e-03,-5.774786853340230076e-06,1.999811550672860039e-02
3.834999999999688658e+00,1.415032866681420996e-02,-1.768572969801516376e-02,2.006422530039072855e-03,-1.085118625070606970e-03,-5.774786790245722464e-06,1.994448889987226331e-02
3.839999999999688107e+00,1.406214488449490825e-02,-1.760404973182605817e-02,2.000992532763649651e-03,-1.086750836281206219e-03,-5.774786737022840904e-06,1.989077770923470406e-02
3.844999999999687557e+00,1.397436876991672676e-02,-1.752261367087263461e-02,1.995554515778973428e-03,-1.088336248436368560e-03,-5.774786693640073230e-06,1.983698428503505654e-02
3.849999999999687006e+00,1.388699910321846039e-02,-1.744142162967664625e-02,1.990108711897571690e-03,-1.089875248059619202e-03,-5.774786660025772312e-06,1.978311095813933482e-02
3.854999999999686455e+00,1.380003466399079212e-02,-1.736047371457341906e-02,1.984655352006153492e-03,-1.091368219469725275e-03,-5.774786636126042291e-06,1.972916004017136876e-02
3.859999999999685905e+00,1.371347423131699488e-02,-1.727977002378465812e-02,1.979194665076608028e-03,-1.092815544789457272e-03,-5.774786621882384531e-06,1.967513382362262586e-02
3.864999999999685354e+00,1.362731658381329328e-02,-1.719931064749086885e-02,1.973726878176963306e-03,-1.094217603954306247e-03,-5.774786617291992811e-06,1.962103458196175904e-02
3.869999999999684803e+00,1.354156049966884559e-02,-1.711909566790331683e-02,1.968252216482283684e-03,-1.095574774721209260e-03,-5.774786622323073750e-06,1.956686456974447708e-02
3.874999999999684253e+00,1.345620475668538735e-02,-1.703912515933553654e-02,1.962770903285539648e-03,-1.096887432677289996e-03,-5.774786636885450527e-06,1.951262602272131261e-02
3.879999999999683702e+00,1.337124813231648987e-02,-1.695939918827444118e-02,1.957283160008436822e-03,-1.098155951248535852e-03,-5.774786660906467195e-06,1.945832115794604578e-02
3.884999999999683151e+00,1.328668940370650309e-02,-1.687991781345099876e-02,1.951789206212188816e-03,-1.099380701708506684e-03,-5.774786694400017637e-06,1.940395217388445406e-02
3.889999999999682601e+00,1.320252734772910455e-02,-1.680068108591043982e-02,1.946289259608249313e-03,-1.100562053187024904e-03,-5.774786737341387126e-06,1.934952125052102900e-02
3.894999999999682050e+00,1.311876074102553101e-02,-1.672168904908208006e-02,1.940783536069011408e-03,-1.101700372678861240e-03,-5.774786789630413167e-06,1.929503054946592189e-02
3.899999999999681499e+00,1.303538836004244916e-02,-1.664294173884869193e-02,1.935272249638447751e-03,-1.102796025052404016e-03,-5.774786851258008792e-06,1.924048221406185477e-02
3.904999999999680949e+00,1.295240898106948119e-02,-1.656443918361548071e-02,1.929755612542720768e-03,-1.103849373058310001e-03,-5.774786922135255023e-06,1.918587836948974085e-02
3.909999999999680398e+00,1.286982138027637640e-02,-1.648618140437860605e-02,1.924233835200742353e-03,-1.104860777338156561e-03,-5.774787002189542502e-06,1.913122112287464482e-02
3.914999999999679847e+00,1.278762433374987587e-02,-1.640816841479331503e-02,1.918707126234698223e-03,-1.105830596433079929e-03,-5.774787091397110261e-06,1.907651256339095575e-02
3.919999999999679297e+00,1.270581661753019016e-02,-1.633040022124163798e-02,1.913175692480504828e-03,-1.106759186792394180e-03,-5.774787189719219246e-06,1.902175476236749388e-02
3.924999999999678746e+00,1.262439700764717877e-02,-1.625287682289966451e-02,1.907639738998264745e-03,-1.107646902782214327e-03,-5.774787297132039035e-06,1.896694977339061228e-02
3.929999999999678195e+00,1.254336428015617906e-02,-1.617559821180443794e-02,1.902099469082644233e-03,-1.108494096694047750e-03,-5.774787413571782963e-06,1.891209963240979286e-02
3.934999999999677645e+00,1.246271721117349178e-02,-1.609856437292039866e-02,1.896555084273220636e-03,-1.109301118753390838e-03,-5.774787539008187391e-06,1.885720635784025184e-02
3.939999999999677094e+00,1.238245457691155606e-02,-1.602177528420543201e-02,1.891006784364785125e-03,-1.110068317128311537e-03,-5.774787673388142505e-06,1.880227195066599619e-02
3.944999999999676543e+00,1.230257515371377917e-02,-1.594523091667653103e-02,1.885454767417604456e-03,-1.110796037938008470e-03,-5.774787816673420014e-06,1.874729839454250882e-02
3.949999999999675993e+00,1.222307771808905236e-02,-1.586893123447500817e-02,1.879899229767638923e-03,-1.111484625261368112e-03,-5.774787968810984645e-06,1.869228765589876079e-02
3.954999999999675442e+00,1.214396104674593524e-02,-1.579287619493134967e-02,1.874340366036716943e-03,-1.112134421145493128e-03,-5.774788129699405050e-06,1.863724168403923034e-02
3.959999999999674891e+00,1.206522391662650899e-02,-1.571706574862962238e-02,1.868778369142665412e-03,-1.112745765614235475e-03,-5.774788299293217581e-06,1.858216241124508589e-02
3.964999999999674341e+00,1.198686510493991893e-02,-1.564149983947152323e-02,1.863213430309403843e-03,-1.113318996676709556e-03,-5.774788477593791892e-06,1.852705175287506015e-02
3.969999999999673790e+00,1.190888338919560661e-02,-1.556617840474000536e-02,1.857645739076987544e-03,-1.113854450335780445e-03,-5.774788664534950144e-06,1.847191160746589414e-02
3.974999999999673239e+00,1.183127754723619848e-02,-1.549110137516250194e-02,1.852075483311614590e-03,-1.114352460596555999e-03,-5.774788860081579435e-06,1.841674385683243070e-02
3.979999999999672688e+00,1.175404635727010302e-02,-1.541626867497376992e-02,1.846502849215585955e-03,-1.114813359474860557e-03,-5.774789064179218086e-06,1.836155036616713213e-02
3.984999999999672138e+00,1.167718859790379399e-02,-1.534168022197833839e-02,1.840928021337228998e-03,-1.115237477005676754e-03,-5.774789276768670354e-06,1.830633298413903917e-02
3.989999999999671587e+00,1.160070304817375705e-02,-1.526733592761256308e-02,1.835351182580772806e-03,-1.115625141251591016e-03,-5.774789497815946499e-06,1.825109354299298686e-02
3.994999999999671036e+00,1.152458848757816762e-02,-1.519323569700628367e-02,1.829772514216186901e-03,-1.115976678311213699e-03,-5.774789727256579692e-06,1.819583385864749492e-02
3.999999999999670486e+00,1.144884369610822336e-02,-1.511937942904410456e-02,1.824192195888969630e-03,-1.116292412327596177e-03,-5.774789965033317282e-06,1.814055573079309883e-02
4.004999999999672156e+00,1.137346745427920101e-02,-1.504576701642628203e-02,1.818610405629903816e-03,-1.116572665496623658e-03,-5.774790211078088313e-06,1.808526094298925149e-02
4.009999999999673825e+00,1.129845854316118177e-02,-1.497239834572923305e-02,1.813027319864766876e-03,-1.116817758075389772e-03,-5.774790465365082843e-06,1.802995126276166205e-02
4.014999999999675495e+00,1.122381574440950609e-02,-1.489927329746565908e-02,1.807443113423999300e-03,-1.117028008390554689e-03,-5.774790727877430518e-06,1.797462844169898585e-02
4.019999999999677165e+00,1.114953784029490240e-02,-1.482639174614428651e-02,1.801857959552324558e-03,-1.117203732846696728e-03,-5.774790998531339451e-06,1.791929421554918148e-02
4.024999999999678835e+00,1.107562361373333470e-02,-1.475375356032923926e-02,1.796272029918342126e-03,-1.117345245934642716e-03,-5.774791277283760885e-06,1.786395030431463249e-02
4.029999999999680504e+00,1.100207184831555017e-02,-1.468135860269901248e-02,1.790685494624065207e-03,-1.117452860239782518e-03,-5.774791564118638464e-06,1.780859841234822341e-02
4.034999999999682174e+00,1.092888132833632307e-02,-1.460920673010508881e-02,1.785098522214423333e-03,-1.117526886450359927e-03,-5.774791858947596160e-06,1.775324022844785091e-02
4.039999999999683844e+00,1.085605083882342642e-02,-1.453729779363018351e-02,1.779511279686723114e-03,-1.117567633365756409e-03,-5.774792161698249076e-06,1.769787742595119173e-02
4.044999999999685514e+00,1.078357916556629478e-02,-1.446563163864610438e-02,1.773923932500065612e-03,-1.117575407904755538e-03,-5.774792472363371176e-06,1.764251166282968658e-02
4.049999999999687184e+00,1.071146509514441132e-02,-1.439420810487125266e-02,1.768336644584723831e-03,-1.117550515113784667e-03,-5.774792790884713697e-06,1.758714458178218740e-02
4.054999999999688853e+00,1.063970741495539989e-02,-1.432302702642774227e-02,1.762749578351479858e-03,-1.117493258175142291e-03,-5.774793117260170069e-06,1.753177781032833060e-02
4.059999999999690523e+00,1.056830491324283784e-02,-1.425208823189817384e-02,1.757162894700920602e-03,-1.117403938415215429e-03,-5.774793451394279677e-06,1.747641296090145582e-02
4.064999999999692193e+00,1.049725637912378960e-02,-1.418139154438202362e-02,1.751576753032689938e-03,-1.117282855312671640e-03,-5.774793793229044483e-06,1.742105163094099032e-02
4.069999999999693863e+00,1.042656060261604872e-02,-1.411093678155167681e-02,1.745991311254700739e-03,-1.117130306506632174e-03,-5.774794142687754642e-06,1.736569540298442058e-02
4.074999999999695532e+00,1.035621637466510418e-02,-1.404072375570810695e-02,1.740406725792311999e-03,-1.116946587804824734e-03,-5.774794499748123869e-06,1.731034584475886831e-02
4.079999999999697202e+00,1.028622248717083951e-02,-1.397075227383618064e-02,1.734823151597456948e-03,-1.116731993191732563e-03,-5.774794864403032853e-06,1.725500450927260759e-02
4.084999999999698872e+00,1.021657773301394567e-02,-1.390102213765962227e-02,1.729240742157734517e-03,-1.116486814836706656e-03,-5.774795236572128661e-06,1.719967293490566942e-02
4.089999999999700542e+00,1.014728090608205818e-02,-1.383153314369560231e-02,1.723659649505458096e-03,-1.116211343102077765e-03,-5.774795616194109823e-06,1.714435264550028329e-02
4.094999999999702212e+00,1.007833080129563741e-02,-1.376228508330898555e-02,1.718080024226671318e-03,-1.115905866551240638e-03,-5.774796003233444154e-06,1.708904515045056582e-02
4.099999999999703881e+00,1.000972621463356096e-02,-1.369327774276623069e-02,1.712502015470111815e-03,-1.115570671956697289e-03,-5.774796397593676626e-06,1.703375194479275767e-02
4.104999999999705551e+00,9.941465943158459342e-03,-1.362451090328892570e-02,1.706925770956143522e-03,-1.115206044308132997e-03,-5.774796799247520918e-06,1.697847450929406907e-02
4.109999999999707221e+00,9.873548785041773995e-03,-1.355598434110697088e-02,1.701351436985644103e-03,-1.114812266820429431e-03,-5.774797208120154375e-06,1.692321431054130340e-02
4.114999999999708891e+00,9.805973539588570820e-03,-1.348769782751143599e-02,1.695779158448855288e-03,-1.114389620941677117e-03,-5.774797624167816734e-06,1.686797280102948771e-02
4.119999999999710560e+00,9.738739007262063943e-03,-1.341965112890704595e-02,1.690209078834192238e-03,-1.113938386361164714e-03,-5.774798047354885177e-06,1.681275141924963232e-02
4.124999999999712230e+00,9.671843989707900116e-03,-1.335184400686434576e-02,1.684641340237011701e-03,-1.113458841017346155e-03,-5.774798477637517279e-06,1.675755158977659462e-02
4.129999999999713900e+00,9.605287289778167287e-03,-1.328427621817150454e-02,1.679076083368343962e-03,-1.112951261105795883e-03,-5.774798914972466926e-06,1.670237472335598175e-02
4.134999999999715570e+00,9.539067711555155107e-03,-1.321694751488578477e-02,1.673513447563578600e-03,-1.112415921087135662e-03,-5.774799359336232341e-06,1.664722221699118515e-02
4.139999999999717240e+00,9.473184060374865642e-03,-1.314985764438467673e-02,1.667953570791117510e-03,-1.111853093694955110e-03,-5.774799810633049675e-06,1.659209545402949917e-02
4.144999999999718909e+00,9.407635142850246518e-03,-1.308300634941668601e-02,1.662396589660985417e-03,-1.111263049943694283e-03,-5.774800268818560657e-06,1.653699580424820501e-02
4.149999999999720579e+00,9.342419766894186420e-03,-1.301639336815179834e-02,1.656842639433400927e-03,-1.110646059136513467e-03,-5.774800733885662917e-06,1.648192462394031804e-02
4.154999999999722249e+00,9.277536741742267723e-03,-1.295001843423159403e-02,1.651291854027308117e-03,-1.110002388873151903e-03,-5.774801205744692936e-06,1.642688325599962751e-02
4.159999999999723919e+00,9.212984877975248510e-03,-1.288388127681903798e-02,1.645744366028866921e-03,-1.109332305057761370e-03,-5.774801684350861305e-06,1.637187303000560423e-02
4.164999999999725588e+00,9.148762987541313868e-03,-1.281798162064794883e-02,1.640200306699913591e-03,-1.108636071906714607e-03,-5.774802169685851784e-06,1.631689526230750698e-02
4.169999999999727258e+00,9.084869883778072183e-03,-1.275231918607211239e-02,1.634659805986368470e-03,-1.107913951956395956e-03,-5.774802661657293735e-06,1.626195125610884612e-02
4.174999999999728928e+00,9.021304381434315511e-03,-1.268689368911409508e-02,1.629122992526615141e-03,-1.107166206070973142e-03,-5.774803160201870599e-06,1.620704230155071285e-02
4.179999999999730598e+00,8.958065296691516272e-03,-1.262170484151371036e-02,1.623589993659837073e-03,-1.106393093450140858e-03,-5.774803665285725622e-06,1.615216967579511873e-02
4.184999999999732267e+00,8.895151447185110569e-03,-1.255675235077617982e-02,1.618060935434311983e-03,-1.105594871636868043e-03,-5.774804176884191511e-06,1.609733464310801609e-02
4.189999999999733937e+00,8.832561652025521307e-03,-1.249203592021994567e-02,1.612535942615686470e-03,-1.104771796525096800e-03,-5.774804694947923514e-06,1.604253845494109376e-02
4.194999999999735607e+00,8.770294731818947115e-03,-1.242755524902419348e-02,1.607015138695175836e-03,-1.103924122367422019e-03,-5.774805219403378842e-06,1.598778235001525189e-02
4.199999999999737277e+00,8.708349508687930965e-03,-1.236331003227602102e-02,1.601498645897761084e-03,-1.103052101782786175e-03,-5.774805750185042038e-06,1.593306755440066988e-02
4.204999999999738947e+00,8.646724806291663373e-03,-1.229929996101731746e-02,1.595986585190327812e-03,-1.102155985764095413e-03,-5.774806287270203302e-06,1.587839528159904964e-02
4.209999999999740616e+00,8.585419449846080908e-03,-1.223552472229130772e-02,1.590479076289776040e-03,-1.101236023685868816e-03,-5.774806830585791643e-06,1.582376673262429756e-02
4.214999999999742286e+00,8.524432266143711426e-03,-1.217198399918879501e-02,1.584976237671086897e-03,-1.100292463311829767e-03,-5.774807380035094532e-06,1.576918309608317179e-02
4.219999999999743956e+00,8.463762083573311140e-03,-1.210867747089408239e-02,1.579478186575354820e-03,-1.099325550802493197e-03,-5.774807935615616611e-06,1.571464554825536403e-02
4.224999999999745626e+00,8.403407732139250158e-03,-1.204560481273057697e-02,1.573985039017777258e-03,-1.098335530722733969e-03,-5.774808497323946030e-06,1.566015525317352927e-02
4.229999999999747295e+00,8.343368043480681173e-03,-1.198276569620609390e-02,1.568496909795613799e-03,-1.097322646049324899e-03,-5.774809065053559081e-06,1.560571336270232499e-02
4.234999999999748965e+00,8.283641850890494790e-03,-1.192015978905784819e-02,1.563013912496091307e-03,-1.096287138178455049e-03,-5.774809638806713951e-06,1.555132101661774874e-02
4.239999999999750635e+00,8.224227989334019842e-03,-1.185778675529714117e-02,1.557536159504302117e-03,-1.095229246933232623e-03,-5.774810218532239687e-06,1.549697934268515036e-02
4.244999999999752305e+00,8.165125295467536362e-03,-1.179564625525373299e-02,1.552063762011033927e-03,-1.094149210571155988e-03,-5.774810804147569211e-06,1.544268945673850021e-02
4.249999999999753975e+00,8.106332607656547423e-03,-1.173373794561992194e-02,1.546596830020575183e-03,-1.093047265791565826e-03,-5.774811395586447606e-06,1.538845246275782029e-02
4.254999999999755644e+00,8.047848765993830672e-03,-1.167206147949431151e-02,1.541135472358492716e-03,-1.091923647743099244e-03,-5.774811992832170536e-06,1.533426945294658061e-02
4.259999999999757314e+00,7.989672612317276490e-03,-1.161061650642528434e-02,1.535679796679348006e-03,-1.090778590031082733e-03,-5.774812595845411107e-06,1.528014150780942527e-02
4.264999999999758984e+00,7.931802990227516253e-03,-1.154940267245416381e-02,1.530229909474398273e-03,-1.089612324724941600e-03,-5.774813204581513743e-06,1.522606969622807699e-02
4.269999999999760654e+00,7.874238745105326814e-03,-1.148841962015809647e-02,1.524785916079255061e-03,-1.088425082365557586e-03,-5.774813818968686472e-06,1.517205507553828249e-02
4.274999999999762323e+00,7.816978724128819875e-03,-1.142766698869262382e-02,1.519347920681500758e-03,-1.087217091972615853e-03,-5.774814438944586822e-06,1.511809869160595302e-02
4.279999999999763993e+00,7.760021776290429267e-03,-1.136714441383396973e-02,1.513916026328271294e-03,-1.085988581051931801e-03,-5.774815064470020885e-06,1.506420157890270978e-02
4.284999999999765663e+00,7.703366752413677056e-03,-1.130685152802101377e-02,1.508490334933805868e-03,-1.084739775602759681e-03,-5.774815695534876781e-06,1.501036476058107035e-02
4.289999999999767333e+00,7.647012505169738412e-03,-1.124678796039700265e-02,1.503070947286954187e-03,-1.083470900125061082e-03,-5.774816332044394393e-06,1.495658924854973738e-02
4.294999999999769003e+00,7.590957889093793987e-03,-1.118695333685094072e-02,1.497657963058654203e-03,-1.082182177626786652e-03,-5.774816973949926078e-06,1.490287604354796451e-02
4.299999999999770672e+00,7.535201760601178446e-03,-1.112734728005871157e-02,1.492251480809366274e-03,-1.080873829631094933e-03,-5.774817621174130106e-06,1.484922613521993950e-02
4.304999999999772342e+00,7.479742978003326923e-03,-1.106796940952390826e-02,1.486851597996474792e-03,-1.079546076183584636e-03,-5.774818273635072977e-06,1.479564050218855169e-02
4.309999999999774012e+00,7.424580401523509822e-03,-1.100881934161836856e-02,1.481458410981656643e-03,-1.078199135859475100e-03,-5.774818931348335018e-06,1.474212011212869787e-02
4.314999999999775682e+00,7.369712893312375945e-03,-1.094989668962244485e-02,1.476072015038207372e-03,-1.076833225770775469e-03,-5.774819594236702398e-06,1.468866592184090401e-02
4.319999999999777351e+00,7.315139317463284843e-03,-1.089120106376495652e-02,1.470692504358338737e-03,-1.075448561573453870e-03,-5.774820262291912311e-06,1.463527887732383494e-02
4.324999999999779021e+00,7.260858540027453553e-03,-1.083273207126289779e-02,1.465319972060432447e-03,-1.074045357474550429e-03,-5.774820935505561344e-06,1.458195991384673637e-02
4.329999999999780691e+00,7.206869429028888233e-03,-1.077448931636085239e-02,1.459954510196267031e-03,-1.072623826239288555e-03,-5.774821613770913179e-06,1.452870995602150578e-02
4.334999999999782361e+00,7.153170854479137114e-03,-1.071647240037010979e-02,1.454596209758201534e-03,-1.071184179198151959e-03,-5.774822297020100997e-06,1.447552991787439715e-02
4.339999999999784031e+00,7.099761688391835295e-03,-1.065868092170753345e-02,1.449245160686330391e-03,-1.069726626253943462e-03,-5.774822985216307664e-06,1.442242070291753324e-02
4.344999999999785700e+00,7.046640804797066511e-03,-1.060111447593414628e-02,1.443901451875597309e-03,-1.068251375888830791e-03,-5.774823678284445402e-06,1.436938320421999107e-02
4.349999999999787370e+00,6.993807079755520219e-03,-1.054377265579341597e-02,1.438565171182878792e-03,-1.066758635171364839e-03,-5.774824376239028969e-06,1.431641830447816406e-02
4.354999999999789040e+00,6.941259391372474330e-03,-1.048665505124930092e-02,1.433236405434030157e-03,-1.065248609763463873e-03,-5.774825079006293652e-06,1.426352687608628197e-02
4.359999999999790710e+00,6.888996619811572387e-03,-1.042976124952401003e-02,1.427915240430896633e-03,-1.063721503927385608e-03,-5.774825786531335624e-06,1.421070978120647123e-02
4.364999999999792379e+00,6.837017647308425532e-03,-1.037309083513548655e-02,1.422601760958288686e-03,-1.062177520532687136e-03,-5.774826498763243970e-06,1.415796787183833984e-02
4.369999999999794049e+00,6.785321358184017576e-03,-1.031664338993463527e-02,1.417296050790927417e-03,-1.060616861063146468e-03,-5.774827215673540593e-06,1.410530198988794656e-02
4.374999999999795719e+00,6.733906638857933141e-03,-1.026041849314226692e-02,1.411998192700348112e-03,-1.059039725623664788e-03,-5.774827937202801052e-06,1.405271296723706147e-02
4.379999999999797389e+00,6.682772377861396704e-03,-1.020441572138579799e-02,1.406708268461777551e-03,-1.057446312947143757e-03,-5.774828663285808044e-06,1.400020162581153658e-02
4.384999999999799059e+00,6.631917465850132101e-03,-1.014863464873566254e-02,1.401426358860970557e-03,-1.055836820401347001e-03,-5.774829393870469890e-06,1.394776877764989167e-02
4.389999999999800728e+00,6.581340795617037290e-03,-1.009307484674148124e-02,1.396152543701014229e-03,-1.054211443995738389e-03,-5.774830128902446038e-06,1.389541522497106212e-02
4.394999999999802398e+00,6.531041262104681291e-03,-1.003773588446795102e-02,1.390886901809097265e-03,-1.052570378388304698e-03,-5.774830868399598720e-06,1.384314176024181026e-02
4.399999999999804068e+00,6.481017762417622466e-03,-9.982617328530490192e-03,1.385629511043250236e-03,-1.050913816892334266e-03,-5.774831612281685962e-06,1.379094916624386269e-02
4.404999999999805738e+00,6.431269195834550707e-03,-9.927718743130605969e-03,1.380380448299043349e-03,-1.049241951483191517e-03,-5.774832360491709224e-06,1.373883821614112904e-02
4.409999999999807407e+00,6.381794463820248363e-03,-9.873039690091026110e-03,1.375139789516259059e-03,-1.047554972805061786e-03,-5.774833113016009252e-06,1.368680967354606558e-02
4.414999999999809077e+00,6.332592470037382015e-03,-9.818579728890556441e-03,1.369907609685525442e-03,-1.045853070177675320e-03,-5.774833869802679869e-06,1.363486429258588435e-02
4.419999999999810747e+00,6.283662120358120794e-03,-9.764338416698695525e-03,1.364683982854918544e-03,-1.044136431603010255e-03,-5.774834630751048665e-06,1.358300281796853692e-02
4.424999999999812417e+00,6.235002322875574272e-03,-9.710315308409976989e-03,1.359468982136527232e-03,-1.042405243771968477e-03,-5.774835395814348413e-06,1.353122598504813076e-02
4.429999999999814086e+00,6.186611987915069041e-03,-9.656509956678091533e-03,1.354262679712993746e-03,-1.040659692071034797e-03,-5.774836164958425048e-06,1.347953451989016005e-02
4.434999999999815756e+00,6.138490028045251803e-03,-9.602921911949722708e-03,1.349065146844009595e-03,-1.038899960588910310e-03,-5.774836938149962224e-06,1.342792913933645547e-02
4.439999999999817426e+00,6.090635358089020734e-03,-9.549550722498153718e-03,1.343876453872788019e-03,-1.037126232123125168e-03,-5.774837715351759102e-06,1.337641055106956675e-02
4.444999999999819096e+00,6.043046895134298983e-03,-9.496395934456631355e-03,1.338696670232497653e-03,-1.035338688186621852e-03,-5.774838496482471718e-06,1.332497945367720933e-02
4.449999999999820766e+00,5.995723558544627761e-03,-9.443457091851455848e-03,1.333525864452665168e-03,-1.033537509014323917e-03,-5.774839281539110047e-06,1.327363653671591141e-02
4.454999999999822435e+00,5.948664269969610244e-03,-9.390733736634860815e-03,1.328364104165546261e-03,-1.031722873569673737e-03,-5.774840070450662235e-06,1.322238248077483615e-02
4.459999999999824105e+00,5.901867953355175930e-03,-9.338225408717612183e-03,1.323211456112460436e-03,-1.029894959551168505e-03,-5.774840863154914558e-06,1.317121795753888568e-02
4.464999999999825775e+00,5.855333534953701020e-03,-9.285931646001395479e-03,1.318067986150097586e-03,-1.028053943398839860e-03,-5.774841659649071808e-06,1.312014362985140271e-02
4.469999999999827445e+00,5.809059943333948380e-03,-9.233851984410946373e-03,1.312933759256791188e-03,-1.026200000300741535e-03,-5.774842459850333127e-06,1.306916015177710631e-02
4.474999999999829114e+00,5.763046109390862655e-03,-9.181985957925936637e-03,1.307808839538755069e-03,-1.024333304199396676e-03,-5.774843263746040453e-06,1.301826816866420190e-02
4.479999999999830784e+00,5.717290966355198858e-03,-9.130333098612634576e-03,1.302693290236298269e-03,-1.022454027798228460e-03,-5.774844071300132206e-06,1.296746831720621725e-02
4.484999999999832454e+00,5.671793449802995692e-03,-9.078892936655317408e-03,1.297587173729985695e-03,-1.020562342567967948e-03,-5.774844882470293162e-06,1.291676122550412288e-02
4.489999999999834124e+00,5.626552497664891878e-03,-9.027665000387439034e-03,1.292490551546800074e-03,-1.018658418753049574e-03,-5.774845697172126651e-06,1.286614751312655479e-02
4.494999999999835794e+00,5.581567050235286369e-03,-8.976648816322596591e-03,1.287403484366242109e-03,-1.016742425377950912e-03,-5.774846515348747634e-06,1.281562779117200422e-02
4.499999999999837463e+00,5.536836050181349368e-03,-8.925843909185222913e-03,1.282326032026413504e-03,-1.014814530253548702e-03,-5.774847337001421580e-06,1.276520266232885302e-02
4.504999999999839133e+00,5.492358442551874623e-03,-8.875249801941063887e-03,1.277258253530067682e-03,-1.012874899983434761e-03,-5.774848162093313565e-06,1.271487272093578536e-02
4.509999999999840803e+00,5.448133174785981664e-03,-8.824866015827428564e-03,1.272200207050622547e-03,-1.010923699970208475e-03,-5.774848990569320709e-06,1.266463855304202774e-02
4.514999999999842473e+00,5.404159196721669729e-03,-8.774692070383206810e-03,1.267151949938150491e-03,-1.008961094421751510e-03,-5.774849822355089613e-06,1.261450073646679625e-02
4.519999999999844142e+00,5.360435460604219028e-03,-8.724727483478647572e-03,1.262113538725329357e-03,-1.006987246357470001e-03,-5.774850657432171052e-06,1.256445984085887736e-02
4.524999999999845812e+00,5.316960921094447158e-03,-8.674971771344920299e-03,1.257085029133366959e-03,-1.005002317614538902e-03,-5.774851495724928372e-06,1.251451642775577508e-02
4.529999999999847482e+00,5.273734535276812865e-03,-8.625424448603454322e-03,1.252066476077893283e-03,-1.003006468854083458e-03,-5.774852337177739461e-06,1.246467105064224742e-02
4.534999999999849152e+00,5.230755262667386232e-03,-8.576085028295040574e-03,1.247057933674818866e-03,-1.000999859567374339e-03,-5.774853181775350948e-06,1.241492425500913960e-02
4.539999999999850822e+00,5.188022065221656667e-03,-8.526953021908707797e-03,1.242059455246171274e-03,-9.989826480819939247e-04,-5.774854029468025060e-06,1.236527657841118670e-02
4.544999999999852491e+00,5.145533907342208189e-03,-8.478027939410397520e-03,1.237071093325886476e-03,-9.969549915679585834e-04,-5.774854880232620856e-06,1.231572855052532299e-02
4.549999999999854161e+00,5.103289755886254199e-03,-8.429309289271389241e-03,1.232092899665585255e-03,-9.949170460438450624e-04,-5.774855734005307628e-06,1.226628069320769877e-02
4.554999999999855831e+00,5.061288580173019594e-03,-8.380796578496531313e-03,1.227124925240307557e-03,-9.928689663828752475e-04,-5.774856590694579558e-06,1.221693352055150394e-02
4.559999999999857501e+00,5.019529351990992781e-03,-8.332489312652230709e-03,1.222167220254218641e-03,-9.908109063189915987e-04,-5.774857450315817920e-06,1.216768753894359109e-02
4.564999999999859170e+00,4.978011045605035441e-03,-8.284386995894245029e-03,1.217219834146291823e-03,-9.887430184529026611e-04,-5.774858312831218784e-06,1.211854324712099452e-02
4.569999999999860840e+00,4.936732637763352645e-03,-8.236489130995242047e-03,1.212282815595952610e-03,-9.866654542581062420e-04,-5.774859178201701745e-06,1.206950113622763492e-02
4.574999999999862510e+00,4.895693107704324198e-03,-8.188795219372144163e-03,1.207356212528701376e-03,-9.845783640868943729e-04,-5.774860046402657955e-06,1.202056168987016525e-02
4.579999999999864180e+00,4.854891437163205876e-03,-8.141304761113278554e-03,1.202440072121686377e-03,-9.824818971763337686e-04,-5.774860917393017326e-06,1.197172538417413598e-02
4.584999999999865850e+00,4.814326610378689281e-03,-8.094017255005284475e-03,1.197534440809279802e-03,-9.803762016542306740e-04,-5.774861791105937102e-06,1.192299268783827797e-02
4.589999999999867519e+00,4.773997614099330725e-03,-8.046932198559845345e-03,1.192639364288597447e-03,-9.782614245450501744e-04,-5.774862667508888676e-06,1.187436406219101633e-02
4.594999999999869189e+00,4.733903437589845678e-03,-8.000049088040165832e-03,1.187754887524995404e-03,-9.761377117758455882e-04,-5.774863546545753574e-06,1.182583996124478114e-02
4.599999999999870859e+00,4.694043072637277443e-03,-7.953367418487277199e-03,1.182881054757539858e-03,-9.740052081821421077e-04,-5.774864428154962665e-06,1.177742083175045869e-02
4.604999999999872529e+00,4.654415513557022717e-03,-7.906886683746120609e-03,1.178017909504447186e-03,-9.718640575138105722e-04,-5.774865312303991578e-06,1.172910711325171954e-02
4.609999999999874198e+00,4.615019757198737457e-03,-7.860606376491410113e-03,1.173165494568501489e-03,-9.697144024409077396e-04,-5.774866198927495109e-06,1.168089923813892851e-02
4.614999999999875868e+00,4.575854802952116114e-03,-7.814525988253323910e-03,1.168323852042420534e-03,-9.675563845595045245e-04,-5.774867087992876042e-06,1.163279763170363759e-02
4.619999999999877538e+00,4.536919652752531215e-03,-7.768645009442950132e-03,1.163493023314219081e-03,-9.653901443974958032e-04,-5.774867979451655294e-06,1.158480271219064148e-02
4.624999999999879208e+00,4.498213311086554124e-03,-7.722962929377554832e-03,1.158673049072528631e-03,-9.632158214203721640e-04,-5.774868873287953539e-06,1.153691489085194831e-02
4.629999999999880878e+00,4.459734784997356101e-03,-7.677479236305644397e-03,1.153863969311893101e-03,-9.610335540369819001e-04,-5.774869769456936474e-06,1.148913457199944067e-02
4.634999999999882547e+00,4.421483084089967118e-03,-7.632193417431824140e-03,1.149065823338030244e-03,-9.588434796052566810e-04,-5.774870667911355755e-06,1.144146215305750017e-02
4.639999999999884217e+00,4.383457220536429721e-03,-7.587104958941449581e-03,1.144278649773074414e-03,-9.566457344379474155e-04,-5.774871568608116040e-06,1.139389802461504911e-02
4.644999999999885887e+00,4.345656209080818455e-03,-7.542213346025091261e-03,1.139502486560779434e-03,-9.544404538082953884e-04,-5.774872471541748884e-06,1.134644257047771020e-02
4.649999999999887557e+00,4.308079067044144790e-03,-7.497518062902792241e-03,1.134737370971701954e-03,-9.522277719557195510e-04,-5.774873376673313642e-06,1.129909616771936423e-02
4.654999999999889226e+00,4.270724814329131952e-03,-7.453018592848130452e-03,1.129983339608353361e-03,-9.500078220914544812e-04,-5.774874283955392562e-06,1.125185918673354997e-02
4.659999999999890896e+00,4.233592473424878724e-03,-7.408714418212091965e-03,1.125240428410320681e-03,-9.477807364041805367e-04,-5.774875193340277361e-06,1.120473199128479459e-02
4.664999999999892566e+00,4.196681069411404424e-03,-7.364605020446743887e-03,1.120508672659363200e-03,-9.455466460656213740e-04,-5.774876104777981235e-06,1.115771493855916181e-02
4.669999999999894236e+00,4.159989629964068979e-03,-7.320689880128711247e-03,1.115788106984482190e-03,-9.433056812361406002e-04,-5.774877018242719655e-06,1.111080837921500641e-02
4.674999999999895905e+00,4.123517185357881108e-03,-7.276968476982469992e-03,1.111078765366958114e-03,-9.410579710702889848e-04,-5.774877933695651926e-06,1.106401265743326041e-02
4.679999999999897575e+00,4.087262768471692891e-03,-7.233440289903438764e-03,1.106380681145361809e-03,-9.388036437223541654e-04,-5.774878851081430373e-06,1.101732811096739657e-02
4.684999999999899245e+00,4.051225414792272890e-03,-7.190104796980889383e-03,1.101693887020541380e-03,-9.365428263518682864e-04,-5.774879770344896211e-06,1.097075507119304322e-02
4.689999999999900915e+00,4.015404162418271736e-03,-7.146961475520664797e-03,1.097018415060576789e-03,-9.342756451291103249e-04,-5.774880691443381850e-06,1.092429386315769968e-02
4.694999999999902585e+00,3.979798052064068871e-03,-7.104009802067709663e-03,1.092354296705710373e-03,-9.320022252405789267e-04,-5.774881614359366411e-06,1.087794480562969367e-02
4.699999999999904254e+00,3.944406127063514352e-03,-7.061249252428408382e-03,1.087701562773250039e-03,-9.297226908944427985e-04,-5.774882539108251497e-06,1.083170821114715944e-02
4.704999999999905924e+00,3.909227433373551816e-03,-7.018679301692750533e-03,1.083060243462442319e-03,-9.274371653259715857e-04,-5.774883465641148906e-06,1.078558438606685640e-02
4.709999999999907594e+00,3.874261019577736938e-03,-6.976299424256297670e-03,1.078430368359318972e-03,-9.251457708029434384e-04,-5.774884393888685793e-06,1.073957363061233718e-02
4.714999999999909264e+00,3.839505936889641390e-03,-6.934109093841973187e-03,1.073811966441521248e-03,-9.228486286310409780e-04,-5.774885323785923529e-06,1.069367623892203585e-02
4.719999999999910933e+00,3.804961239156154449e-03,-6.892107783521672637e-03,1.069205066083092062e-03,-9.205458591592042194e-04,-5.774886255327218335e-06,1.064789249909720188e-02
4.724999999999912603e+00,3.770625982860672295e-03,-6.850294965737684094e-03,1.064609695059243232e-03,-9.182375817849807841e-04,-5.774887188515102839e-06,1.060222269324950783e-02
4.729999999999914273e+00,3.736499227126184076e-03,-6.808670112323936784e-03,1.060025880551095177e-03,-9.159239149598541029e-04,-5.774888123277104901e-06,1.055666709754833794e-02
4.734999999999915943e+00,3.702580033718247832e-03,-6.767232694527063226e-03,1.055453649150392328e-03,-9.136049761945386595e-04,-5.774889059567640598e-06,1.051122598226762739e-02
4.739999999999917613e+00,3.668867467047867963e-03,-6.725982183027289646e-03,1.050893026864188834e-03,-9.112808820642614646e-04,-5.774889997327994451e-06,1.046589961183287155e-02
4.744999999999919282e+00,3.635360594174262983e-03,-6.684918047959140762e-03,1.046344039119513234e-03,-9.089517482140220626e-04,-5.774890936509434961e-06,1.042068824486745184e-02
4.749999999999920952e+00,3.602058484807533524e-03,-6.644039758931984119e-03,1.041806710767999300e-03,-9.066176893638244576e-04,-5.774891877117163758e-06,1.037559213423917825e-02
4.754999999999922622e+00,3.568960211311226691e-03,-6.603346785050375790e-03,1.037281066090497365e-03,-9.042788193139041607e-04,-5.774892819119680534e-06,1.033061152710595433e-02
4.759999999999924292e+00,3.536064848704799368e-03,-6.562838594934252562e-03,1.032767128801656597e-03,-9.019352509499100256e-04,-5.774893762435982680e-06,1.028574666496165010e-02
4.764999999999925961e+00,3.503371474665983951e-03,-6.522514656738939362e-03,1.028264922054482984e-03,-8.995870962480920479e-04,-5.774894707053374867e-06,1.024099778368162995e-02
4.769999999999927631e+00,3.470879169533048255e-03,-6.482374438174992766e-03,1.023774468444868697e-03,-8.972344662804414587e-04,-5.774895652975964358e-06,1.019636511356793347e-02
4.774999999999929301e+00,3.438587016306963052e-03,-6.442417406527864085e-03,1.019295790016098253e-03,-8.948774712198299518e-04,-5.774896600111947180e-06,1.015184887939419092e-02
4.779999999999930971e+00,3.406494100653468127e-03,-6.402643028677395057e-03,1.014828908263325832e-03,-8.925162203451233230e-04,-5.774897548415821571e-06,1.010744930045031839e-02
4.784999999999932641e+00,3.374599510905043794e-03,-6.363050771117155675e-03,1.010373844138035253e-03,-8.901508220462621499e-04,-5.774898497889051204e-06,1.006316659058678099e-02
4.789999999999934310e+00,3.342902338062783522e-03,-6.323640099973601610e-03,1.005930618052465909e-03,-8.877813838293280519e-04,-5.774899448535712001e-06,1.001900095825925679e-02
4.794999999999935980e+00,3.311401675798174207e-03,-6.284410481025065089e-03,1.001499249884014401e-03,-8.854080123216020353e-04,-5.774900400277297561e-06,9.974952606572379601e-03
4.799999999999937650e+00,3.280096620454778407e-03,-6.245361379720585325e-03,9.970797589796158086e-04,-8.830308132765796875e-04,-5.774901353105970287e-06,9.931021733323205924e-03
4.804999999999939320e+00,3.248986271049826829e-03,-6.206492261198568068e-03,9.926721641600967563e-04,-8.806498915789909244e-04,-5.774902306980605884e-06,9.887208531044940421e-03
4.809999999999940989e+00,3.218069729275715388e-03,-6.167802590305284695e-03,9.882764837245044173e-04,-8.782653512497791892e-04,-5.774903261859216080e-06,9.843513187049981322e-03
4.814999999999942659e+00,3.187346099501409905e-03,-6.129291831613213441e-03,9.838927354544068932e-04,-8.758772954510539790e-04,-5.774904217676612373e-06,9.799935883472922493e-03
4.819999999999944329e+00,3.156814488773763191e-03,-6.090959449439201957e-03,9.795209366181777642e-04,-8.734858264910543230e-04,-5.774905174430335827e-06,9.756476797313215488e-03
4.824999999999945999e+00,3.126474006818737595e-03,-6.052804907862489349e-03,9.751611039752432339e-04,-8.710910458290523030e-04,-5.774906132080350583e-06,9.713136100477748336e-03
4.829999999999947669e+00,3.096323766042539949e-03,-6.014827670742553013e-03,9.708132537803177819e-04,-8.686930540802708864e-04,-5.774907090603421679e-06,9.669913959822815444e-03
4.834999999999949338e+00,3.066362881532667603e-03,-5.977027201736804553e-03,9.664774017876060982e-04,-8.662919510207549214e-04,-5.774908049931156286e-06,9.626810537196281783e-03
4.839999999999951008e+00,3.036590471058865995e-03,-5.939402964318119156e-03,9.621535632549870192e-04,-8.638878355922389876e-04,-5.774909010069370135e-06,9.583825989479216254e-03
4.844999999999952678e+00,3.007005655074000347e-03,-5.901954421792218394e-03,9.578417529481660217e-04,-8.614808059069787097e-04,-5.774909970941820941e-06,9.540960468627531985e-03
4.849999999999954348e+00,2.977607556714836727e-03,-5.864681037314886485e-03,9.535419851448108039e-04,-8.590709592525858649e-04,-5.774910932515028034e-06,9.498214121713005609e-03
4.854999999999956017e+00,2.948395301802746345e-03,-5.827582273909038234e-03,9.492542736386590024e-04,-8.566583920968125340e-04,-5.774911894769607911e-06,9.455587090964312144e-03
4.859999999999957687e+00,2.919368018844314440e-03,-5.790657594481629991e-03,9.449786317436027067e-04,-8.542432000923386127e-04,-5.774912857673251348e-06,9.413079513807974877e-03
4.864999999999959357e+00,2.890524839031872410e-03,-5.753906461840416209e-03,9.407150722977471700e-04,-8.518254780815277729e-04,-5.774913821211466458e-06,9.370691522908715029e-03
4.869999999999961027e+00,2.861864896243941896e-03,-5.717328338710550746e-03,9.364636076674543418e-04,-8.494053201011712807e-04,-5.774914785362474330e-06,9.328423246209690406e-03
4.874999999999962697e+00,2.833387327045601683e-03,-5.680922687751049395e-03,9.322242497513440066e-04,-8.469828193871962530e-04,-5.774915750099752669e-06,9.286274806972949145e-03
4.879999999999964366e+00,2.805091270688765681e-03,-5.644688971571082403e-03,9.279970099842964424e-04,-8.445580683793759737e-04,-5.774916715386486880e-06,9.244246323818448852e-03
4.884999999999966036e+00,2.776975869112388064e-03,-5.608626652746136892e-03,9.237818993414136613e-04,-8.421311587259912041e-04,-5.774917681179727313e-06,9.202337910764432291e-03
4.889999999999967706e+00,2.749040266942581658e-03,-5.572735193834009275e-03,9.195789283419601593e-04,-8.397021812885025523e-04,-5.774918647477061616e-06,9.160549677266663360e-03
4.894999999999969376e+00,2.721283611492657847e-03,-5.537014057390669299e-03,9.153881070532852342e-04,-8.372712261461897742e-04,-5.774919614234813383e-06,9.118881728257175606e-03
4.899999999999971045e+00,2.693705052763091436e-03,-5.501462705985967101e-03,9.112094450947196087e-04,-8.348383826007576810e-04,-5.774920581406400037e-06,9.077334164183275753e-03
4.904999999999972715e+00,2.666303743441402266e-03,-5.466080602219192813e-03,9.070429516414476581e-04,-8.324037391809413966e-04,-5.774921548986442920e-06,9.035907081046406705e-03
4.909999999999974385e+00,2.639078838901963951e-03,-5.430867208734495646e-03,9.028886354283613153e-04,-8.299673836470862444e-04,-5.774922516940516916e-06,8.994600570440372186e-03
4.914999999999976055e+00,2.612029497205731968e-03,-5.395821988236160736e-03,8.987465047538844860e-04,-8.275294029956960836e-04,-5.774923485238194911e-06,8.953414719589729634e-03
4.919999999999977724e+00,2.585154879099898877e-03,-5.360944403503731595e-03,8.946165674837808744e-04,-8.250898834639835977e-04,-5.774924453857146572e-06,8.912349611387633194e-03
4.924999999999979394e+00,2.558454148017473215e-03,-5.326233917407002458e-03,8.904988310549339465e-04,-8.226489105343800330e-04,-5.774925422745343750e-06,8.871405324433655898e-03
4.929999999999981064e+00,2.531926470076783370e-03,-5.291689992920857975e-03,8.863933024791085689e-04,-8.202065689390412515e-04,-5.774926391861392791e-06,8.830581933071188563e-03
4.934999999999982734e+00,2.505571014080907721e-03,-5.257312093139985404e-03,8.822999883466870613e-04,-8.177629426643157279e-04,-5.774927361175235036e-06,8.789879507424842170e-03
4.939999999999984404e+00,2.479386951517033224e-03,-5.223099681293430670e-03,8.782188948303916963e-04,-8.153181149552200281e-04,-5.774928330647676577e-06,8.749298113437482469e-03
4.944999999999986073e+00,2.453373456555740708e-03,-5.189052220759031268e-03,8.741500276889650235e-04,-8.128721683198612694e-04,-5.774929300268853715e-06,8.708837812907453679e-03
4.949999999999987743e+00,2.427529706050216441e-03,-5.155169175077698243e-03,8.700933922708507361e-04,-8.104251845338738929e-04,-5.774930270020077517e-06,8.668498663524513287e-03
4.954999999999989413e+00,2.401854879535396045e-03,-5.121450007967564590e-03,8.660489935178393005e-04,-8.079772446448099232e-04,-5.774931239825513967e-06,8.628280718906741753e-03
4.959999999999991083e+00,2.376348159227034684e-03,-5.087894183338008761e-03,8.620168359686934201e-04,-8.055284289765210970e-04,-5.774932209659855417e-06,8.588184028636708031e-03
4.964999999999992752e+00,2.351008730020711333e-03,-5.054501165303520310e-03,8.579969237627555010e-04,-8.030788171335237523e-04,-5.774933179507703655e-06,8.548208638297241299e-03
4.969999999999994422e+00,2.325835779490762357e-03,-5.021270418197449313e-03,8.539892606435300730e-04,-8.006284880053421427e-04,-5.774934149347661781e-06,8.508354589507428206e-03
4.974999999999996092e+00,2.300828497889143096e-03,-4.988201406585615269e-03,8.499938499622455021e-04,-7.981775197708298498e-04,-5.774935119204922248e-06,8.468621919958068886e-03
4.979999999999997762e+00,2.275986078144229610e-03,-4.955293595279782436e-03,8.460106946813960790e-04,-7.957259899024742835e-04,-5.774936089042651830e-06,8.429010663446983784e-03
4.984999999999999432e+00,2.251307715859545821e-03,-4.922546449351005056e-03,8.420397973782516900e-04,-7.932739751706824240e-04,-5.774937058810096312e-06,8.389520849914372524e-03
4.990000000000001101e+00,2.226792609312429078e-03,-4.889959434142833808e-03,8.380811602483686801e-04,-7.908215516480484588e-04,-5.774938028484104590e-06,8.350152505476955006e-03
4.995000000000002771e+00,2.202439959452628503e-03,-4.857532015284407763e-03,8.341347851090572408e-04,-7.883687947135956152e-04,-5.774938998039554513e-06,8.310905652463751805e-03
5.000000000000004441e+00,2.178248969900837845e-03,-4.825263658703398024e-03,8.302006734028375204e-04,-7.859157790570088856e-04,-5.774939967462144777e-06,8.271780309449923430e-03
5.005000000000006111e+00,2.154218846947163722e-03,-4.793153830638834274e-03,8.262788262008731845e-04,-7.834625786828418401e-04,-5.774940936705947562e-06,8.232776491291102228e-03
5.010000000000007780e+00,2.130348799549532709e-03,-4.761201997653801213e-03,8.223692442063866527e-04,-7.810092669147104295e-04,-5.774941905773600528e-06,8.193894209157483177e-03
5.015000000000009450e+00,2.106638039332033377e-03,-4.729407626648002294e-03,8.184719277580479891e-04,-7.785559163994572969e-04,-5.774942874619518056e-06,8.155133470567777626e-03
5.020000000000011120e+00,2.083085780583193280e-03,-4.697770184870208102e-03,8.145868768333472051e-04,-7.761025991113094762e-04,-5.774943843204663786e-06,8.116494279422806213e-03
5.025000000000012790e+00,2.059691240254199560e-03,-4.666289139930568548e-03,8.107140910519455282e-04,-7.736493863560076848e-04,-5.774944811524124079e-06,8.077976636038868008e-03
5.030000000000014460e+00,2.036453637957055373e-03,-4.634963959812801043e-03,8.068535696790031433e-04,-7.711963487749209792e-04,-5.774945779514964388e-06,8.039580537181137410e-03
5.035000000000016129e+00,2.013372195962674725e-03,-4.603794112886263300e-03,8.030053116284896963e-04,-7.687435563491482916e-04,-5.774946747157250639e-06,8.001305976096637768e-03
5.040000000000017799e+00,1.990446139198918767e-03,-4.572779067917891703e-03,7.991693154664735463e-04,-7.662910784035953556e-04,-5.774947714461962074e-06,7.963152942546928778e-03
5.045000000000019469e+00,1.967674695248573542e-03,-4.541918294084027787e-03,7.953455794143890088e-04,-7.638389836110252851e-04,-5.774948681384758211e-06,7.925121422840922247e-03
5.050000000000021139e+00,1.945057094347266364e-03,-4.511211260982112004e-03,7.915341013522838665e-04,-7.613873399961083952e-04,-5.774949647891264759e-06,7.887211399867231215e-03
5.055000000000022808e+00,1.922592569381328205e-03,-4.480657438642271680e-03,7.877348788220537613e-04,-7.589362149394398216e-04,-5.774950613969796053e-06,7.849422853126295299e-03
5.060000000000024478e+00,1.900280355885593415e-03,-4.450256297538771923e-03,7.839479090306404824e-04,-7.564856751815372989e-04,-5.774951579574805435e-06,7.811755758762815686e-03
5.065000000000026148e+00,1.878119692041146753e-03,-4.420007308601354643e-03,7.801731888532264592e-04,-7.540357868268432765e-04,-5.774952544725902567e-06,7.774210089597055617e-03
5.070000000000027818e+00,1.856109818673011645e-03,-4.389909943226464814e-03,7.764107148364007404e-04,-7.515866153476781367e-04,-5.774953509402148794e-06,7.736785815156669091e-03
5.075000000000029488e+00,1.834249979247783591e-03,-4.359963673288352708e-03,7.726604832013086012e-04,-7.491382255881867984e-04,-5.774954473552877992e-06,7.699482901708126249e-03
5.080000000000031157e+00,1.812539419871208712e-03,-4.330167971150059025e-03,7.689224898467794667e-04,-7.466906817682784914e-04,-5.774955437111891996e-06,7.662301312288091054e-03
5.085000000000032827e+00,1.790977389285707206e-03,-4.300522309674284678e-03,7.651967303524373791e-04,-7.442440474875333537e-04,-5.774956400116958311e-06,7.625241006734231712e-03
5.090000000000034497e+00,1.769563138867842177e-03,-4.271026162234146939e-03,7.614831999817882639e-04,-7.417983857290949340e-04,-5.774957362479065633e-06,7.588301941716299980e-03
5.095000000000036167e+00,1.748295922625736415e-03,-4.241679002723817635e-03,7.577818936852947270e-04,-7.393537588635523943e-04,-5.774958324181815403e-06,7.551484070766595509e-03
5.100000000000037836e+00,1.727174997196435609e-03,-4.212480305569050315e-03,7.540928061034175671e-04,-7.369102286527938733e-04,-5.774959285228959979e-06,7.514787344310651374e-03
5.105000000000039506e+00,1.706199621843219535e-03,-4.183429545737592063e-03,7.504159315696596732e-04,-7.344678562538506329e-04,-5.774960245655728306e-06,7.478211709696929929e-03
5.110000000000041176e+00,1.685369058452860103e-03,-4.154526198749486886e-03,7.467512641135699153e-04,-7.320267022227134506e-04,-5.774961205422987463e-06,7.441757111227725180e-03
5.115000000000042846e+00,1.664682571532831272e-03,-4.125769740687261142e-03,7.430987974637399875e-04,-7.295868265181438064e-04,-5.774962164513796791e-06,7.405423490188436236e-03
5.120000000000044516e+00,1.644139428208464971e-03,-4.097159648206003153e-03,7.394585250507784832e-04,-7.271482885054511352e-04,-5.774963122868172805e-06,7.369210784877507775e-03
5.125000000000046185e+00,1.623738898220059316e-03,-4.068695398543329192e-03,7.358304400102653456e-04,-7.247111469602747404e-04,-5.774964080449957363e-06,7.333118930635983655e-03
5.130000000000047855e+00,1.603480253919935868e-03,-4.040376469529241912e-03,7.322145351856903812e-04,-7.222754600723253759e-04,-5.774965037290182362e-06,7.297147859876580017e-03
5.135000000000049525e+00,1.583362770269449186e-03,-4.012202339595881233e-03,7.286108031313699804e-04,-7.198412854491228162e-04,-5.774965993349631873e-06,7.261297502113077569e-03
5.140000000000051195e+00,1.563385724835947158e-03,-3.984172487787163326e-03,7.250192361153482258e-04,-7.174086801197112001e-04,-5.774966948602385840e-06,7.225567783989105854e-03
5.145000000000052864e+00,1.543548397789682976e-03,-3.956286393768318130e-03,7.214398261222763160e-04,-7.149777005383552934e-04,-5.774967903036385901e-06,7.189958629307035068e-03
5.150000000000054534e+00,1.523850071900681794e-03,-3.928543537835313230e-03,7.178725648562765942e-04,-7.125484025882235228e-04,-5.774968856599585270e-06,7.154469959056459355e-03
5.155000000000056204e+00,1.504290032535557289e-03,-3.900943400924175835e-03,7.143174437437852181e-04,-7.101208415850520381e-04,-5.774969809265810630e-06,7.119101691442715658e-03
5.160000000000057874e+00,1.484867567654285731e-03,-3.873485464620208055e-03,7.107744539363785663e-04,-7.076950722807930517e-04,-5.774970761008475309e-06,7.083853741914940272e-03
5.165000000000059543e+00,1.465581967806931256e-03,-3.846169211167104612e-03,7.072435863135820809e-04,-7.052711488672357490e-04,-5.774971711823207772e-06,7.048726023194164421e-03
5.170000000000061213e+00,1.446432526130326471e-03,-3.818994123475953455e-03,7.037248314856573176e-04,-7.028491249796303426e-04,-5.774972661690375488e-06,7.013718445301265862e-03
5.175000000000062883e+00,1.427418538344710783e-03,-3.791959685134142690e-03,7.002181797963805392e-04,-7.004290537002745044e-04,-5.774973610618970559e-06,6.978830915584370576e-03
5.180000000000064553e+00,1.408539302750320575e-03,-3.765065380414168647e-03,6.967236213257857469e-04,-6.980109875620851617e-04,-5.774974558559342455e-06,6.944063338746952682e-03
5.185000000000066223e+00,1.389794120223938629e-03,-3.738310694282327273e-03,6.932411458929091212e-04,-6.955949785521770143e-04,-5.774975505491176784e-06,6.909415616874377448e-03
5.190000000000067892e+00,1.371182294215399309e-03,-3.711695112407321830e-03,6.897707430585035392e-04,-6.931810781153878182e-04,-5.774976451387365105e-06,6.874887649461537166e-03
5.195000000000069562e+00,1.352703130744051458e-03,-3.685218121168759575e-03,6.863124021277402977e-04,-6.907693371578160291e-04,-5.774977396231643537e-06,6.840479333439684721e-03
5.200000000000071232e+00,1.334355938395178146e-03,-3.658879207665550852e-03,6.828661121528909958e-04,-6.883598060503239675e-04,-5.774978340034959982e-06,6.806190563203213389e-03
5.205000000000072902e+00,1.316140028316375435e-03,-3.632677859724212348e-03,6.794318619359933711e-04,-6.859525346320325279e-04,-5.774979282759891677e-06,6.772021230636278769e-03
5.210000000000074571e+00,1.298054714213890378e-03,-3.606613565907068868e-03,6.760096400315004396e-04,-6.835475722137945289e-04,-5.774980224419716709e-06,6.737971225139235965e-03
5.215000000000076241e+00,1.280099312348917167e-03,-3.580685815520357959e-03,6.725994347489103360e-04,-6.811449675816594980e-04,-5.774981165007352191e-06,6.704040433655018665e-03
5.220000000000077911e+00,1.262273141533853818e-03,-3.554894098622238263e-03,6.692012341553780488e-04,-6.787447690003097249e-04,-5.774982104479099692e-06,6.670228740695094936e-03
5.225000000000079581e+00,1.244575523128519171e-03,-3.529237906030703326e-03,6.658150260783156620e-04,-6.763470242164872082e-04,-5.774983042792255198e-06,6.636536028365369252e-03
5.230000000000081251e+00,1.227005781036330208e-03,-3.503716729331396960e-03,6.624407981079683113e-04,-6.739517804624050971e-04,-5.774983979951802653e-06,6.602962176392177321e-03
5.235000000000082920e+00,1.209563241700440132e-03,-3.478330060885333197e-03,6.590785375999763706e-04,-6.715590844591395100e-04,-5.774984915941946585e-06,6.569507062147625191e-03
5.240000000000084590e+00,1.192247234099840219e-03,-3.453077393836522999e-03,6.557282316779248447e-04,-6.691689824200042214e-04,-5.774985850742240465e-06,6.536170560674998617e-03
5.245000000000086260e+00,1.175057089745420698e-03,-3.427958222119512500e-03,6.523898672358635978e-04,-6.667815200539106051e-04,-5.774986784328517598e-06,6.502952544714371043e-03
5.250000000000087930e+00,1.157992142675996717e-03,-3.402972040466816731e-03,6.490634309408289905e-04,-6.643967425687125061e-04,-5.774987716666582416e-06,6.469852884727011165e-03
5.255000000000089599e+00,1.141051729454296143e-03,-3.378118344416275280e-03,6.457489092353326660e-04,-6.620146946745262845e-04,-5.774988647736516940e-06,6.436871448921049899e-03
5.260000000000091269e+00,1.124235189162912018e-03,-3.353396630318304737e-03,6.424462883398409036e-04,-6.596354205870466310e-04,-5.774989577547148945e-06,6.404008103275837631e-03
5.265000000000092939e+00,1.107541863400217071e-03,-3.328806395343063100e-03,6.391555542552385767e-04,-6.572589640308447098e-04,-5.774990506068742495e-06,6.371262711566529589e-03
5.270000000000094609e+00,1.090971096276244830e-03,-3.304347137487527019e-03,6.358766927652719685e-04,-6.548853682426380041e-04,-5.774991433264966652e-06,6.338635135388602689e-03
5.275000000000096279e+00,1.074522234408534531e-03,-3.280018355582477087e-03,6.326096894389807461e-04,-6.525146759745528973e-04,-5.774992359161051985e-06,6.306125234182021096e-03
5.280000000000097948e+00,1.058194626917940886e-03,-3.255819549299393371e-03,6.293545296331094427e-04,-6.501469294973767372e-04,-5.774993283718315349e-06,6.273732865255552717e-03
5.285000000000099618e+00,1.041987625424411340e-03,-3.231750219157261596e-03,6.261111984945037616e-04,-6.477821706037847471e-04,-5.774994206944729862e-06,6.241457883810465519e-03
5.290000000000101288e+00,1.025900584042726887e-03,-3.207809866529294333e-03,6.228796809624927849e-04,-6.454204406115526252e-04,-5.774995128782552444e-06,6.209300142964353092e-03
5.295000000000102958e+00,1.009932859378212533e-03,-3.183997993649563714e-03,6.196599617712526429e-04,-6.430617803667547242e-04,-5.774996049238799067e-06,6.177259493774852651e-03
5.300000000000104627e+00,9.940838105224130642e-04,-3.160314103619547843e-03,6.164520254521555463e-04,-6.407062302469434742e-04,-5.774996968254105427e-06,6.145335785263047329e-03
5.305000000000106297e+00,9.783527990487367234e-04,-3.136757700414587006e-03,6.132558563361020136e-04,-6.383538301643231676e-04,-5.774997885827195046e-06,6.113528864436801671e-03
5.310000000000107967e+00,9.627391890080662503e-04,-3.113328288890260514e-03,6.100714385558378113e-04,-6.360046195688940371e-04,-5.774998801975078886e-06,6.081838576313787492e-03
5.315000000000109637e+00,9.472423469243396741e-04,-3.090025374788675071e-03,6.068987560482592926e-04,-6.336586374515922136e-04,-5.774999716681413448e-06,6.050264763944513194e-03
5.320000000000111307e+00,9.318616417900991208e-04,-3.066848464744674225e-03,6.037377925566922822e-04,-6.313159223473968325e-04,-5.775000629940183101e-06,6.018807268435404263e-03
5.325000000000112976e+00,9.165964450620082884e-04,-3.043797066291950657e-03,6.005885316331672748e-04,-6.289765123384499345e-04,-5.775001541735392478e-06,5.987465928971101407e-03
5.330000000000114646e+00,9.014461306563406476e-04,-3.020870687869092568e-03,5.974509566406722982e-04,-6.266404450571366833e-04,-5.775002452027980652e-06,5.956240582837188033e-03
5.335000000000116316e+00,8.864100749444366349e-04,-2.998068838825538110e-03,5.943250507553934176e-04,-6.243077576891528993e-04,-5.775003360848180772e-06,5.925131065442459759e-03
5.340000000000117986e+00,8.714876567481326559e-04,-2.975391029427446998e-03,5.912107969689374583e-04,-6.219784869765723756e-04,-5.775004268180874146e-06,5.894137210341334442e-03
5.345000000000119655e+00,8.566782573351596234e-04,-2.952836770863495348e-03,5.881081780905423684e-04,-6.196526692208804759e-04,-5.775005173988542296e-06,5.863258849255663721e-03
5.350000000000121325e+00,8.419812604145133052e-04,-2.930405575250586824e-03,5.850171767492685004e-04,-6.173303402860041544e-04,-5.775006078228648076e-06,5.832495812096875898e-03
5.355000000000122995e+00,8.273960521317967002e-04,-2.908096955639485285e-03,5.819377753961797002e-04,-6.150115356013239774e-04,-5.775006980888571541e-06,5.801847926987537679e-03
5.360000000000124665e+00,8.129220210645340082e-04,-2.885910426020368499e-03,5.788699563065049895e-04,-6.126962901646670640e-04,-5.775007882004193853e-06,5.771315020283106743e-03
5.365000000000126334e+00,7.985585582174567357e-04,-2.863845501328297731e-03,5.758137015817888643e-04,-6.103846385452921111e-04,-5.775008781500741487e-06,5.740896916593301799e-03
5.370000000000128004e+00,7.843050570177643229e-04,-2.841901697448618799e-03,5.727689931520228359e-04,-6.080766148868478561e-04,-5.775009679399749406e-06,5.710593438803516012e-03
5.375000000000129674e+00,7.701609133103554973e-04,-2.820078531222275971e-03,5.697358127777664557e-04,-6.057722529103272023e-04,-5.775010575702653332e-06,5.680404408095897362e-03
5.380000000000131344e+00,7.561255253530357748e-04,-2.798375520451051261e-03,5.667141420522505595e-04,-6.034715859170081175e-04,-5.775011470383844071e-06,5.650329643970468906e-03
5.385000000000133014e+00,7.421982938116969885e-04,-2.776792183902727831e-03,5.637039624034666328e-04,-6.011746467913705715e-04,-5.775012363427790427e-06,5.620368964265869127e-03
5.390000000000134683e+00,7.283786217554725313e-04,-2.755328041316181410e-03,5.607052550962444678e-04,-5.988814680039963433e-04,-5.775013254830037006e-06,5.590522185180125253e-03
5.395000000000136353e+00,7.146659146518667943e-04,-2.733982613406388002e-03,5.577180012343057507e-04,-5.965920816144686112e-04,-5.775014144574138664e-06,5.560789121291472535e-03
5.400000000000138023e+00,7.010595803618604278e-04,-2.712755421869360913e-03,5.547421817623197091e-04,-5.943065192742476906e-04,-5.775015032664895536e-06,5.531169585578194284e-03
5.405000000000139693e+00,6.875590291349896899e-04,-2.691645989387018382e-03,5.517777774679290519e-04,-5.920248122295196673e-04,-5.775015919066569609e-06,5.501663389439612889e-03
5.410000000000141362e+00,6.741636736044034602e-04,-2.670653839631965780e-03,5.488247689837687541e-04,-5.897469913240564136e-04,-5.775016803808078586e-06,5.472270342715971486e-03
5.415000000000143032e+00,6.608729287818952084e-04,-2.649778497272213627e-03,5.458831367894697705e-04,-5.874730870020438388e-04,-5.775017686838198999e-06,5.442990253708378072e-03
5.420000000000144702e+00,6.476862120529124122e-04,-2.629019487975817106e-03,5.429528612136476796e-04,-5.852031293108996219e-04,-5.775018568094983091e-06,5.413822929198741814e-03
5.425000000000146372e+00,6.346029431715426638e-04,-2.608376338415450534e-03,5.400339224358786418e-04,-5.829371479040742479e-04,-5.775019447604128997e-06,5.384768174469475172e-03
5.430000000000148042e+00,6.216225442554771177e-04,-2.587848576272901591e-03,5.371263004886602877e-04,-5.806751720438430454e-04,-5.775020325380031192e-06,5.355825793323137907e-03
5.435000000000149711e+00,6.087444397809516029e-04,-2.567435730243500074e-03,5.342299752593594872e-04,-5.784172306040780576e-04,-5.775021201392790263e-06,5.326995588101837362e-03
5.440000000000151381e+00,5.959680565776660516e-04,-2.547137330040475517e-03,5.313449264921451566e-04,-5.761633520730049520e-04,-5.775022075625232615e-06,5.298277359706608791e-03
5.445000000000153051e+00,5.832928238236820273e-04,-2.526952906399242398e-03,5.284711337899091399e-04,-5.739135645559493041e-04,-5.775022948057819739e-06,5.269670907616556300e-03
5.450000000000154721e+00,5.707181730402994353e-04,-2.506881991081615080e-03,5.256085766161713684e-04,-5.716678957780736660e-04,-5.775023818694705486e-06,5.241176029907987713e-03
5.455000000000156390e+00,5.582435380869123090e-04,-2.486924116879958568e-03,5.227572342969716854e-04,-5.694263730870867705e-04,-5.775024687534071275e-06,5.212792523273172135e-03
5.460000000000158060e+00,5.458683551558433456e-04,-2.467078817621264249e-03,5.199170860227516960e-04,-5.671890234559486162e-04,-5.775025554539899571e-06,5.184520183039145226e-03
5.465000000000159730e+00,5.335920627671590340e-04,-2.447345628171164467e-03,5.170881108502169924e-04,-5.649558734855600469e-04,-5.775026419679450858e-06,5.156358803186574316e-03
5.470000000000161400e+00,5.214141017634649428e-04,-2.427724084437873388e-03,5.142702877041909230e-04,-5.627269494074368288e-04,-5.775027282982479708e-06,5.128308176367940042e-03
5.475000000000163070e+00,5.093339153046810581e-04,-2.408213723376064971e-03,5.114635953794531825e-04,-5.605022770863665954e-04,-5.775028144462764806e-06,5.100368093926109167e-03
5.480000000000164739e+00,4.973509488627980398e-04,-2.388814082990678954e-03,5.086680125425654996e-04,-5.582818820230628669e-04,-5.775029004098507759e-06,5.072538345912569989e-03
5.485000000000166409e+00,4.854646502166149922e-04,-2.369524702340669153e-03,5.058835177336835562e-04,-5.560657893567923964e-04,-5.775029861894936455e-06,5.044818721105480408e-03
5.490000000000168079e+00,4.736744694464579898e-04,-2.350345121542680646e-03,5.031100893683552447e-04,-5.538540238679927601e-04,-5.775030717823710019e-06,5.017209007027670017e-03
5.495000000000169749e+00,4.619798589288812564e-04,-2.331274881774661901e-03,5.003477057393090595e-04,-5.516466099808804051e-04,-5.775031571881680028e-06,4.989708989964435765e-03
5.500000000000171418e+00,4.503802733313499659e-04,-2.312313525279414018e-03,4.975963450182260090e-04,-5.494435717660417842e-04,-5.775032424058614325e-06,4.962318454981399195e-03
5.505000000000173088e+00,4.388751696069054264e-04,-2.293460595368076223e-03,4.948559852574989501e-04,-5.472449329430096373e-04,-5.775033274355878328e-06,4.935037185941994198e-03
5.510000000000174758e+00,4.274640069888134032e-04,-2.274715636423544143e-03,4.921266043919820567e-04,-5.450507168828278882e-04,-5.775034122760468385e-06,4.907864965524887969e-03
5.515000000000176428e+00,4.161462469851949877e-04,-2.256078193903835166e-03,4.894081802407235920e-04,-5.428609466105943160e-04,-5.775034969311945171e-06,4.880801575241459217e-03
5.520000000000178098e+00,4.049213533736416358e-04,-2.237547814345375308e-03,4.867006905086889768e-04,-5.406756448080117907e-04,-5.775035813956665243e-06,4.853846795452948504e-03
5.525000000000179767e+00,3.937887921958131308e-04,-2.219124045366237946e-03,4.840041127884691665e-04,-5.384948338159017793e-04,-5.775036656640669214e-06,4.827000405387457671e-03
5.530000000000181437e+00,3.827480317520199878e-04,-2.200806435669314456e-03,4.813184245619784576e-04,-5.363185356367144909e-04,-5.775037497375313253e-06,4.800262183156953598e-03
5.535000000000183107e+00,3.717985425957903538e-04,-2.182594535045426741e-03,4.786436032021372782e-04,-5.341467719370274203e-04,-5.775038336136967684e-06,4.773631905774183490e-03
5.540000000000184777e+00,3.609397975284207535e-04,-2.164487894376374271e-03,4.759796259745452201e-04,-5.319795640500275206e-04,-5.775039172903484288e-06,4.747109349169252764e-03
5.545000000000186446e+00,3.501712715935124693e-04,-2.146486065637928653e-03,4.733264700391400306e-04,-5.298169329779774377e-04,-5.775040007683063192e-06,4.720694288206320893e-03
5.550000000000188116e+00,3.394924420714934472e-04,-2.128588601902758372e-03,4.706841124518446246e-04,-5.276588993946812033e-04,-5.775040840465641644e-06,4.694386496700066538e-03
5.555000000000189786e+00,3.289027884741244274e-04,-2.110795057343306264e-03,4.680525301662014645e-04,-5.255054836479174010e-04,-5.775041671274565567e-06,4.668185747431918484e-03
5.560000000000191456e+00,3.184017925389922817e-04,-2.093104987234596301e-03,4.654317000349957197e-04,-5.233567057618760190e-04,-5.775042500082992485e-06,4.642091812166362040e-03
5.565000000000193126e+00,3.079889382239889306e-04,-2.075517947956993098e-03,4.628215988118662824e-04,-5.212125854395696081e-04,-5.775043326906390069e-06,4.616104461666998247e-03
5.570000000000194795e+00,2.976637117017761659e-04,-2.058033496998890304e-03,4.602222031529027433e-04,-5.190731420652498589e-04,-5.775044151705445824e-06,4.590223465712622158e-03
5.575000000000196465e+00,2.874256013542379512e-04,-2.040651192959359525e-03,4.576334896182343982e-04,-5.169383947067810294e-04,-5.775044974492973665e-06,4.564448593112841422e-03
5.580000000000198135e+00,2.772740977669192774e-04,-2.023370595550725518e-03,4.550554346736006067e-04,-5.148083621180321286e-04,-5.775045795258460219e-06,4.538779611724165844e-03
5.585000000000199805e+00,2.672086937234524964e-04,-2.006191265601094120e-03,4.524880146919186565e-04,-5.126830627412340803e-04,-5.775046614003757947e-06,4.513216288465191420e-03
5.590000000000201474e+00,2.572288841999709154e-04,-1.989112765056820324e-03,4.499312059548316793e-04,-5.105625147093386220e-04,-5.775047430731533310e-06,4.487758389332564997e-03
5.595000000000203144e+00,2.473341663595102474e-04,-1.972134656984926050e-03,4.473849846542482717e-04,-5.084467358483480380e-04,-5.775048245402678795e-06,4.462405679416052082e-03
5.600000000000204814e+00,2.375240395463985973e-04,-1.955256505575456768e-03,4.448493268938704076e-04,-5.063357436796498811e-04,-5.775049058028925809e-06,4.437157922913987154e-03
5.605000000000206484e+00,2.277980052806343316e-04,-1.938477876143780872e-03,4.423242086907094774e-04,-5.042295554223369478e-04,-5.775049868615640306e-06,4.412014883148325864e-03
5.610000000000208153e+00,2.181555672522525902e-04,-1.921798335132849159e-03,4.398096059765897519e-04,-5.021281879954910422e-04,-5.775050677098884004e-06,4.386976322579639112e-03
5.615000000000209823e+00,2.085962313156810666e-04,-1.905217450115384917e-03,4.373054945996450687e-04,-5.000316580204867967e-04,-5.775051483465009508e-06,4.362042002822193870e-03
5.620000000000211493e+00,1.991195054840846728e-04,-1.888734789796026525e-03,4.348118503257947568e-04,-4.979399818232657865e-04,-5.775052287755118244e-06,4.337211684658816291e-03
5.625000000000213163e+00,1.897248999236997703e-04,-1.872349924013418012e-03,4.323286488402175009e-04,-4.958531754365987174e-04,-5.775053089978003262e-06,4.312485128055239605e-03
5.630000000000214833e+00,1.804119269481581009e-04,-1.856062423742249525e-03,4.298558657488095935e-04,-4.937712546023333019e-04,-5.775053890129274390e-06,4.287862092174977643e-03
5.635000000000216502e+00,1.711801010128006877e-04,-1.839871861095239034e-03,4.273934765796323447e-04,-4.916942347736388830e-04,-5.775054688184058505e-06,4.263342335393769875e-03
5.640000000000218172e+00,1.620289387089817628e-04,-1.823777809325067417e-03,4.249414567843494634e-04,-4.896221311172294826e-04,-5.775055484153924384e-06,4.238925615313870326e-03
5.645000000000219842e+00,1.529579587583635597e-04,-1.807779842826260416e-03,4.224997817396518069e-04,-4.875549585155831631e-04,-5.775056278031269058e-06,4.214611688778421503e-03
5.650000000000221512e+00,1.439666820072016190e-04,-1.791877537137020939e-03,4.200684267486714521e-04,-4.854927315691399763e-04,-5.775057069825045667e-06,4.190400311885437122e-03
5.655000000000223181e+00,1.350546314206209602e-04,-1.776070468941009541e-03,4.176473670423863876e-04,-4.834354645984916725e-04,-5.775057859498294773e-06,4.166291240001898481e-03
5.660000000000224851e+00,1.262213320768838505e-04,-1.760358216069076321e-03,4.152365777810120874e-04,-4.813831716465644703e-04,-5.775058647053783635e-06,4.142284227777777092e-03
5.665000000000226521e+00,1.174663111616486966e-04,-1.744740357500942527e-03,4.128360340553836514e-04,-4.793358664807787330e-04,-5.775059432475209408e-06,4.118379029159692159e-03
5.670000000000228191e+00,1.087890979622209816e-04,-1.729216473366833578e-03,4.104457108883266710e-04,-4.772935625952050677e-04,-5.775060215755106345e-06,4.094575397404740663e-03
5.675000000000229861e+00,1.001892238617959073e-04,-1.713786144949062647e-03,4.080655832360162221e-04,-4.752562732127068169e-04,-5.775060996869759217e-06,4.070873085094084583e-03
5.680000000000231530e+00,9.166622233369348832e-05,-1.698448954683564813e-03,4.056956259893304919e-04,-4.732240112870713289e-04,-5.775061775830565699e-06,4.047271844146313469e-03
5.685000000000233200e+00,8.321962893558600182e-05,-1.683204486161385014e-03,4.033358139751841301e-04,-4.711967895051287600e-04,-5.775062552628770012e-06,4.023771425831152229e-03
5.690000000000234870e+00,7.484898130371816019e-05,-1.668052324130119175e-03,4.009861219578593245e-04,-4.691746202888543425e-04,-5.775063327270431829e-06,4.000371580782311962e-03
5.695000000000236540e+00,6.655381914712026319e-05,-1.652992054495306101e-03,3.986465246403241903e-04,-4.671575157974666411e-04,-5.775064099779344306e-06,3.977072059010914110e-03
5.700000000000238209e+00,5.833368424181443839e-05,-1.638023264321776225e-03,3.963169966655392886e-04,-4.651454879295017944e-04,-5.775064870127709516e-06,3.953872609918576350e-03
5.705000000000239879e+00,5.018812042501436281e-05,-1.623145541834946368e-03,3.939975126177546025e-04,-4.631385483248995740e-04,-5.775065638317742449e-06,3.930772982310394396e-03
5.710000000000241549e+00,4.211667358931861494e-05,-1.608358476422080009e-03,3.916880470237972447e-04,-4.611367083670452082e-04,-5.775066404337370346e-06,3.907772924407642776e-03
5.715000000000243219e+00,3.411889167689783318e-05,-1.593661658633489884e-03,3.893885743543464245e-04,-4.591399791848308301e-04,-5.775067168180146438e-06,3.884872183860803470e-03
5.720000000000244889e+00,2.619432467367606370e-05,-1.579054680183704807e-03,3.870990690252006637e-04,-4.571483716546807124e-04,-5.775067929821678718e-06,3.862070507761981332e-03
5.725000000000246558e+00,1.834252460350637549e-05,-1.564537133952584877e-03,3.848195053985341155e-04,-4.551618964025888094e-04,-5.775068689268577431e-06,3.839367642657654303e-03
5.730000000000248228e+00,1.056304552234098167e-05,-1.550108613986400045e-03,3.825498577841416085e-04,-4.531805638061175913e-04,-5.775069446507266332e-06,3.816763334560986046e-03
5.735000000000249898e+00,2.855443512396187894e-06,-1.535768715498855982e-03,3.802901004406758294e-04,-4.512043839964083184e-04,-5.775070201540106950e-06,3.794257328964295139e-03
5.740000000000251568e+00,-4.780723323687717730e-06,-1.521517034872081359e-03,3.780402075768723633e-04,-4.492333668601709309e-04,-5.775070954382823604e-06,3.771849370851314363e-03
5.745000000000253237e+00,-1.234589486869135957e-05,-1.507353169657571967e-03,3.758001533527663310e-04,-4.472675220416602788e-04,-5.775071705005986982e-06,3.749539204709263079e-03
5.750000000000254907e+00,-1.984050899666576541e-05,-1.493276718577089303e-03,3.735699118808995397e-04,-4.453068589446460088e-04,-5.775072453410942171e-06,3.727326574541011111e-03
5.755000000000256577e+00,-2.726500157878623235e-05,-1.479287281523519260e-03,3.713494572275127803e-04,-4.433513867343678687e-04,-5.775073199617148908e-06,3.705211223877065245e-03
5.760000000000258247e+00,-3.461980648921033634e-05,-1.465384459561687447e-03,3.691387634137387208e-04,-4.414011143394811452e-04,-5.775073943607967228e-06,3.683192895787177571e-03
5.765000000000259917e+00,-4.190535561093993214e-05,-1.451567854929133525e-03,3.669378044167746333e-04,-4.394560504539893634e-04,-5.775074685399722846e-06,3.661271332892534515e-03
5.770000000000261586e+00,-4.912207884168684968e-05,-1.437837071036843044e-03,3.647465541710508390e-04,-4.375162035391694498e-04,-5.775075424992498771e-06,3.639446277377173487e-03
5.775000000000263256e+00,-5.627040409974218185e-05,-1.424191712469935912e-03,3.625649865693898288e-04,-4.355815818254865418e-04,-5.775076162406235005e-06,3.617717470999596858e-03
5.780000000000264926e+00,-6.335075732984885206e-05,-1.410631384988322336e-03,3.603930754641504757e-04,-4.336521933144869508e-04,-5.775076897610746683e-06,3.596084655104339958e-03
5.785000000000266596e+00,-7.036356250907735302e-05,-1.397155695527308459e-03,3.582307946683722477e-04,-4.317280457806954618e-04,-5.775077630619612589e-06,3.574547570633155279e-03
5.790000000000268265e+00,-7.730924165270437222e-05,-1.383764252198168600e-03,3.560781179569012605e-04,-4.298091467734921410e-04,-5.775078361369749097e-06,3.553105958136617767e-03
5.795000000000269935e+00,-8.418821482009426348e-05,-1.370456664288676515e-03,3.539350190675105831e-04,-4.278955036189765137e-04,-5.775079089927146851e-06,3.531759557785129917e-03
5.800000000000271605e+00,-9.100090012058286305e-05,-1.357232542263593720e-03,3.518014717020115996e-04,-4.259871234218352647e-04,-5.775079816233276721e-06,3.510508109380098152e-03
5.805000000000273275e+00,-9.774771371936384005e-05,-1.344091497765124640e-03,3.496774495273551791e-04,-4.240840130671772509e-04,-5.775080540294759963e-06,3.489351352364873302e-03
5.810000000000274945e+00,-1.044290698433770527e-04,-1.331033143613329257e-03,3.475629261767238464e-04,-4.221861792223791923e-04,-5.775081262129124230e-06,3.468289025835824633e-03
5.815000000000276614e+00,-1.110453807871989779e-04,-1.318057093806498893e-03,3.454578752506151716e-04,-4.202936283389050722e-04,-5.775081981738388850e-06,3.447320868553019248e-03
5.820000000000278284e+00,-1.175970569189347677e-04,-1.305162963521494697e-03,3.433622703179154551e-04,-4.184063666541221757e-04,-5.775082699111452607e-06,3.426446618951090560e-03
5.825000000000279954e+00,-1.240845066861120396e-04,-1.292350369114046672e-03,3.412760849169639262e-04,-4.165244001931052019e-04,-5.775083414246680728e-06,3.405666015149839618e-03
5.830000000000281624e+00,-1.305081366215758330e-04,-1.279618928119014747e-03,3.391992925566118464e-04,-4.146477347704367444e-04,-5.775084127129146799e-06,3.384978794964763581e-03
5.835000000000283293e+00,-1.368683513493850834e-04,-1.266968259250620581e-03,3.371318667172655114e-04,-4.127763759919748660e-04,-5.775084837764568293e-06,3.364384695917653142e-03
5.840000000000284963e+00,-1.431655535907098151e-04,-1.254397982402632094e-03,3.350737808519262183e-04,-4.109103292566395390e-04,-5.775085546131401772e-06,3.343883455246900692e-03
5.845000000000286633e+00,-1.494001441697293225e-04,-1.241907718648517858e-03,3.330250083872201487e-04,-4.090495997581701905e-04,-5.775086252235863613e-06,3.323474809917758600e-03
5.850000000000288303e+00,-1.555725220195310705e-04,-1.229497090241565274e-03,3.309855227244181699e-04,-4.071941924868779906e-04,-5.775086956086158175e-06,3.303158496632640009e-03
5.855000000000289972e+00,-1.616830841880100011e-04,-1.217165720614962537e-03,3.289552972404466901e-04,-4.053441122313862673e-04,-5.775087657691225045e-06,3.282934251841203212e-03
5.860000000000291642e+00,-1.677322258437679485e-04,-1.204913234381844826e-03,3.269343052888944493e-04,-4.034993635803630079e-04,-5.775088357057659222e-06,3.262801811750316774e-03
5.865000000000293312e+00,-1.737203402820135419e-04,-1.192739257335307312e-03,3.249225202010025035e-04,-4.016599509242417044e-04,-5.775089054195229536e-06,3.242760912334287024e-03
5.870000000000294982e+00,-1.796478189304618917e-04,-1.180643416448380872e-03,3.229199152866526925e-04,-3.998258784569306526e-04,-5.775089749070291839e-06,3.222811289344375187e-03
5.875000000000296652e+00,-1.855150513552340048e-04,-1.168625339873974409e-03,3.209264638353443431e-04,-3.979971501775211667e-04,-5.775090441686291860e-06,3.202952678318811506e-03
5.880000000000298321e+00,-1.913224252667558741e-04,-1.156684656944787035e-03,3.189421391171634373e-04,-3.961737698919672252e-04,-5.775091132039522984e-06,3.183184814592326679e-03
5.885000000000299991e+00,-1.970703265256571347e-04,-1.144820998173180565e-03,3.169669143837435411e-04,-3.943557412147746582e-04,-5.775091820079510517e-06,3.163507433305933533e-03
5.890000000000301661e+00,-2.027591391486686630e-04,-1.133033995251025126e-03,3.150007628692169204e-04,-3.925430675706649639e-04,-5.775092505869686215e-06,3.143920269416375628e-03
5.895000000000303331e+00,-2.083892453145197150e-04,-1.121323281049504223e-03,3.130436577911594235e-04,-3.907357521962439499e-04,-5.775093189408173901e-06,3.124423057705588876e-03
5.900000000000305000e+00,-2.139610253698336279e-04,-1.109688489618894207e-03,3.110955723515252801e-04,-3.889337981416466847e-04,-5.775093870687705185e-06,3.105015532790039549e-03
5.905000000000306670e+00,-2.194748578350225730e-04,-1.098129256188309921e-03,3.091564797375747991e-04,-3.871372082721749684e-04,-5.775094549699487018e-06,3.085697429130033250e-03
5.910000000000308340e+00,-2.249311194101808451e-04,-1.086645217165410453e-03,3.072263531227935004e-04,-3.853459852699434767e-04,-5.775095226449712904e-06,3.066468481038979628e-03
5.915000000000310010e+00,-2.303301849809765529e-04,-1.075236010136086228e-03,3.053051656678027912e-04,-3.835601316354842719e-04,-5.775095900939749955e-06,3.047328422692333148e-03
5.920000000000311680e+00,-2.356724276245417366e-04,-1.063901273864105348e-03,3.033928905212637025e-04,-3.817796496893681186e-04,-5.775096573129757130e-06,3.028276988136809240e-03
5.925000000000313349e+00,-2.409582186153605345e-04,-1.052640648290731513e-03,3.014895008207708676e-04,-3.800045415738036820e-04,-5.775097243070690235e-06,3.009313911299275630e-03
5.930000000000315019e+00,-2.461879274311553440e-04,-1.041453774534312248e-03,2.995949696937403217e-04,-3.782348092542266974e-04,-5.775097910691251121e-06,2.990438925995607226e-03
5.935000000000316689e+00,-2.513619217587710576e-04,-1.030340294889834588e-03,2.977092702582877053e-04,-3.764704545208861575e-04,-5.775098576035412655e-06,2.971651765939583960e-03
5.940000000000318359e+00,-2.564805675000566155e-04,-1.019299852828449773e-03,2.958323756241003420e-04,-3.747114789904185746e-04,-5.775099239137962480e-06,2.952952164751508450e-03
5.945000000000320028e+00,-2.615442287777444718e-04,-1.008332092996972124e-03,2.939642588932995593e-04,-3.729578841074082554e-04,-5.775099900000375281e-06,2.934339855966908682e-03
5.950000000000321698e+00,-2.665532679413269972e-04,-9.974366612173445317e-04,2.921048931612968825e-04,-3.712096711459432399e-04,-5.775100558619301889e-06,2.915814573045072411e-03
5.955000000000323368e+00,-2.715080455729306863e-04,-9.866132044860744573e-04,2.902542515176411765e-04,-3.694668412111618613e-04,-5.775101214971928320e-06,2.897376049377554247e-03
5.960000000000325038e+00,-2.764089204931868956e-04,-9.758613709736442326e-04,2.884123070468597692e-04,-3.677293952407845613e-04,-5.775101869043981221e-06,2.879024018296536154e-03
5.965000000000326708e+00,-2.812562497671001961e-04,-9.651808100238907888e-04,2.865790328292897103e-04,-3.659973340066387118e-04,-5.775102520845098132e-06,2.860758213083271218e-03
5.970000000000328377e+00,-2.860503887099129314e-04,-9.545711721533548097e-04,2.847544019419029565e-04,-3.642706581161793172e-04,-5.775103170370936317e-06,2.842578366976269803e-03
5.975000000000330047e+00,-2.907916908929665230e-04,-9.440321090506047317e-04,2.829383874591240777e-04,-3.625493680139923688e-04,-5.775103817607543447e-06,2.824484213179466637e-03
5.980000000000331717e+00,-2.954805081495597940e-04,-9.335632735755302778e-04,2.811309624536394505e-04,-3.608334639832981995e-04,-5.775104462612133212e-06,2.806475484870411298e-03
5.985000000000333387e+00,-3.001171905808031732e-04,-9.231643197586121390e-04,2.793320999972001648e-04,-3.591229461474306612e-04,-5.775105105353007096e-06,2.788551915208192442e-03
5.990000000000335056e+00,-3.047020865614693749e-04,-9.128349028001584787e-04,2.775417731614167978e-04,-3.574178144713292034e-04,-5.775105745823973288e-06,2.770713237341570177e-03
5.995000000000336726e+00,-3.092355427458400681e-04,-9.025746790695194288e-04,2.757599550185449726e-04,-3.557180687630015167e-04,-5.775106384042755955e-06,2.752959184416695158e-03
6.000000000000338396e+00,-3.137179040735487497e-04,-8.923833061042718779e-04,2.739866186422691284e-04,-3.540237086749889396e-04,-5.775107020044294356e-06,2.735289489584883608e-03
6.005000000000340066e+00,-3.181495137754192281e-04,-8.822604426093812744e-04,2.722217371084729000e-04,-3.523347337058129478e-04,-5.775107653817965852e-06,2.717703886010576237e-03
6.010000000000341736e+00,-3.225307133792999856e-04,-8.722057484563315545e-04,2.704652834960054862e-04,-3.506511432014261954e-04,-5.775108285316121452e-06,2.700202106878898164e-03
6.015000000000343405e+00,-3.268618427158939341e-04,-8.622188846822336026e-04,2.687172308874400490e-04,-3.489729363566431743e-04,-5.775108914567905866e-06,2.682783885403213203e-03
6.020000000000345075e+00,-3.311432399245840493e-04,-8.522995134889062817e-04,2.669775523698250121e-04,-3.473001122165661567e-04,-5.775109541556591886e-06,2.665448954832691595e-03
6.025000000000346745e+00,-3.353752414592536943e-04,-8.424472982419318762e-04,2.652462210354286903e-04,-3.456326696780041450e-04,-5.775110166282179513e-06,2.648197048459773224e-03
6.030000000000348415e+00,-3.395581820941028753e-04,-8.326619034696875745e-04,2.635232099824751919e-04,-3.439706074908773469e-04,-5.775110788735375948e-06,2.631027899627539322e-03
6.035000000000350084e+00,-3.436923949294588073e-04,-8.229429948623497373e-04,2.618084923158764182e-04,-3.423139242596196993e-04,-5.775111408935508789e-06,2.613941241736993971e-03
6.040000000000351754e+00,-3.477782113975822495e-04,-8.132902392708755068e-04,2.601020411479544126e-04,-3.406626184445691414e-04,-5.775112026882199412e-06,2.596936808254398082e-03
6.045000000000353424e+00,-3.518159612684678252e-04,-8.037033047059598040e-04,2.584038295991578017e-04,-3.390166883633458517e-04,-5.775112642586438070e-06,2.580014332718384359e-03
6.050000000000355094e+00,-3.558059726556398405e-04,-7.941818603369660886e-04,2.567138307987692917e-04,-3.373761321922306490e-04,-5.775113256027094680e-06,2.563173548747132557e-03
6.055000000000356764e+00,-3.597485720219420870e-04,-7.847255764908354350e-04,2.550320178856112664e-04,-3.357409479675275087e-04,-5.775113867166611799e-06,2.546414190045203415e-03
6.060000000000358433e+00,-3.636440841853224399e-04,-7.753341246509716468e-04,2.533583640087402737e-04,-3.341111335869184368e-04,-5.775114476062479248e-06,2.529735990410755982e-03
6.065000000000360103e+00,-3.674928323246117639e-04,-7.660071774561018690e-04,2.516928423281346262e-04,-3.324866868108131385e-04,-5.775115082732425427e-06,2.513138683742377651e-03
6.070000000000361773e+00,-3.712951379852970184e-04,-7.567444086991170337e-04,2.500354260153802135e-04,-3.308676052636809061e-04,-5.775115687175208585e-06,2.496622004045795373e-03
6.075000000000363443e+00,-3.750513210852885089e-04,-7.475454933258827072e-04,2.483860882543416772e-04,-3.292538864353942172e-04,-5.775116289368979508e-06,2.480185685440987591e-03
6.080000000000365112e+00,-3.787616999206809033e-04,-7.384101074340342161e-04,2.467448022418344540e-04,-3.276455276825407273e-04,-5.775116889312672629e-06,2.463829462168403654e-03
6.085000000000366782e+00,-3.824265911715086651e-04,-7.293379282717464031e-04,2.451115411882856510e-04,-3.260425262297409550e-04,-5.775117487028497997e-06,2.447553068595962993e-03
6.090000000000368452e+00,-3.860463099074948183e-04,-7.203286342364832165e-04,2.434862783183920209e-04,-3.244448791709478070e-04,-5.775118082505493313e-06,2.431356239225454085e-03
6.095000000000370122e+00,-3.896211695937935328e-04,-7.113819048737195444e-04,2.418689868717665257e-04,-3.228525834707559141e-04,-5.775118675786044105e-06,2.415238708699282092e-03
6.100000000000371791e+00,-3.931514820967263674e-04,-7.024974208756481955e-04,2.402596401035827600e-04,-3.212656359656812619e-04,-5.775119266844126980e-06,2.399200211806548199e-03
6.105000000000373461e+00,-3.966375576895116812e-04,-6.936748640798634600e-04,2.386582112852113770e-04,-3.196840333654412530e-04,-5.775119855669805395e-06,2.383240483489668018e-03
6.110000000000375131e+00,-4.000797050579879750e-04,-6.849139174680219039e-04,2.370646737048500916e-04,-3.181077722542295129e-04,-5.775120442244644525e-06,2.367359258850682945e-03
6.115000000000376801e+00,-4.034782313063296961e-04,-6.762142651644808275e-04,2.354790006681466087e-04,-3.165368490919855441e-04,-5.775121026547012842e-06,2.351556273157481749e-03
6.120000000000378471e+00,-4.068334419627567017e-04,-6.675755924349215456e-04,2.339011654988185974e-04,-3.149712602156406376e-04,-5.775121608609287333e-06,2.335831261849858655e-03
6.125000000000380140e+00,-4.101456409852367825e-04,-6.589975856849469718e-04,2.323311415392616296e-04,-3.134110018403730535e-04,-5.775122188441533291e-06,2.320183960545966952e-03
6.130000000000381810e+00,-4.134151307671809768e-04,-6.504799324586605551e-04,2.307689021511561442e-04,-3.118560700608472643e-04,-5.775122766049928128e-06,2.304614105048040547e-03
6.135000000000383480e+00,-4.166422121431315119e-04,-6.420223214372261338e-04,2.292144207160657363e-04,-3.103064608524423555e-04,-5.775123341432279721e-06,2.289121431348566105e-03
6.140000000000385150e+00,-4.198271843944429696e-04,-6.336244424374056720e-04,2.276676706360300539e-04,-3.087621700724823789e-04,-5.775123914628103006e-06,2.273705675636237492e-03
6.145000000000386819e+00,-4.229703452549555360e-04,-6.252859864100793240e-04,2.261286253341512149e-04,-3.072231934614496826e-04,-5.775124485593470006e-06,2.258366574301762762e-03
6.150000000000388489e+00,-4.260719909166613682e-04,-6.170066454387472836e-04,2.245972582551742898e-04,-3.056895266441909237e-04,-5.775125054337184781e-06,2.243103863943729688e-03
6.155000000000390159e+00,-4.291324160353628819e-04,-6.087861127380092986e-04,2.230735428660620366e-04,-3.041611651311180932e-04,-5.775125620861154004e-06,2.227917281374372418e-03
6.160000000000391829e+00,-4.321519137363237766e-04,-6.006240826520262968e-04,2.215574526565630502e-04,-3.026381043194067218e-04,-5.775126185211543511e-06,2.212806563625314277e-03
6.165000000000393499e+00,-4.351307756199119278e-04,-5.925202506529632547e-04,2.200489611397748698e-04,-3.011203394941789615e-04,-5.775126747383354960e-06,2.197771447953084621e-03
6.170000000000395168e+00,-4.380692917672349075e-04,-5.844743133394160201e-04,2.185480418526995511e-04,-2.996078658296778309e-04,-5.775127307348670145e-06,2.182811671844779675e-03
6.175000000000396838e+00,-4.409677507457673731e-04,-5.764859684348178602e-04,2.170546683567969892e-04,-2.981006783904365269e-04,-5.775127865100580666e-06,2.167926973023553798e-03
6.180000000000398508e+00,-4.438264396149700533e-04,-5.685549147858284455e-04,2.155688142385266668e-04,-2.965987721324386296e-04,-5.775128420650181807e-06,2.153117089454248661e-03
6.185000000000400178e+00,-4.466456439319012534e-04,-5.606808523606999573e-04,2.140904531098891054e-04,-2.951021419042855714e-04,-5.775128974029945423e-06,2.138381759348617368e-03
6.190000000000401847e+00,-4.494256477568197954e-04,-5.528634822476361475e-04,2.126195586089582893e-04,-2.936107824483269717e-04,-5.775129525196021466e-06,2.123720721170648321e-03
6.195000000000403517e+00,-4.521667336587798262e-04,-5.451025066531244023e-04,2.111561044004102959e-04,-2.921246884018101624e-04,-5.775130074149133302e-06,2.109133713642008783e-03
6.200000000000405187e+00,-4.548691827212168986e-04,-5.373976289002573969e-04,2.097000641760443629e-04,-2.906438542980027706e-04,-5.775130620928456204e-06,2.094620475747211320e-03
6.205000000000406857e+00,-4.575332745475262455e-04,-5.297485534270301392e-04,2.082514116553000802e-04,-2.891682745673293422e-04,-5.775131165534467899e-06,2.080180746738838349e-03
6.210000000000408527e+00,-4.601592872666320009e-04,-5.221549857846276895e-04,2.068101205857681031e-04,-2.876979435384783667e-04,-5.775131707968611732e-06,2.065814266142566771e-03
6.215000000000410196e+00,-4.627474975385478025e-04,-5.146166326356927138e-04,2.053761647436949298e-04,-2.862328554395167824e-04,-5.775132248222330128e-06,2.051520773762358259e-03
6.220000000000411866e+00,-4.652981805599289361e-04,-5.071332017525768824e-04,2.039495179344836672e-04,-2.847730043989887068e-04,-5.775132786304310258e-06,2.037300009685362023e-03
6.225000000000413536e+00,-4.678116100696155365e-04,-4.997044020155757887e-04,2.025301539931870991e-04,-2.833183844470153604e-04,-5.775133322208874459e-06,2.023151714287008390e-03
6.230000000000415206e+00,-4.702880583541669515e-04,-4.923299434111503160e-04,2.011180467849974472e-04,-2.818689895163753651e-04,-5.775133855957253612e-06,2.009075628235744166e-03
6.235000000000416875e+00,-4.727277962533873242e-04,-4.850095370301286501e-04,1.997131702057293294e-04,-2.804248134435907355e-04,-5.775134387541191688e-06,1.995071492498062902e-03
6.240000000000418545e+00,-4.751310931658415796e-04,-4.777428950658949578e-04,1.983154981822976483e-04,-2.789858499699986671e-04,-5.775134916966140190e-06,1.981139048343184307e-03
6.245000000000420215e+00,-4.774982170543629555e-04,-4.705297308125633185e-04,1.969250046731910631e-04,-2.775520927428138372e-04,-5.775135444237210115e-06,1.967278037347812598e-03
6.250000000000421885e+00,-4.798294344515512621e-04,-4.633697586631336054e-04,1.955416636689382771e-04,-2.761235353161925498e-04,-5.775135969367923496e-06,1.953488201400930841e-03
6.255000000000423555e+00,-4.821250104652614389e-04,-4.562626941076342469e-04,1.941654491925709112e-04,-2.747001711522837068e-04,-5.775136492364180767e-06,1.939769282708292799e-03
6.260000000000425224e+00,-4.843852087840831667e-04,-4.492082537312526826e-04,1.927963353000799259e-04,-2.732819936222662810e-04,-5.775137013209347046e-06,1.926121023797065053e-03
6.265000000000426894e+00,-4.866102916828110472e-04,-4.422061552124444063e-04,1.914342960808677061e-04,-2.718689960073977937e-04,-5.775137531906675787e-06,1.912543167520438115e-03
6.270000000000428564e+00,-4.888005200279052411e-04,-4.352561173210355580e-04,1.900793056581942650e-04,-2.704611715000356333e-04,-5.775138048450962819e-06,1.899035457061989474e-03
6.275000000000430234e+00,-4.909561532829422948e-04,-4.283578599163045909e-04,1.887313381896185683e-04,-2.690585132046676982e-04,-5.775138562884677528e-06,1.885597635940206235e-03
6.280000000000431903e+00,-4.930774495140570219e-04,-4.215111039450554812e-04,1.873903678674355218e-04,-2.676610141389221134e-04,-5.775139075183942055e-06,1.872229448012790272e-03
6.285000000000433573e+00,-4.951646653953738686e-04,-4.147155714396735912e-04,1.860563689191052346e-04,-2.662686672345796596e-04,-5.775139585340603707e-06,1.858930637481113644e-03
6.290000000000435243e+00,-4.972180562144290624e-04,-4.079709855161662451e-04,1.847293156076817121e-04,-2.648814653385823514e-04,-5.775140093349740377e-06,1.845700948894332715e-03
6.295000000000436913e+00,-4.992378758775831669e-04,-4.012770703721958232e-04,1.834091822322324696e-04,-2.634994012140208204e-04,-5.775140599204796029e-06,1.832540127153725390e-03
6.300000000000438583e+00,-5.012243769154226848e-04,-3.946335512850952386e-04,1.820959431282551913e-04,-2.621224675411259813e-04,-5.775141102946891571e-06,1.819447917516865947e-03
6.305000000000440252e+00,-5.031778104881530966e-04,-3.880401546098686139e-04,1.807895726680892661e-04,-2.607506569182568477e-04,-5.775141604591267668e-06,1.806424065601762571e-03
6.310000000000441922e+00,-5.050984263909807318e-04,-3.814966077771837728e-04,1.794900452613214692e-04,-2.593839618628713812e-04,-5.775142104160546028e-06,1.793468317390888847e-03
6.315000000000443592e+00,-5.069864730594853160e-04,-3.750026392913490100e-04,1.781973353551886345e-04,-2.580223748124967987e-04,-5.775142601646891597e-06,1.780580419235223283e-03
6.320000000000445262e+00,-5.088421975749814587e-04,-3.685579787282784779e-04,1.769114174349724941e-04,-2.566658881256906623e-04,-5.775143096999224900e-06,1.767760117858306612e-03
6.325000000000446931e+00,-5.106658456698712515e-04,-3.621623567334448872e-04,1.756322660243940027e-04,-2.553144940829968758e-04,-5.775143590231309375e-06,1.755007160360061002e-03
6.330000000000448601e+00,-5.124576617329855898e-04,-3.558155050198190893e-04,1.743598556859990423e-04,-2.539681848878961494e-04,-5.775144081386083663e-06,1.742321294220846922e-03
6.335000000000450271e+00,-5.142178888149154118e-04,-3.495171563657969733e-04,1.730941610215411459e-04,-2.526269526677511540e-04,-5.775144570427965604e-06,1.729702267305183042e-03
6.340000000000451941e+00,-5.159467686333322036e-04,-3.432670446131196409e-04,1.718351566723591789e-04,-2.512907894747332420e-04,-5.775145057379541333e-06,1.717149827865541590e-03
6.345000000000453610e+00,-5.176445415782992892e-04,-3.370649046647734154e-04,1.705828173197510911e-04,-2.499596872867645655e-04,-5.775145542220651464e-06,1.704663724546203992e-03
6.350000000000455280e+00,-5.193114467175708685e-04,-3.309104724828847545e-04,1.693371176853405394e-04,-2.486336380084351485e-04,-5.775146024974110830e-06,1.692243706386855435e-03
6.355000000000456950e+00,-5.209477218018817310e-04,-3.248034850866020990e-04,1.680980325314434295e-04,-2.473126334719199051e-04,-5.775146505670296574e-06,1.679889522826186806e-03
6.360000000000458620e+00,-5.225536032702259113e-04,-3.187436805499676380e-04,1.668655366614252961e-04,-2.459966654378864417e-04,-5.775146984349244555e-06,1.667600923705701106e-03
6.365000000000460290e+00,-5.241293262551246102e-04,-3.127307979997756299e-04,1.656396049200571110e-04,-2.446857255964006374e-04,-5.775147460967349516e-06,1.655377659273170104e-03
6.370000000000461959e+00,-5.256751245878838168e-04,-3.067645776134200991e-04,1.644202121938639623e-04,-2.433798055678266668e-04,-5.775147935539723374e-06,1.643219480186207870e-03
6.375000000000463629e+00,-5.271912308038408709e-04,-3.008447606167318519e-04,1.632073334114729751e-04,-2.420788969037207354e-04,-5.775148408047703450e-06,1.631126137515614017e-03
6.380000000000465299e+00,-5.286778761475989909e-04,-2.949710892818094223e-04,1.620009435439534527e-04,-2.407829910877067351e-04,-5.775148878512633281e-06,1.619097382748918828e-03
6.385000000000466969e+00,-5.301352905782533457e-04,-2.891433069248329404e-04,1.608010176051542534e-04,-2.394920795363639080e-04,-5.775149346924095209e-06,1.607132967793816489e-03
6.390000000000468638e+00,-5.315637027746048741e-04,-2.833611579038706292e-04,1.596075306520354476e-04,-2.382061536000980024e-04,-5.775149813298823216e-06,1.595232644981415962e-03
6.395000000000470308e+00,-5.329633401403620699e-04,-2.776243876166771150e-04,1.584204577849980511e-04,-2.369252045640051385e-04,-5.775150277628198743e-06,1.583396167069502482e-03
6.400000000000471978e+00,-5.343344288093333349e-04,-2.719327424984811672e-04,1.572397741482069817e-04,-2.356492236487284632e-04,-5.775150739905952899e-06,1.571623287245939781e-03
6.405000000000473648e+00,-5.356771936506079471e-04,-2.662859700197587470e-04,1.560654549299110615e-04,-2.343782020113235063e-04,-5.775151200135401817e-06,1.559913759131864152e-03
6.410000000000475318e+00,-5.369918582737252116e-04,-2.606838186840028035e-04,1.548974753627580317e-04,-2.331121307460987352e-04,-5.775151658330491048e-06,1.548267336784739726e-03
6.415000000000476987e+00,-5.382786450338328775e-04,-2.551260380254806014e-04,1.537358107241060712e-04,-2.318510008854600944e-04,-5.775152114544041566e-06,1.536683774701560123e-03
6.420000000000478657e+00,-5.395377750368341710e-04,-2.496123786069837308e-04,1.525804363363304089e-04,-2.305948034007431304e-04,-5.775152568744435327e-06,1.525162827821943201e-03
6.425000000000480327e+00,-5.407694681445239862e-04,-2.441425920175657564e-04,1.514313275671273610e-04,-2.293435292030485053e-04,-5.775153020922545549e-06,1.513704251531192624e-03
6.430000000000481997e+00,-5.419739429797131502e-04,-2.387164308702726572e-04,1.502884598298109690e-04,-2.280971691440658274e-04,-5.775153471068433148e-06,1.502307801663331673e-03
6.435000000000483666e+00,-5.431514169313409780e-04,-2.333336487998655953e-04,1.491518085836090405e-04,-2.268557140168882941e-04,-5.775153919230665299e-06,1.490973234503925647e-03
6.440000000000485336e+00,-5.443021061595778535e-04,-2.279940004605330868e-04,1.480213493339532825e-04,-2.256191545568285808e-04,-5.775154365398863308e-06,1.479700306793166852e-03
6.445000000000487006e+00,-5.454262256009152331e-04,-2.226972415235957186e-04,1.468970576327653676e-04,-2.243874814422239423e-04,-5.775154809553541182e-06,1.468488775728676605e-03
6.450000000000488676e+00,-5.465239889732442661e-04,-2.174431286752017041e-04,1.457789090787408052e-04,-2.231606852952381975e-04,-5.775155251702870247e-06,1.457338398968348889e-03
6.455000000000490346e+00,-5.475956087809225959e-04,-2.122314196140154448e-04,1.446668793176252780e-04,-2.219387566826550669e-04,-5.775155691894989927e-06,1.446248934633244301e-03
6.460000000000492015e+00,-5.486412963198308628e-04,-2.070618730488968232e-04,1.435609440424906523e-04,-2.207216861166672549e-04,-5.775156130118381421e-06,1.435220141310219241e-03
6.465000000000493685e+00,-5.496612616824157619e-04,-2.019342486965726078e-04,1.424610789940046192e-04,-2.195094640556617108e-04,-5.775156566319652007e-06,1.424251778054762404e-03
6.470000000000495355e+00,-5.506557137627230173e-04,-1.968483072793001320e-04,1.413672599606988992e-04,-2.183020809049971908e-04,-5.775157000533907812e-06,1.413343604393598818e-03
6.475000000000497025e+00,-5.516248602614176729e-04,-1.918038105225255540e-04,1.402794627792301285e-04,-2.170995270177715757e-04,-5.775157432787094303e-06,1.402495380327449569e-03
6.480000000000498694e+00,-5.525689076907929972e-04,-1.868005211525271530e-04,1.391976633346399045e-04,-2.159017926956019267e-04,-5.775157863080853877e-06,1.391706866333559511e-03
6.485000000000500364e+00,-5.534880613797676799e-04,-1.818382028940629630e-04,1.381218375606097090e-04,-2.147088681893677875e-04,-5.775158291448867105e-06,1.380977823368183775e-03
6.490000000000502034e+00,-5.543825254788708849e-04,-1.769166204680007069e-04,1.370519614397122806e-04,-2.135207436999790164e-04,-5.775158717877359537e-06,1.370308012869326467e-03
6.495000000000503704e+00,-5.552525029652163532e-04,-1.720355395889456977e-04,1.359880110036591652e-04,-2.123374093791209854e-04,-5.775159142348413884e-06,1.359697196759079071e-03
6.500000000000505374e+00,-5.560981956474629530e-04,-1.671947269628610959e-04,1.349299623335443088e-04,-2.111588553299986954e-04,-5.775159564868013589e-06,1.349145137446133196e-03
6.505000000000507043e+00,-5.569198041707648216e-04,-1.623939502846803338e-04,1.338777915600853469e-04,-2.099850716080764186e-04,-5.775159985460017874e-06,1.338651597828188376e-03
6.510000000000508713e+00,-5.577175280217088220e-04,-1.576329782359128719e-04,1.328314748638584970e-04,-2.088160482218129506e-04,-5.775160404141716377e-06,1.328216341294408869e-03
6.515000000000510383e+00,-5.584915655332408323e-04,-1.529115804822462146e-04,1.317909884755322041e-04,-2.076517751333821439e-04,-5.775160820876049711e-06,1.317839131727627407e-03
6.520000000000512053e+00,-5.592421138895785912e-04,-1.482295276711375178e-04,1.307563086760965576e-04,-2.064922422594008683e-04,-5.775161235662111553e-06,1.307519733506816960e-03
6.525000000000513722e+00,-5.599693691311138097e-04,-1.435865914293969834e-04,1.297274117970881823e-04,-2.053374394716541253e-04,-5.775161648513834745e-06,1.297257911509306846e-03
6.530000000000515392e+00,-5.606735261593013804e-04,-1.389825443607738836e-04,1.287042742208133401e-04,-2.041873565977925427e-04,-5.775162059459860014e-06,1.287053431112876976e-03
6.535000000000517062e+00,-5.613547787415369868e-04,-1.344171600435303327e-04,1.276868723805651767e-04,-2.030419834220422554e-04,-5.775162468458550609e-06,1.276906058198214655e-03
6.540000000000518732e+00,-5.620133195160223515e-04,-1.298902130280068471e-04,1.266751827608397492e-04,-2.019013096859134594e-04,-5.775162875521486315e-06,1.266815559150954833e-03
6.545000000000520401e+00,-5.626493399966180173e-04,-1.254014788341866848e-04,1.256691818975469031e-04,-2.007653250888911565e-04,-5.775163280680920455e-06,1.256781700863793001e-03
6.550000000000522071e+00,-5.632630305776845266e-04,-1.209507339492539650e-04,1.246688463782183042e-04,-1.996340192891246797e-04,-5.775163683944196804e-06,1.246804250738614561e-03
6.555000000000523741e+00,-5.638545805389112405e-04,-1.165377558251451731e-04,1.236741528422129752e-04,-1.985073819041129636e-04,-5.775164085346958507e-06,1.236882976688569559e-03
6.560000000000525411e+00,-5.644241780501323656e-04,-1.121623228760934300e-04,1.226850779809170611e-04,-1.973854025113892178e-04,-5.775164484884958543e-06,1.227017647140177985e-03
6.565000000000527081e+00,-5.649720101761309451e-04,-1.078242144761706861e-04,1.217015985379423323e-04,-1.962680706491918040e-04,-5.775164882552449791e-06,1.217208031035165762e-03
6.570000000000528750e+00,-5.654982628814313574e-04,-1.035232109568233038e-04,1.207236913093208533e-04,-1.951553758171352491e-04,-5.775165278336869908e-06,1.207453897832550102e-03
6.575000000000530420e+00,-5.660031210350777208e-04,-9.925909360439987223e-05,1.197513331436956397e-04,-1.940473074768814471e-04,-5.775165672260749968e-06,1.197755017510555939e-03
6.580000000000532090e+00,-5.664867684154019974e-04,-9.503164465768203228e-05,1.187845009425086588e-04,-1.929438550527855191e-04,-5.775166064339305226e-06,1.188111160568418529e-03
6.585000000000533760e+00,-5.669493877147778948e-04,-9.084064730539994584e-05,1.178231716601852932e-04,-1.918450079325650904e-04,-5.775166454555320583e-06,1.178522098028436053e-03
6.590000000000535429e+00,-5.673911605443639249e-04,-8.668588568374981161e-05,1.168673223043156735e-04,-1.907507554679449037e-04,-5.775166842945185421e-06,1.168987601437614576e-03
6.595000000000537099e+00,-5.678122674388326940e-04,-8.256714487390738296e-05,1.159169299358324602e-04,-1.896610869752963352e-04,-5.775167229476676914e-06,1.159507442869544581e-03
6.600000000000538769e+00,-5.682128878610882665e-04,-7.848421089953274441e-05,1.149719716691859561e-04,-1.885759917362830375e-04,-5.775167614122192799e-06,1.150081394926219611e-03
6.605000000000540439e+00,-5.685932002069714938e-04,-7.443687072427272993e-05,1.140324246725154508e-04,-1.874954589984951972e-04,-5.775167996884678209e-06,1.140709230739725888e-03
6.610000000000542109e+00,-5.689533818099524413e-04,-7.042491224925998027e-05,1.130982661678180313e-04,-1.864194779760775325e-04,-5.775168377821091028e-06,1.131390723973932583e-03
6.615000000000543778e+00,-5.692936089458094798e-04,-6.644812431060422107e-05,1.121694734311132853e-04,-1.853480378503615997e-04,-5.775168756932242713e-06,1.122125648826217655e-03
6.620000000000545448e+00,-5.696140568372978601e-04,-6.250629667688570941e-05,1.112460237926063113e-04,-1.842811277704766869e-04,-5.775169134240904051e-06,1.112913780028982908e-03
6.625000000000547118e+00,-5.699148996588034337e-04,-5.859922004663899035e-05,1.103278946368461749e-04,-1.832187368539722001e-04,-5.775169509723797730e-06,1.103754892851435340e-03
6.630000000000548788e+00,-5.701963105409855320e-04,-5.472668604583805603e-05,1.094150634028824267e-04,-1.821608541874197211e-04,-5.775169883393352264e-06,1.094648763101038237e-03
6.635000000000550457e+00,-5.704584615754064014e-04,-5.088848722537092043e-05,1.085075075844178121e-04,-1.811074688270300265e-04,-5.775170255276715906e-06,1.085595167125205348e-03
6.640000000000552127e+00,-5.707015238191482775e-04,-4.708441705851550851e-05,1.076052047299584066e-04,-1.800585697992506458e-04,-5.775170625336692898e-06,1.076593881812657654e-03
6.645000000000553797e+00,-5.709256672994176673e-04,-4.331426993841378372e-05,1.067081324429608230e-04,-1.790141461013557763e-04,-5.775170993600965972e-06,1.067644684594969444e-03
6.650000000000555467e+00,-5.711310610181368364e-04,-3.957784117553689681e-05,1.058162683819758546e-04,-1.779741867020457919e-04,-5.775171360066313013e-06,1.058747353448133465e-03
6.655000000000557137e+00,-5.713178729565228289e-04,-3.587492699514845774e-05,1.049295902607899774e-04,-1.769386805420376460e-04,-5.775171724737134358e-06,1.049901666893861751e-03
6.660000000000558806e+00,-5.714862700796546685e-04,-3.220532453477137179e-05,1.040480758485631113e-04,-1.759076165346331558e-04,-5.775172087658095748e-06,1.041107404000980339e-03
6.665000000000560476e+00,-5.716364183410259240e-04,-2.856883184164017115e-05,1.031717029699643219e-04,-1.748809835663143108e-04,-5.775172448798266081e-06,1.032364344386948671e-03
6.670000000000562146e+00,-5.717684826870861065e-04,-2.496524787016147462e-05,1.023004495053040790e-04,-1.738587704973018264e-04,-5.775172808163870203e-06,1.023672268219019688e-03
6.675000000000563816e+00,-5.718826270617689486e-04,-2.139437247936337152e-05,1.014342933906636974e-04,-1.728409661621335930e-04,-5.775173165790685090e-06,1.015030956215734297e-03
6.680000000000565485e+00,-5.719790144110079976e-04,-1.785600643034778711e-05,1.005732126180221070e-04,-1.718275593702212512e-04,-5.775173521676011250e-06,1.006440189648075611e-03
6.685000000000567155e+00,-5.720578066872386569e-04,-1.434995138373365607e-05,9.971718523537988535e-05,-1.708185389064210513e-04,-5.775173875776633060e-06,9.978997503408335284e-04
6.690000000000568825e+00,-5.721191648538889512e-04,-1.087600989710409732e-05,9.886618934688018727e-05,-1.698138935315814026e-04,-5.775174228089420734e-06,9.894094206737047599e-04
6.695000000000570495e+00,-5.721632488898558723e-04,-7.433985422449573061e-06,9.802020311292742390e-05,-1.688136119830916152e-04,-5.775174578656667475e-06,9.809689835825821658e-04
6.700000000000572165e+00,-5.721902177939703401e-04,-4.023682303605115234e-06,9.717920475030239166e-05,-1.678176829754347886e-04,-5.775174927465343374e-06,9.725782225607831552e-04
6.705000000000573834e+00,-5.722002295894485033e-04,-6.449057736891743170e-07,9.634317253227582881e-05,-1.668260952007253597e-04,-5.775175274554452605e-06,9.642369216600770766e-04
6.710000000000575504e+00,-5.721934413283306800e-04,2.702538047462049287e-06,9.551208478871809607e-05,-1.658388373292497126e-04,-5.775175619923934181e-06,9.559448654919173050e-04
6.715000000000577174e+00,-5.721700090959063118e-04,6.018842155861894568e-06,9.468591990620672946e-05,-1.648558980100002026e-04,-5.775175963552111682e-06,9.477018392284593078e-04
6.720000000000578844e+00,-5.721300880151284013e-04,9.304198665940019723e-06,9.386465632813177054e-05,-1.638772658711986090e-04,-5.775176305445940942e-06,9.395076286036276080e-04
6.725000000000580513e+00,-5.720738322510126629e-04,1.255879881311409086e-05,9.304827255479747815e-05,-1.629029295208237350e-04,-5.775176645637767609e-06,9.313620199142545221e-04
6.730000000000582183e+00,-5.720013950150255053e-04,1.578283295636471588e-05,9.223674714352238669e-05,-1.619328775471374354e-04,-5.775176984112063028e-06,9.232648000210282946e-04
6.735000000000583853e+00,-5.719129285694579201e-04,1.897649058080646647e-05,9.143005870873615248e-05,-1.609670985191918879e-04,-5.775177320917713706e-06,9.152157563494377635e-04
6.740000000000585523e+00,-5.718085842317876611e-04,2.213996030026538916e-05,9.062818592207393358e-05,-1.600055809873462964e-04,-5.775177656045176968e-06,9.072146768908437688e-04
6.745000000000587193e+00,-5.716885123790273280e-04,2.527342985985679599e-05,8.983110751246881802e-05,-1.590483134837751111e-04,-5.775177989475963781e-06,8.992613502033442374e-04
6.750000000000588862e+00,-5.715528624520606338e-04,2.837708613856346841e-05,8.903880226624024047e-05,-1.580952845229694175e-04,-5.775178321210944046e-06,8.913555654127241611e-04
6.755000000000590532e+00,-5.714017829599652267e-04,3.145111515181691573e-05,8.825124902718204658e-05,-1.571464826022391935e-04,-5.775178651258433934e-06,8.834971122132974797e-04
6.760000000000592202e+00,-5.712354214843227192e-04,3.449570205407679366e-05,8.746842669664616626e-05,-1.562018962022029074e-04,-5.775178979651943761e-06,8.756857808688220390e-04
6.765000000000593872e+00,-5.710539246835157068e-04,3.751103114141648596e-05,8.669031423362487756e-05,-1.552615137872863057e-04,-5.775179306400363139e-06,8.679213622133575201e-04
6.770000000000595541e+00,-5.708574382970118839e-04,4.049728585410556562e-05,8.591689065483011601e-05,-1.543253238062051265e-04,-5.775179631469288977e-06,8.602036476520036725e-04
6.775000000000597211e+00,-5.706461071496354755e-04,4.345464877919363156e-05,8.514813503477072407e-05,-1.533933146924461332e-04,-5.775179954882305213e-06,8.525324291617395953e-04
6.780000000000598881e+00,-5.704200751558255499e-04,4.638330165309795364e-05,8.438402650582717973e-05,-1.524654748647507772e-04,-5.775180276642288373e-06,8.449074992922211676e-04
6.785000000000600551e+00,-5.701794853238812116e-04,4.928342536418917964e-05,8.362454425832356044e-05,-1.515417927275875844e-04,-5.775180596757270868e-06,8.373286511664736372e-04
6.790000000000602220e+00,-5.699244797601943271e-04,5.215519995538022032e-05,8.286966754059789430e-05,-1.506222566716271716e-04,-5.775180915208215634e-06,8.297956784816160839e-04
6.795000000000603890e+00,-5.696551996734690228e-04,5.499880462671052661e-05,8.211937565906969225e-05,-1.497068550741990206e-04,-5.775181232029358047e-06,8.223083755095367698e-04
6.800000000000605560e+00,-5.693717853789279559e-04,5.781441773793828150e-05,8.137364797830487831e-05,-1.487955762997646516e-04,-5.775181547211892355e-06,8.148665370976979419e-04
6.805000000000607230e+00,-5.690743763025065500e-04,6.060221681112958997e-05,8.063246392107926953e-05,-1.478884087003756980e-04,-5.775181860735400827e-06,8.074699586696227477e-04
6.810000000000608900e+00,-5.687631109850330288e-04,6.336237853324571746e-05,7.989580296843857307e-05,-1.469853406161233359e-04,-5.775182172621315938e-06,8.001184362255807760e-04
6.815000000000610569e+00,-5.684381270863966308e-04,6.609507875873568152e-05,7.916364465975761077e-05,-1.460863603755968468e-04,-5.775182482942154720e-06,7.928117663432157017e-04
6.820000000000612239e+00,-5.680995613897021641e-04,6.880049251212368676e-05,7.843596859279606062e-05,-1.451914562963235332e-04,-5.775182791656601447e-06,7.855497461780911817e-04
6.825000000000613909e+00,-5.677475498054118750e-04,7.147879399060207562e-05,7.771275442375239590e-05,-1.443006166852191772e-04,-5.775183098765719145e-06,7.783321734643191495e-04
6.830000000000615579e+00,-5.673822273754746326e-04,7.413015656661998986e-05,7.699398186731568289e-05,-1.434138298390222365e-04,-5.775183404247914403e-06,7.711588465150087841e-04
6.835000000000617248e+00,-5.670037282774412343e-04,7.675475279047632132e-05,7.627963069671539996e-05,-1.425310840447372286e-04,-5.775183708146672198e-06,7.640295642228602186e-04
6.840000000000618918e+00,-5.666121858285680032e-04,7.935275439290810911e-05,7.556968074376801763e-05,-1.416523675800602535e-04,-5.775184010478496122e-06,7.569441260605841264e-04
6.845000000000620588e+00,-5.662077324899068322e-04,8.192433228768180990e-05,7.486411189892329399e-05,-1.407776687138101532e-04,-5.775184311257051355e-06,7.499023320814040324e-04
6.850000000000622258e+00,-5.657904998703815668e-04,8.446965657418284705e-05,7.416290411130678896e-05,-1.399069757063521103e-04,-5.775184610425561280e-06,7.429039829195515764e-04
6.855000000000623928e+00,-5.653606187308528970e-04,8.698889654000765341e-05,7.346603738876083362e-05,-1.390402768100231694e-04,-5.775184907991530609e-06,7.359488797906685352e-04
6.860000000000625597e+00,-5.649182189881689353e-04,8.948222066355126885e-05,7.277349179788366988e-05,-1.381775602695445326e-04,-5.775185203976241891e-06,7.290368244921598389e-04
6.865000000000627267e+00,-5.644634297192041962e-04,9.194979661659683520e-05,7.208524746406616427e-05,-1.373188143224362396e-04,-5.775185498407205909e-06,7.221676194036709450e-04
6.870000000000628937e+00,-5.639963791648839372e-04,9.439179126690679881e-05,7.140128457152642111e-05,-1.364640271994334742e-04,-5.775185791262023725e-06,7.153410674874291454e-04
6.875000000000630607e+00,-5.635171947341974415e-04,9.680837068080717412e-05,7.072158336334285068e-05,-1.356131871248822439e-04,-5.775186082540290456e-06,7.085569722885093043e-04
6.880000000000632276e+00,-5.630260030081967728e-04,9.919970012577970851e-05,7.004612414148425582e-05,-1.347662823171553613e-04,-5.775186372275437646e-06,7.018151379353254355e-04
6.885000000000633946e+00,-5.625229297439833867e-04,1.015659440730449803e-04,6.937488726683940354e-05,-1.339233009890402899e-04,-5.775186660470629810e-06,6.951153691397224258e-04
6.890000000000635616e+00,-5.620080998786818396e-04,1.039072662001494003e-04,6.870785315924303233e-05,-1.330842313481385647e-04,-5.775186947153583561e-06,6.884574711974817069e-04
6.895000000000637286e+00,-5.614816375334002714e-04,1.062238293935533102e-04,6.804500229750101920e-05,-1.322490615972645616e-04,-5.775187232283014511e-06,6.818412499884924510e-04
6.900000000000638956e+00,-5.609436660171779852e-04,1.085157957512131058e-04,6.738631521941253807e-05,-1.314177799348277868e-04,-5.775187515877597197e-06,6.752665119769445589e-04
6.905000000000640625e+00,-5.603943078309208846e-04,1.107833265851649983e-04,6.673177252179187931e-05,-1.305903745552195578e-04,-5.775187797941959807e-06,6.687330642116020955e-04
6.910000000000642295e+00,-5.598336846713218400e-04,1.130265824241072321e-04,6.608135486048652885e-05,-1.297668336491941004e-04,-5.775188078490079231e-06,6.622407143260607880e-04
6.915000000000643965e+00,-5.592619174347715147e-04,1.152457230159826542e-04,6.543504295039469156e-05,-1.289471454042500525e-04,-5.775188357572258215e-06,6.557892705388960195e-04
6.920000000000645635e+00,-5.586791262212528189e-04,1.174409073305577737e-04,6.479281756548038881e-05,-1.281312980050020197e-04,-5.775188635163152686e-06,6.493785416538196045e-04
6.925000000000647304e+00,-5.580854303382250638e-04,1.196122935620037999e-04,6.415465953878636042e-05,-1.273192796335579865e-04,-5.775188911302276731e-06,6.430083370598847032e-04
6.930000000000648974e+00,-5.574809483044936963e-04,1.217600391314715953e-04,6.352054976244605870e-05,-1.265110784698797322e-04,-5.775189185941800094e-06,6.366784667315117342e-04
6.935000000000650644e+00,-5.568657978540679987e-04,1.238843006896704776e-04,6.289046918769297255e-05,-1.257066826921549561e-04,-5.775189459105495601e-06,6.303887412287523771e-04
6.940000000000652314e+00,-5.562400959400048018e-04,1.259852341194418041e-04,6.226439882486855572e-05,-1.249060804771542508e-04,-5.775189730762907336e-06,6.241389716972672386e-04
6.945000000000653984e+00,-5.556039587382412487e-04,1.280629945383337078e-04,6.164231974342782396e-05,-1.241092600005934703e-04,-5.775190000954869910e-06,6.179289698684845792e-04
6.950000000000655653e+00,-5.549575016514128123e-04,1.301177363011712528e-04,6.102421307194415945e-05,-1.233162094374830862e-04,-5.775190269695087469e-06,6.117585480595728832e-04
6.955000000000657323e+00,-5.543008393126591703e-04,1.321496130026280670e-04,6.041005999811155369e-05,-1.225269169624843490e-04,-5.775190536978829334e-06,6.056275191736059825e-04
6.960000000000658993e+00,-5.536340855894179369e-04,1.341587774797951696e-04,5.979984176874507509e-05,-1.217413707502564625e-04,-5.775190802790259377e-06,5.995356966995147013e-04
6.965000000000660663e+00,-5.529573535872037583e-04,1.361453818147480093e-04,5.919353968978020489e-05,-1.209595589758033799e-04,-5.775191067144339589e-06,5.934828947121005170e-04
6.970000000000662332e+00,-5.522707556533768903e-04,1.381095773371122015e-04,5.859113512626961165e-05,-1.201814698148159777e-04,-5.775191330012540205e-06,5.874689278720327413e-04
6.975000000000664002e+00,-5.515744033808968154e-04,1.400515146266252274e-04,5.799260950237921427e-05,-1.194070914440068572e-04,-5.775191591436029567e-06,5.814936114257873712e-04
6.980000000000665672e+00,-5.508684076120644747e-04,1.419713435156992707e-04,5.739794430138181225e-05,-1.186364120414498766e-04,-5.775191851387071582e-06,5.755567612056964200e-04
6.985000000000667342e+00,-5.501528784422510558e-04,1.438692130919815070e-04,5.680712106564922529e-05,-1.178694197869142066e-04,-5.775192109888902905e-06,5.696581936298222588e-04
6.990000000000669012e+00,-5.494279252236143130e-04,1.457452717009088364e-04,5.622012139664305040e-05,-1.171061028621862301e-04,-5.775192366964654312e-06,5.637977257018561344e-04
6.995000000000670681e+00,-5.486936565688017679e-04,1.475996669482664925e-04,5.563692695490337270e-05,-1.163464494514040596e-04,-5.775192622611661036e-06,5.579751750111423478e-04
7.000000000000672351e+00,-5.479501803546414423e-04,1.494325457027399827e-04,5.505751946003595147e-05,-1.155904477413766855e-04,-5.775192876868778173e-06,5.521903597324502458e-04
7.005000000000674021e+00,-5.471976037258195801e-04,1.512440540984661894e-04,5.448188069069853889e-05,-1.148380859219039782e-04,-5.775193129726866238e-06,5.464430986258934485e-04
7.010000000000675691e+00,-5.464360330985456845e-04,1.530343375375829793e-04,5.390999248458409524e-05,-1.140893521860953215e-04,-5.775193381172261742e-06,5.407332110368395350e-04
7.015000000000677360e+00,-5.456655741642051950e-04,1.548035406927759678e-04,5.334183673840385499e-05,-1.133442347306834491e-04,-5.775193631239994580e-06,5.350605168956713018e-04
7.020000000000679030e+00,-5.448863318929987208e-04,1.565518075098230053e-04,5.277739540786816356e-05,-1.126027217563359620e-04,-5.775193879909370889e-06,5.294248367176579602e-04
7.025000000000680700e+00,-5.440984105375692385e-04,1.582792812101354663e-04,5.221665050766564708e-05,-1.118648014679613861e-04,-5.775194127194215942e-06,5.238259916027539079e-04
7.030000000000682370e+00,-5.433019136366163890e-04,1.599861042932969356e-04,5.165958411144174514e-05,-1.111304620750119896e-04,-5.775194373095502132e-06,5.182638032354038981e-04
7.035000000000684039e+00,-5.424969440184974380e-04,1.616724185396032503e-04,5.110617835177421467e-05,-1.103996917917935528e-04,-5.775194617625619858e-06,5.127380938844016594e-04
7.040000000000685709e+00,-5.416836038048168525e-04,1.633383650125957650e-04,5.055641542014856595e-05,-1.096724788377607322e-04,-5.775194860777459125e-06,5.072486864024999082e-04
7.045000000000687379e+00,-5.408619944140018914e-04,1.649840840615917443e-04,5.001027756693128280e-05,-1.089488114378095646e-04,-5.775195102520683447e-06,5.017954042262482610e-04
7.050000000000689049e+00,-5.400322165648663774e-04,1.666097153242142130e-04,4.946774710134154525e-05,-1.082286778225723161e-04,-5.775195342924389537e-06,4.963780713757749838e-04
7.055000000000690719e+00,-5.391943702801618938e-04,1.682153977289213185e-04,4.892880639142218647e-05,-1.075120662287150407e-04,-5.775195581986983280e-06,4.909965124544720316e-04
7.060000000000692388e+00,-5.383485548901152098e-04,1.698012694975261792e-04,4.839343786400799344e-05,-1.067989648992138902e-04,-5.775195819678894756e-06,4.856505526486465320e-04
7.065000000000694058e+00,-5.374948690359547575e-04,1.713674681477203924e-04,4.786162400469375680e-05,-1.060893620836468045e-04,-5.775196056002181406e-06,4.803400177273211831e-04
7.070000000000695728e+00,-5.366334106734235547e-04,1.729141304955916867e-04,4.733334735780025406e-05,-1.053832460384733038e-04,-5.775196291016486210e-06,4.750647340418477356e-04
7.075000000000697398e+00,-5.357642770762791181e-04,1.744413926581399495e-04,4.680859052633914855e-05,-1.046806050273154596e-04,-5.775196524689119624e-06,4.698245285255931163e-04
7.080000000000699067e+00,-5.348875648397819925e-04,1.759493900557898105e-04,4.628733617197600456e-05,-1.039814273212343119e-04,-5.775196757040250351e-06,4.646192286935770877e-04
7.085000000000700737e+00,-5.340033698841708349e-04,1.774382574148970738e-04,4.576956701499292979e-05,-1.032857011989949568e-04,-5.775196988073372401e-06,4.594486626420811221e-04
7.090000000000702407e+00,-5.331117874581252488e-04,1.789081287702597839e-04,4.525526583424847345e-05,-1.025934149473507160e-04,-5.775197217783571288e-06,4.543126590484341631e-04
7.095000000000704077e+00,-5.322129121422160400e-04,1.803591374676186945e-04,4.474441546713735490e-05,-1.019045568613011899e-04,-5.775197446171325587e-06,4.492110471703851440e-04
7.100000000000705747e+00,-5.313068378523432217e-04,1.817914161661584411e-04,4.423699880954836273e-05,-1.012191152443617503e-04,-5.775197673259991384e-06,4.441436568458774188e-04
7.105000000000707416e+00,-5.303936578431607931e-04,1.832050968410044861e-04,4.373299881582095959e-05,-1.005370784088243313e-04,-5.775197899040782407e-06,4.391103184925590833e-04
7.110000000000709086e+00,-5.294734647114902404e-04,1.846003107857161331e-04,4.323239849870049107e-05,-9.985843467601568629e-05,-5.775198123490471317e-06,4.341108631073839876e-04
7.115000000000710756e+00,-5.285463503997203790e-04,1.859771886147800293e-04,4.273518092929260852e-05,-9.918317237656125581e-05,-5.775198346632860588e-06,4.291451222661776766e-04
7.120000000000712426e+00,-5.276124061991954847e-04,1.873358602660945877e-04,4.224132923701559811e-05,-9.851127985063182332e-05,-5.775198568507594749e-06,4.242129281231255379e-04
7.125000000000714095e+00,-5.266717227535905235e-04,1.886764550034555205e-04,4.175082660955211343e-05,-9.784274544819963101e-05,-5.775198789081131297e-06,4.193141134103762547e-04
7.130000000000715765e+00,-5.257243900622745637e-04,1.899991014190354367e-04,4.126365629279943776e-05,-9.717755752928415483e-05,-5.775199008384679159e-06,4.144485114375222020e-04
7.135000000000717435e+00,-5.247704974836616115e-04,1.913039274358633581e-04,4.077980159081843846e-05,-9.651570446420507598e-05,-5.775199226454909781e-06,4.096159560911572005e-04
7.140000000000719105e+00,-5.238101337385481096e-04,1.925910603102959958e-04,4.029924586578128811e-05,-9.585717463381846078e-05,-5.775199443258149367e-06,4.048162818342794468e-04
7.145000000000720775e+00,-5.228433869134397043e-04,1.938606266344908963e-04,3.982197253791837924e-05,-9.520195642976684550e-05,-5.775199658766001139e-06,4.000493237058816843e-04
7.150000000000722444e+00,-5.218703444638643496e-04,1.951127523388696678e-04,3.934796508546322655e-05,-9.455003825470775899e-05,-5.775199873005608266e-06,3.953149173203285467e-04
7.155000000000724114e+00,-5.208910932176739200e-04,1.963475626945842146e-04,3.887720704459692863e-05,-9.390140852255810194e-05,-5.775200085980628237e-06,3.906128988669198407e-04
7.160000000000725784e+00,-5.199057193783331379e-04,1.975651823159753015e-04,3.840968200939117962e-05,-9.325605565872491926e-05,-5.775200297689866736e-06,3.859431051092543905e-04
7.165000000000727454e+00,-5.189143085281957071e-04,1.987657351630295181e-04,3.794537363175010851e-05,-9.261396810033941155e-05,-5.775200508147053319e-06,3.813053733847060435e-04
7.170000000000729123e+00,-5.179169456317698214e-04,1.999493445438305518e-04,3.748426562135091908e-05,-9.197513429648267961e-05,-5.775200717380610177e-06,3.766995416038162992e-04
7.175000000000730793e+00,-5.169137150389692533e-04,2.011161331170079124e-04,3.702634174558352016e-05,-9.133954270841278342e-05,-5.775200925363615216e-06,3.721254482497371929e-04
7.180000000000732463e+00,-5.159047004883538174e-04,2.022662228941812931e-04,3.657158582948911914e-05,-9.070718180978713915e-05,-5.775201132115412973e-06,3.675829323776359054e-04
7.185000000000734133e+00,-5.148899851103572569e-04,2.033997352424037660e-04,3.611998175569716886e-05,-9.007804008688986277e-05,-5.775201337655732539e-06,3.630718336141122759e-04
7.190000000000735803e+00,-5.138696514305021203e-04,2.045167908865971169e-04,3.567151346436192138e-05,-8.945210603884505974e-05,-5.775201541973596369e-06,3.585919921564753674e-04
7.195000000000737472e+00,-5.128437813726039038e-04,2.056175099119849302e-04,3.522616495309743016e-05,-8.882936817783347572e-05,-5.775201745123828669e-06,3.541432487722165996e-04
7.200000000000739142e+00,-5.118124562619617499e-04,2.067020117665232355e-04,3.478392027691187442e-05,-8.820981502930973000e-05,-5.775201947091221809e-06,3.497254447983509326e-04
7.205000000000740812e+00,-5.107757568285376535e-04,2.077704152633254872e-04,3.434476354814018959e-05,-8.759343513221246101e-05,-5.775202147842147736e-06,3.453384221407479145e-04
7.210000000000742482e+00,-5.097337632101231995e-04,2.088228385830849987e-04,3.390867893637623012e-05,-8.698021703917626073e-05,-5.775202347411523687e-06,3.409820232734639216e-04
7.215000000000744151e+00,-5.086865549554949167e-04,2.098593992764909231e-04,3.347565066840374644e-05,-8.637014931673446115e-05,-5.775202545770262552e-06,3.366560912380568878e-04
7.220000000000745821e+00,-5.076342110275565119e-04,2.108802142666439650e-04,3.304566302812601348e-05,-8.576322054553047239e-05,-5.775202742919988093e-06,3.323604696429583892e-04
7.225000000000747491e+00,-5.065768098064700464e-04,2.118853998514618451e-04,3.261870035649495772e-05,-8.515941932050881912e-05,-5.775202938883323712e-06,3.280950026626809840e-04
7.230000000000749161e+00,-5.055144290927743181e-04,2.128750717060897530e-04,3.219474705143894936e-05,-8.455873425113000230e-05,-5.775203133653499923e-06,3.238595350372835383e-04
7.235000000000750831e+00,-5.044471461104915342e-04,2.138493448852981141e-04,3.177378756778957117e-05,-8.396115396155794423e-05,-5.775203327245457539e-06,3.196539120714578393e-04
7.240000000000752500e+00,-5.033750375102222750e-04,2.148083338258811707e-04,3.135580641720755400e-05,-8.336666709086120288e-05,-5.775203519664647218e-06,3.154779796339429645e-04
7.245000000000754170e+00,-5.022981793722278805e-04,2.157521523490489211e-04,3.094078816810793289e-05,-8.277526229320281571e-05,-5.775203710908430451e-06,3.113315841567152733e-04
7.250000000000755840e+00,-5.012166472095012362e-04,2.166809136628151293e-04,3.052871744558352280e-05,-8.218692823803079399e-05,-5.775203901005963808e-06,3.072145726343171240e-04
7.255000000000757510e+00,-5.001305159708258497e-04,2.175947303643826244e-04,3.011957893132831624e-05,-8.160165361026901014e-05,-5.775204089935465836e-06,3.031267926230738082e-04
7.260000000000759179e+00,-4.990398600438228924e-04,2.184937144425248313e-04,2.971335736355939708e-05,-8.101942711050809864e-05,-5.775204277728557121e-06,2.990680922403387296e-04
7.265000000000760849e+00,-4.979447532579852308e-04,2.193779772799605535e-04,2.931003753693804109e-05,-8.044023745518689723e-05,-5.775204464393810484e-06,2.950383201636553156e-04
7.270000000000762519e+00,-4.968452688877020252e-04,2.202476296557233338e-04,2.890960430249003046e-05,-7.986407337677029676e-05,-5.775204649932491393e-06,2.910373256300220909e-04
7.275000000000764189e+00,-4.957414796552689091e-04,2.211027817475305721e-04,2.851204256752491804e-05,-7.929092362393473463e-05,-5.775204834348135363e-06,2.870649584351592145e-04
7.280000000000765858e+00,-4.946334577338881927e-04,2.219435431341450801e-04,2.811733729555443092e-05,-7.872077696174376775e-05,-5.775205017629423493e-06,2.831210689326448589e-04
7.285000000000767528e+00,-4.935212747506560575e-04,2.227700227977343322e-04,2.772547350621019986e-05,-7.815362217182636960e-05,-5.775205199757307705e-06,2.792055080331352348e-04
7.290000000000769198e+00,-4.924050017895385822e-04,2.235823291262241060e-04,2.733643627516007917e-05,-7.758944805255089049e-05,-5.775205380746867727e-06,2.753181272035369110e-04
7.295000000000770868e+00,-4.912847093943364940e-04,2.243805699156457801e-04,2.695021073402419220e-05,-7.702824341919133348e-05,-5.775205560601819494e-06,2.714587784661540355e-04
7.300000000000772538e+00,-4.901604675716366918e-04,2.251648523724826827e-04,2.656678207028984184e-05,-7.646999710410197872e-05,-5.775205739377434445e-06,2.676273143979421331e-04
7.305000000000774207e+00,-4.890323457937537956e-04,2.259352831160109387e-04,2.618613552722561116e-05,-7.591469795688624792e-05,-5.775205917069165708e-06,2.638235881296014415e-04
7.310000000000775877e+00,-4.879004130016585217e-04,2.266919681806336484e-04,2.580825640379461370e-05,-7.536233484455822338e-05,-5.775206093650845894e-06,2.600474533447088448e-04
7.315000000000777547e+00,-4.867647376078953255e-04,2.274350130182146870e-04,2.543313005456694078e-05,-7.481289665171448049e-05,-5.775206269168667098e-06,2.562987642789129076e-04
7.320000000000779217e+00,-4.856253874994883343e-04,2.281645225003993578e-04,2.506074188963132611e-05,-7.426637228067896421e-05,-5.775206443592006538e-06,2.525773757189545151e-04
7.325000000000780886e+00,-4.844824300408350284e-04,2.288806009209412530e-04,2.469107737450601419e-05,-7.372275065167800646e-05,-5.775206616955883096e-06,2.488831430020128281e-04
7.330000000000782556e+00,-4.833359320765891892e-04,2.295833519980187054e-04,2.432412203004875463e-05,-7.318202070299439119e-05,-5.775206789238293399e-06,2.452159220146186416e-04
7.335000000000784226e+00,-4.821859599345315953e-04,2.302728788765439499e-04,2.395986143236610521e-05,-7.264417139111472460e-05,-5.775206960471503471e-06,2.415755691918063217e-04
7.340000000000785896e+00,-4.810325794284294430e-04,2.309492841304746150e-04,2.359828121272193878e-05,-7.210919169089370531e-05,-5.775207130649585777e-06,2.379619415163243979e-04
7.345000000000787566e+00,-4.798758558608842207e-04,2.316126697651151858e-04,2.323936705744514381e-05,-7.157707059570088469e-05,-5.775207299767687665e-06,2.343748965175873296e-04
7.350000000000789235e+00,-4.787158540261683606e-04,2.322631372194130194e-04,2.288310470783665399e-05,-7.104779711756516387e-05,-5.775207467791500064e-06,2.308142922708245699e-04
7.355000000000790905e+00,-4.775526382130494771e-04,2.329007873682553621e-04,2.252947996007567157e-05,-7.052136028733185400e-05,-5.775207634736452528e-06,2.272799873962265123e-04
7.360000000000792575e+00,-4.763862722076046309e-04,2.335257205247560409e-04,2.217847866512513846e-05,-6.999774915480364967e-05,-5.775207800642907870e-06,2.237718410578955523e-04
7.365000000000794245e+00,-4.752168192960217982e-04,2.341380364425389553e-04,2.183008672863661443e-05,-6.947695278888337759e-05,-5.775207965490498337e-06,2.202897129629662032e-04
7.370000000000795914e+00,-4.740443422673905533e-04,2.347378343180183172e-04,2.148429011085419989e-05,-6.895896027772033688e-05,-5.775208129261784366e-06,2.168334633606856928e-04
7.375000000000797584e+00,-4.728689034164814211e-04,2.353252127926708682e-04,2.114107482651817057e-05,-6.844376072884478072e-05,-5.775208291956365311e-06,2.134029530413945148e-04
7.380000000000799254e+00,-4.716905645465138447e-04,2.359002699553064148e-04,2.080042694476732487e-05,-6.793134326931107175e-05,-5.775208453614776781e-06,2.099980433356637565e-04
7.385000000000800924e+00,-4.705093869719125530e-04,2.364631033443301256e-04,2.046233258904118878e-05,-6.742169704582775917e-05,-5.775208614258175965e-06,2.066185961132359686e-04
7.390000000000802594e+00,-4.693254315210526519e-04,2.370138099500037699e-04,2.012677793698129926e-05,-6.691481122489843021e-05,-5.775208773880038168e-06,2.032644737821613819e-04
7.395000000000804263e+00,-4.681387585389941452e-04,2.375524862166989066e-04,1.979374922033179989e-05,-6.641067499295081147e-05,-5.775208932494034501e-06,1.999355392877285578e-04
7.400000000000805933e+00,-4.669494278902040405e-04,2.380792280451469838e-04,1.946323272483944689e-05,-6.590927755646974631e-05,-5.775209090112370710e-06,1.966316561115263103e-04
7.405000000000807603e+00,-4.657574989612681018e-04,2.385941307946821998e-04,1.913521479015310698e-05,-6.541060814212277261e-05,-5.775209246748202911e-06,1.933526882704282958e-04
7.410000000000809273e+00,-4.645630306635911634e-04,2.390972892854826312e-04,1.880968180972215749e-05,-6.491465599689221920e-05,-5.775209402347393839e-06,1.900985003156504085e-04
7.415000000000810942e+00,-4.633660814360860054e-04,2.395887978008046104e-04,1.848662023069477461e-05,-6.442141038820039058e-05,-5.775209556939438876e-06,1.868689573316632976e-04
7.420000000000812612e+00,-4.621667092478514956e-04,2.400687500892082404e-04,1.816601655381534081e-05,-6.393086060402446526e-05,-5.775209710552029222e-06,1.836639249352066926e-04
7.425000000000814282e+00,-4.609649716008393477e-04,2.405372393667875718e-04,1.784785733332123551e-05,-6.344299595303448756e-05,-5.775209863207361377e-06,1.804832692743810587e-04
7.430000000000815952e+00,-4.597609255325096574e-04,2.409943583193835674e-04,1.753212917683912779e-05,-6.295780576469627195e-05,-5.775210014888314264e-06,1.773268570274152923e-04
7.435000000000817622e+00,-4.585546276184757053e-04,2.414401991048008625e-04,1.721881874528053723e-05,-6.247527938939944736e-05,-5.775210165591166866e-06,1.741945554018732210e-04
7.440000000000819291e+00,-4.573461339751373755e-04,2.418748533550170974e-04,1.690791275273693394e-05,-6.199540619857399533e-05,-5.775210315324745266e-06,1.710862321334858630e-04
7.445000000000820961e+00,-4.561355002623037865e-04,2.422984121783859895e-04,1.659939796637421522e-05,-6.151817558480438940e-05,-5.775210464106595754e-06,1.680017554851226554e-04
7.450000000000822631e+00,-4.549227816858048088e-04,2.427109661618357696e-04,1.629326120632657908e-05,-6.104357696194282650e-05,-5.775210611921730079e-06,1.649409942457602150e-04
7.455000000000824301e+00,-4.537080330000916326e-04,2.431126053730628758e-04,1.598948934558982860e-05,-6.057159976522217366e-05,-5.775210758762261519e-06,1.619038177294315024e-04
7.460000000000825970e+00,-4.524913085108261132e-04,2.435034193627188702e-04,1.568806930991421890e-05,-6.010223345136269421e-05,-5.775210904643969451e-06,1.588900957741499955e-04
7.465000000000827640e+00,-4.512726620774599258e-04,2.438834971665937510e-04,1.538898807769667720e-05,-5.963546749868167414e-05,-5.775211049558512294e-06,1.558996987409002970e-04
7.470000000000829310e+00,-4.500521471158019015e-04,2.442529273077944946e-04,1.509223267987242335e-05,-5.917129140720212694e-05,-5.775211193524318096e-06,1.529324975125492705e-04
7.475000000000830980e+00,-4.488298166005751186e-04,2.446117977989179589e-04,1.479779019980632257e-05,-5.870969469875948586e-05,-5.775211336521147853e-06,1.499883634927481500e-04
7.480000000000832650e+00,-4.476057230679630428e-04,2.449601961442162247e-04,1.450564777318330815e-05,-5.825066691709939219e-05,-5.775211478546815372e-06,1.470671686048459254e-04
7.485000000000834319e+00,-4.463799186181445001e-04,2.452982093417598779e-04,1.421579258789866703e-05,-5.779419762798488215e-05,-5.775211619637211134e-06,1.441687852908674549e-04
7.490000000000835989e+00,-4.451524549178184046e-04,2.456259238855946765e-04,1.392821188394762056e-05,-5.734027641929505611e-05,-5.775211759774836284e-06,1.412930865103631268e-04
7.495000000000837659e+00,-4.439233832027172639e-04,2.459434257678910361e-04,1.364289295331448345e-05,-5.688889290111972944e-05,-5.775211898953194081e-06,1.384399457393402691e-04
7.500000000000839329e+00,-4.426927542801102232e-04,2.462508004810937861e-04,1.335982313986129418e-05,-5.644003670586632124e-05,-5.775212037188224837e-06,1.356092369692181150e-04
7.505000000000840998e+00,-4.414606185312951571e-04,2.465481330200591315e-04,1.307898983921597280e-05,-5.599369748834563513e-05,-5.775212174500670695e-06,1.328008347055988862e-04
7.510000000000842668e+00,-4.402270259140803011e-04,2.468355078841926462e-04,1.280038049866001788e-05,-5.554986492587275098e-05,-5.775212310940673464e-06,1.300146139672880808e-04
7.515000000000844338e+00,-4.389920259652550934e-04,2.471130090795776698e-04,1.252398261701572582e-05,-5.510852871835513671e-05,-5.775212446463696999e-06,1.272504502850958070e-04
7.520000000000846008e+00,-4.377556678030502840e-04,2.473807201211006149e-04,1.224978374453296787e-05,-5.466967858838565246e-05,-5.775212581096834496e-06,1.245082197007772186e-04
7.525000000000847677e+00,-4.365180001295879066e-04,2.476387240345707995e-04,1.197777148277548620e-05,-5.423330428133305443e-05,-5.775212714827462623e-06,1.217877987658888181e-04
7.530000000000849347e+00,-4.352790712333199741e-04,2.478871033588350746e-04,1.170793348450676804e-05,-5.379939556543192938e-05,-5.775212847694990435e-06,1.190890645406456121e-04
7.535000000000851017e+00,-4.340389289914571460e-04,2.481259401478827487e-04,1.144025745357549970e-05,-5.336794223186048619e-05,-5.775212979679123869e-06,1.164118945927721958e-04
7.540000000000852687e+00,-4.327976208723866079e-04,2.483553159729531140e-04,1.117473114480054633e-05,-5.293893409483671101e-05,-5.775213110799455645e-06,1.137561669964791991e-04
7.545000000000854357e+00,-4.315551939380796501e-04,2.485753119246306131e-04,1.091134236385556561e-05,-5.251236099169488485e-05,-5.775213241051716716e-06,1.111217603311797394e-04
7.550000000000856026e+00,-4.303116948464886225e-04,2.487860086149376745e-04,1.065007896715315578e-05,-5.208821278297054436e-05,-5.775213370425301383e-06,1.085085536804458641e-04
7.555000000000857696e+00,-4.290671698539333715e-04,2.489874861794212592e-04,1.039092886172863753e-05,-5.166647935247937107e-05,-5.775213498931393022e-06,1.059164266308158466e-04
7.560000000000859366e+00,-4.278216648174776489e-04,2.491798242792360473e-04,1.013388000512339562e-05,-5.124715060740167111e-05,-5.775213626562242128e-06,1.033452592706757506e-04
7.565000000000861036e+00,-4.265752251972946239e-04,2.493631021032168362e-04,9.878920405267876487e-06,-5.083021647835046986e-05,-5.775213753301828768e-06,1.007949321890313539e-04
7.570000000000862705e+00,-4.253278960590222042e-04,2.495373983699531069e-04,9.626038120364164067e-06,-5.041566691946003029e-05,-5.775213879193203390e-06,9.826532647448422855e-05
7.575000000000864375e+00,-4.240797220761083819e-04,2.497027913298503635e-04,9.375221258768191406e-06,-5.000349190845036296e-05,-5.775214004213875577e-06,9.575632371390405346e-05
7.580000000000866045e+00,-4.228307475321456833e-04,2.498593587671914728e-04,9.126457978871577867e-06,-4.959368144670621697e-05,-5.775214128350349552e-06,9.326780599140615765e-05
7.585000000000867715e+00,-4.215810163231958072e-04,2.500071780021916610e-04,8.879736488983107191e-06,-4.918622555935181533e-05,-5.775214251651367825e-06,9.079965588710989200e-05
7.590000000000869385e+00,-4.203305719601036373e-04,2.501463258930449992e-04,8.635045047209829490e-06,-4.878111429531712008e-05,-5.775214374116420484e-06,8.835175647593622190e-05
7.595000000000871054e+00,-4.190794575708015513e-04,2.502768788379678539e-04,8.392371961337829496e-06,-4.837833772740856290e-05,-5.775214495714280812e-06,8.592399132648948108e-05
7.600000000000872724e+00,-4.178277159026027253e-04,2.503989127772375122e-04,8.151705588712656006e-06,-4.797788595238046015e-05,-5.775214616493186488e-06,8.351624449986077843e-05
7.605000000000874394e+00,-4.165753893244851145e-04,2.505125031952219164e-04,7.913034336119385400e-06,-4.757974909099624321e-05,-5.775214736421436456e-06,8.112840054840603427e-05
7.610000000000876064e+00,-4.153225198293649702e-04,2.506177251224081526e-04,7.676346659662398872e-06,-4.718391728809994128e-05,-5.775214855476142193e-06,7.876034451463098695e-05
7.615000000000877733e+00,-4.140691490363596788e-04,2.507146531374207466e-04,7.441631064644816603e-06,-4.679038071267372539e-05,-5.775214973692559751e-06,7.641196192992275754e-05
7.620000000000879403e+00,-4.128153181930417095e-04,2.508033613690407201e-04,7.208876105447557553e-06,-4.639912955791091587e-05,-5.775215091156019229e-06,7.408313881345007584e-05
7.625000000000881073e+00,-4.115610681776812863e-04,2.508839234982110388e-04,6.978070385408189184e-06,-4.601015404126620128e-05,-5.775215207803106658e-06,7.177376167082679791e-05
7.630000000000882743e+00,-4.103064395014798449e-04,2.509564127600443385e-04,6.749202556699396017e-06,-4.562344440452679588e-05,-5.775215323660849166e-06,6.948371749306958122e-05
7.635000000000884413e+00,-4.090514723107931344e-04,2.510209019458196455e-04,6.522261320207189007e-06,-4.523899091386589087e-05,-5.775215438728464941e-06,6.721289375524856790e-05
7.640000000000886082e+00,-4.077962063893441833e-04,2.510774634049749783e-04,6.297235425408782866e-06,-4.485678385989942587e-05,-5.775215553008279936e-06,6.496117841535798494e-05
7.645000000000887752e+00,-4.065406811604269392e-04,2.511261690470945811e-04,6.074113670250258252e-06,-4.447681355774353134e-05,-5.775215666492125364e-06,6.272845991312428070e-05
7.650000000000889422e+00,-4.052849356890992857e-04,2.511670903438923633e-04,5.852884901023864810e-06,-4.409907034707388188e-05,-5.775215779151583272e-06,6.051462716877899781e-05
7.655000000000891092e+00,-4.040290086843667874e-04,2.512002983311873165e-04,5.633538012245085351e-06,-4.372354459217731097e-05,-5.775215890995497529e-06,5.831956958179451890e-05
7.660000000000892761e+00,-4.027729385013558111e-04,2.512258636108736717e-04,5.416061946529454393e-06,-4.335022668200448295e-05,-5.775216002049768709e-06,5.614317702970032787e-05
7.665000000000894431e+00,-4.015167631434775385e-04,2.512438563528843899e-04,5.200445694469058213e-06,-4.297910703021776726e-05,-5.775216112306149252e-06,5.398533986686768703e-05
7.670000000000896101e+00,-4.002605202645820597e-04,2.512543462971529172e-04,4.986678294508896840e-06,-4.261017607524856567e-05,-5.775216221769096246e-06,5.184594892333335909e-05
7.675000000000897771e+00,-3.990042471711021657e-04,2.512574027555674596e-04,4.774748832822807277e-06,-4.224342428034762599e-05,-5.775216330456040781e-06,4.972489550349071756e-05
7.680000000000899441e+00,-3.977479808241879259e-04,2.512530946139160956e-04,4.564646443189316426e-06,-4.187884213362508306e-05,-5.775216438368595609e-06,4.762207138484456098e-05
7.685000000000901110e+00,-3.964917578418312365e-04,2.512414903338308051e-04,4.356360306867176369e-06,-4.151642014810311029e-05,-5.775216545514932903e-06,4.553736881689158600e-05
7.690000000000902780e+00,-3.952356145009809901e-04,2.512226579547236372e-04,4.149879652470698911e-06,-4.115614886175934198e-05,-5.775216651901698484e-06,4.347068051980910590e-05
7.695000000000904450e+00,-3.939795867396482174e-04,2.511966650957194640e-04,3.945193755844823297e-06,-4.079801883757600120e-05,-5.775216757512346410e-06,4.142189968325632276e-05
7.700000000000906120e+00,-3.927237101590019580e-04,2.511635789575790293e-04,3.742291939940012416e-06,-4.044202066357616637e-05,-5.775216862372457076e-06,3.939091996507344069e-05
7.705000000000907789e+00,-3.914680200254548863e-04,2.511234663246206429e-04,3.541163574686902508e-06,-4.008814495287262811e-05,-5.775216966490400862e-06,3.737763549014439202e-05
7.710000000000909459e+00,-3.902125512727403172e-04,2.510763935666351530e-04,3.341798076870741964e-06,-3.973638234371027481e-05,-5.775217069856351339e-06,3.538194084906541662e-05
7.715000000000911129e+00,-3.889573385039788583e-04,2.510224266407908348e-04,3.144184910005655644e-06,-3.938672349949628760e-05,-5.775217172474294643e-06,3.340373109688787536e-05
7.720000000000912799e+00,-3.877024159937357919e-04,2.509616310935394723e-04,2.948313584208702082e-06,-3.903915910884974262e-05,-5.775217274349168129e-06,3.144290175200503191e-05
7.725000000000914469e+00,-3.864478176900690786e-04,2.508940720625135496e-04,2.754173656073688027e-06,-3.869367988563674599e-05,-5.775217375494357460e-06,2.949934879476124499e-05
7.730000000000916138e+00,-3.851935772165676034e-04,2.508198142784154186e-04,2.561754728544893620e-06,-3.835027656900268875e-05,-5.775217475878956098e-06,2.757296866624590526e-05
7.735000000000917808e+00,-3.839397278743804766e-04,2.507389220669045161e-04,2.371046450790532865e-06,-3.800893992341192195e-05,-5.775217575494344633e-06,2.566365826710080279e-05
7.740000000000919478e+00,-3.826863026442362523e-04,2.506514593504786167e-04,2.182038518076076470e-06,-3.766966073868434166e-05,-5.775217674368406546e-06,2.377131495621030916e-05
7.745000000000921148e+00,-3.814333341884533642e-04,2.505574896503459247e-04,1.994720671637410354e-06,-3.733242983002319875e-05,-5.775217772508670263e-06,2.189583654942983194e-05
7.750000000000922817e+00,-3.801808548529410207e-04,2.504570760882984131e-04,1.809082698553764403e-06,-3.699723803805900912e-05,-5.775217870004282616e-06,2.003712131840115440e-05
7.755000000000924487e+00,-3.789288966691903423e-04,2.503502813885692246e-04,1.625114431620577687e-06,-3.666407622886659596e-05,-5.775217966797099026e-06,1.819506798914758395e-05
7.760000000000926157e+00,-3.776774913562569880e-04,2.502371678796934873e-04,1.442805749222148550e-06,-3.633293529400483254e-05,-5.775218062911694462e-06,1.636957574100262149e-05
7.765000000000927827e+00,-3.764266703227339152e-04,2.501177974963595362e-04,1.262146575204145342e-06,-3.600380615054323908e-05,-5.775218158342997737e-06,1.456054420522661257e-05
7.770000000000929496e+00,-3.751764646687150867e-04,2.499922317812546045e-04,1.083126878745984817e-06,-3.567667974109015841e-05,-5.775218253067110662e-06,1.276787346378471097e-05
7.775000000000931166e+00,-3.739269051877499618e-04,2.498605318869052570e-04,9.057366742330666357e-07,-3.535154703382099948e-05,-5.775218347095295389e-06,1.099146404808643945e-05
7.780000000000932836e+00,-3.726780223687888808e-04,2.497227585775142994e-04,7.299660211288529647e-07,-3.502839902250841201e-05,-5.775218440407840614e-06,9.231216937704327111e-06
7.785000000000934506e+00,-3.714298463981189073e-04,2.495789722307863038e-04,5.558050238468430501e-07,-3.470722672654044693e-05,-5.775218533020881467e-06,7.487033559068097142e-06
7.790000000000936176e+00,-3.701824071612913776e-04,2.494292328397536220e-04,3.832438316224236419e-07,-3.438802119095050742e-05,-5.775218624938413402e-06,5.758815784281966580e-06
7.795000000000937845e+00,-3.689357342450393117e-04,2.492736000145928037e-04,2.122726383845766698e-07,-3.407077348643920239e-05,-5.775218716185639039e-06,4.046465929790322926e-06
7.800000000000939515e+00,-3.676898569391865313e-04,2.491121329844358644e-04,4.288168262750620499e-08,-3.375547470939329291e-05,-5.775218806753333340e-06,2.349886755121517956e-06
7.805000000000941185e+00,-3.664448042385473440e-04,2.489448905991796025e-04,-1.249387527178683687e-07,-3.344211598191629379e-05,-5.775218896605878571e-06,6.689814616702401823e-07
7.810000000000942855e+00,-3.652006048448174468e-04,2.487719313312844525e-04,-2.911983404125453593e-07,-3.313068845184353046e-05,-5.775218985767323691e-06,-9.963463086964484349e-07
7.815000000000944524e+00,-3.639572871684556123e-04,2.485933132775669432e-04,-4.559067090381186372e-07,-3.282118329275617263e-05,-5.775219074260487768e-06,-2.646192474842009388e-06
7.820000000000946194e+00,-3.627148793305564863e-04,2.484090941609925877e-04,-6.190734431255798802e-07,-3.251359170401002660e-05,-5.775219162091850604e-06,-4.280652517558726614e-06
7.825000000000947864e+00,-3.614734091647147643e-04,2.482193313324592343e-04,-7.807080832842315291e-07,-3.220790491075139849e-05,-5.775219249266027681e-06,-5.899821480980678468e-06
7.830000000000949534e+00,-3.602329042188799906e-04,2.480240817725717960e-04,-9.408201263306534031e-07,-3.190411416392625578e-05,-5.775219335770443101e-06,-7.503793973827774065e-06
7.835000000000951204e+00,-3.589933917572026836e-04,2.478234020934170904e-04,-1.099419025417761193e-06,-3.160221074030398488e-05,-5.775219421605323869e-06,-9.092664170586170979e-06
7.840000000000952873e+00,-3.577548987618716248e-04,2.476173485403288118e-04,-1.256514190163944893e-06,-3.130218594248745386e-05,-5.775219506809807142e-06,-1.066652581288868187e-05
7.845000000000954543e+00,-3.565174519349426367e-04,2.474059769936515826e-04,-1.412114986782291405e-06,-3.100403109893628894e-05,-5.775219591355823943e-06,-1.222547221072546495e-05
7.850000000000956213e+00,-3.552810777001579284e-04,2.471893429704937828e-04,-1.566230738209874905e-06,-3.070773756397368463e-05,-5.775219675262963602e-06,-1.376959624384640644e-05
7.855000000000957883e+00,-3.540458022047571467e-04,2.469675016264742543e-04,-1.718870724237079722e-06,-3.041329671779180777e-05,-5.775219758547483223e-06,-1.529899036295478311e-05
7.860000000000959552e+00,-3.528116513212795915e-04,2.467405077574713352e-04,-1.870044181637015530e-06,-3.012069996647800141e-05,-5.775219841205297566e-06,-1.681374659089776374e-05
7.865000000000961222e+00,-3.515786506493578109e-04,2.465084158013571502e-04,-2.019760304294975961e-06,-2.982993874201400207e-05,-5.775219923222736366e-06,-1.831395652414238260e-05
7.870000000000962892e+00,-3.503468255175022530e-04,2.462712798397320084e-04,-2.168028243337950368e-06,-2.954100450229229092e-05,-5.775220004604120338e-06,-1.979971133390265406e-05
7.875000000000964562e+00,-3.491162009848776220e-04,2.460291535996493150e-04,-2.314857107264173064e-06,-2.925388873111918375e-05,-5.775220085312108882e-06,-2.127110176751306024e-05
7.880000000000966232e+00,-3.478868018430703447e-04,2.457820904553389106e-04,-2.460255962072719577e-06,-2.896858293822929486e-05,-5.775220165406178958e-06,-2.272821814963175106e-05
7.885000000000967901e+00,-3.466586526178474723e-04,2.455301434299230379e-04,-2.604233831393171089e-06,-2.868507865929479690e-05,-5.775220244907688500e-06,-2.417115038360606312e-05
7.890000000000969571e+00,-3.454317775709073407e-04,2.452733651971218459e-04,-2.746799696615274424e-06,-2.840336745591990491e-05,-5.775220323814070999e-06,-2.559998795278574930e-05
7.895000000000971241e+00,-3.442062007016212879e-04,2.450118080829598159e-04,-2.887962497018622376e-06,-2.812344091565389698e-05,-5.775220402089789189e-06,-2.701481992164964785e-05
7.900000000000972911e+00,-3.429819457487671844e-04,2.447455240674661697e-04,-3.027731129902401784e-06,-2.784529065200014696e-05,-5.775220479708929789e-06,-2.841573493718711519e-05
7.905000000000974580e+00,-3.417590361922540195e-04,2.444745647863659542e-04,-3.166114450715139927e-06,-2.756890830441560949e-05,-5.775220556738095001e-06,-2.980282123023693424e-05
7.910000000000976250e+00,-3.405374952548388440e-04,2.441989815327669515e-04,-3.303121273184486912e-06,-2.729428553831422845e-05,-5.775220633131600949e-06,-3.117616661670935600e-05
7.915000000000977920e+00,-3.393173459038342256e-04,2.439188252588408426e-04,-3.438760369446971800e-06,-2.702141404506854295e-05,-5.775220708907146388e-06,-3.253585849888071486e-05
7.920000000000979590e+00,-3.380986108528084952e-04,2.436341465774996551e-04,-3.573040470177817609e-06,-2.675028554201304832e-05,-5.775220784073634480e-06,-3.388198386666221618e-05
7.925000000000981260e+00,-3.368813125632767226e-04,2.433449957640667900e-04,-3.705970264720731324e-06,-2.648089177244710319e-05,-5.775220858642708540e-06,-3.521462929891278315e-05
7.930000000000982929e+00,-3.356654732463837235e-04,2.430514227579392119e-04,-3.837558401217706615e-06,-2.621322450562890531e-05,-5.775220932627564494e-06,-3.653388096474648265e-05
7.935000000000984599e+00,-3.344511148645786642e-04,2.427534771642489615e-04,-3.967813486738815540e-06,-2.594727553678243052e-05,-5.775221006046538066e-06,-3.783982462473965561e-05
7.940000000000986269e+00,-3.332382591332814798e-04,2.424512082555141249e-04,-4.096744087412011687e-06,-2.568303668708915889e-05,-5.775221078883319634e-06,-3.913254563231633088e-05
7.945000000000987939e+00,-3.320269275225412164e-04,2.421446649732884198e-04,-4.224358728552922727e-06,-2.542049980369162886e-05,-5.775221151148687695e-06,-4.041212893494144394e-05
7.950000000000989608e+00,-3.308171412586853729e-04,2.418338959298018645e-04,-4.350665894794603158e-06,-2.515965675968691176e-05,-5.775221222860043691e-06,-4.167865907548340117e-05
7.955000000000991278e+00,-3.296089213259623053e-04,2.415189494095986821e-04,-4.475674030217324311e-06,-2.490049945412720466e-05,-5.775221293997172336e-06,-4.293222019344874221e-05
7.960000000000992948e+00,-3.284022884681743058e-04,2.411998733711661247e-04,-4.599391538478261875e-06,-2.464301981201013017e-05,-5.775221364568741317e-06,-4.417289602632651677e-05
7.965000000000994618e+00,-3.271972631903030931e-04,2.408767154485598006e-04,-4.721826782941256260e-06,-2.438720978427461652e-05,-5.775221434573929013e-06,-4.540076991079750209e-05
7.970000000000996287e+00,-3.259938657601271707e-04,2.405495229530260745e-04,-4.842988086806478945e-06,-2.413306134780262882e-05,-5.775221504037216369e-06,-4.661592478403641103e-05
7.975000000000997957e+00,-3.247921162098310545e-04,2.402183428746122436e-04,-4.962883733240091194e-06,-2.388056650540177446e-05,-5.775221572943531281e-06,-4.781844318509261005e-05
7.980000000000999627e+00,-3.235920343376065306e-04,2.398832218837772820e-04,-5.081521965503873984e-06,-2.362971728580596712e-05,-5.775221641265402777e-06,-4.900840725602819938e-05
7.985000000001001297e+00,-3.223936397092455651e-04,2.395442063329929097e-04,-5.198910987084758820e-06,-2.338050574366227409e-05,-5.775221709016440135e-06,-5.018589874331100281e-05
7.990000000001002967e+00,-3.211969516597256249e-04,2.392013422583438474e-04,-5.315058961824448341e-06,-2.313292395953088916e-05,-5.775221776176190051e-06,-5.135099899902051217e-05
7.995000000001004636e+00,-3.200019892947867034e-04,2.388546753811155495e-04,-5.429974014048880226e-06,-2.288696403986530524e-05,-5.775221842789536800e-06,-5.250378898224921189e-05
