time_s,x_m,y_m,COM_pitch_deg,yaw_deg,forward_speed_m_s,left_torque_Nm,right_torque_Nm,path_distance_m,reference_distance_m
0.000000000000000000e+00,0.000000000000000000e+00,0.000000000000000000e+00,2.000000000000000444e+00,0.000000000000000000e+00,0.000000000000000000e+00,0.000000000000000000e+00,0.000000000000000000e+00,0.000000000000000000e+00,0.000000000000000000e+00
5.000000000000000104e-03,-2.039779383859897778e-21,-3.224563032756749656e-22,2.000000000000000444e+00,0.000000000000000000e+00,-5.563096239560204944e-19,2.535251268705594363e+00,2.535251268705594363e+00,-2.039779383859897778e-21,0.000000000000000000e+00
1.000000000000000194e-02,1.366685086789116689e-05,-3.431233950958387761e-10,1.997973981908069740e+00,-3.661824526749191493e-07,4.550808180470276680e-03,2.535249483081385868e+00,2.535253054329802858e+00,1.366685086789250690e-05,0.000000000000000000e+00
1.500000000000000638e-02,5.982211561950193926e-05,-1.133919376799316517e-09,1.991636200128846790e+00,-1.662546968644511903e-06,1.889765304678876767e-02,2.460518431318798438e+00,2.460532057582328402e+00,5.982211561951686059e-05,0.000000000000000000e+00
2.000000000000001082e-02,2.940649079371944713e-04,-1.160493520138023105e-09,1.966095391266879489e+00,-6.269198709003275818e-06,6.405576027586344645e-02,2.348163154998646807e+00,2.348194067783216266e+00,2.940649079372060722e-04,0.000000000000000000e+00
2.500000000000001527e-02,7.239532136884647626e-04,-8.585066690966937687e-10,1.920961204164093328e+00,-1.180768959423243409e-05,9.984893103966038796e-02,1.653794007111484943e+00,1.653825405906913959e+00,7.239532136884187924e-04,0.000000000000000000e+00
3.000000000000001971e-02,1.292517719449442050e-03,-5.714269201928792776e-10,1.862142169331060249e+00,-1.675442273948373761e-05,1.225672494506764160e-01,8.137700561647666087e-01,8.137973310542566674e-01,1.292517719449302622e-03,0.000000000000000000e+00
3.500000000000002415e-02,1.935185634279805184e-03,-4.009628278022189781e-10,1.796430751573959261e+00,-2.072531704753619315e-05,1.323128456774987083e-01,1.699083706200568977e-01,1.699301176031855209e-01,1.935185634279572731e-03,0.000000000000000000e+00
4.000000000000002859e-02,2.598149980891687871e-03,-3.772968488245282271e-10,1.729506911306801786e+00,-2.364373981893128277e-05,1.326843821731547024e-01,-2.160139417437434706e-01,-2.159977938023370514e-01,2.598149980891395570e-03,0.000000000000000000e+00
4.500000000000003303e-02,3.246399860462211105e-03,-4.914360784945524012e-10,1.665050378593335711e+00,-2.560961186429754175e-05,1.275867536793807711e-01,-3.651656350862552691e-01,-3.651543167654121569e-01,3.246399860461907962e-03,0.000000000000000000e+00
5.000000000000003747e-02,3.862740125156483625e-03,-7.211913860278779302e-10,1.604835247616809291e+00,-2.682133281986786647e-05,1.203765850733288373e-01,-3.505930813960687620e-01,-3.505854104964054030e-01,3.862740125156221681e-03,0.000000000000000000e+00
5.500000000000004191e-02,4.443436889977221520e-03,-1.041879267575647341e-09,1.549195094989079591e+00,-2.750381783590395991e-05,1.133154047220449046e-01,-2.478267501158982755e-01,-2.478215156226924454e-01,4.443436889977047180e-03,0.000000000000000000e+00
6.000000000000004635e-02,4.992872550445250773e-03,-1.426872899766806360e-09,1.497598333964685446e+00,-2.785890787781850983e-05,1.076079946347777427e-01,-1.180957818785090402e-01,-1.180919577196173215e-01,4.992872550445197864e-03,0.000000000000000000e+00
6.500000000000004385e-02,5.518947925422947216e-03,-1.850828949590582183e-09,1.449143827155193964e+00,-2.804388464199213286e-05,1.036280102871746239e-01,-6.829565737117937550e-04,-6.797760691881033716e-04,5.518947925423038289e-03,0.000000000000000000e+00
7.000000000000004829e-02,6.029850463141310686e-03,-2.291638611132792799e-09,1.402908818132460045e+00,-2.816762313079956706e-05,1.012240587258508295e-01,8.532516390476271861e-02,8.532820689003040027e-02,6.029850463141557017e-03,0.000000000000000000e+00
7.500000000000005274e-02,6.532249215310897972e-03,-2.731432832145438026e-09,1.358142370386906661e+00,-2.829476481828688899e-05,9.999199412958406641e-02,1.359255096689919451e-01,1.359286907447556370e-01,6.532249215311300428e-03,0.000000000000000000e+00
8.000000000000005718e-02,7.030632372921020654e-03,-3.156907925203718217e-09,1.314335161056876977e+00,-2.845360953090895470e-05,9.947472586794557647e-02,1.561375051264368152e-01,1.561409168606933129e-01,7.030632372921574030e-03,0.000000000000000000e+00
8.500000000000006162e-02,7.527397887067022175e-03,-3.558702574118735133e-09,1.271207951219490706e+00,-2.864613641227550466e-05,9.928033420484420890e-02,1.548578097239568241e-01,1.548614196301999757e-01,7.527397887067714330e-03,0.000000000000000000e+00
9.000000000000006606e-02,8.023329518788610212e-03,-3.928154501271861446e-09,1.228658693775461996e+00,-2.885862017142648504e-05,9.913199135617033197e-02,1.412660818692978992e-01,1.412697896969162814e-01,8.023329518789425532e-03,0.000000000000000000e+00
9.500000000000007050e-02,8.518183137697981841e-03,-4.260963287028963397e-09,1.186698057259841343e+00,-2.907089727380692546e-05,9.887165722713031624e-02,1.228326100473166593e-01,1.228362968951044187e-01,8.518183137698904714e-03,0.000000000000000000e+00
1.000000000000000749e-01,9.011214262689025076e-03,-4.557749992276117385e-09,1.145391557404744853e+00,-2.926385884083005509e-05,9.843782812264613435e-02,1.045914517538568400e-01,1.045950164508539504e-01,9.011214262690036420e-03,0.000000000000000000e+00
1.050000000000000794e-01,9.501564958558996604e-03,-4.821979083881186407e-09,1.104817237003697716e+00,-2.942367427503722878e-05,9.783363467049005502e-02,8.922749834934770585e-02,8.923087391820877512e-02,9.501564958560077337e-03,0.000000000000000000e+00
1.100000000000000838e-01,9.988495359766298362e-03,-5.058558662385901334e-09,1.065040418434048508e+00,-2.954292773091662442e-05,9.709632799096748479e-02,7.761121628089594215e-02,7.761437121854437848e-02,9.988495359767436341e-03,0.000000000000000000e+00
1.150000000000000883e-01,1.047148399027689539e-02,-5.272929821830598603e-09,1.026102812419982913e+00,-2.961978879584868535e-05,9.627387533510634032e-02,6.945925018841526966e-02,6.946218119477194641e-02,1.047148399027807673e-02,0.000000000000000000e+00
1.200000000000000927e-01,1.095023699172458821e-02,-5.470485743961521647e-09,9.880215630666157045e-01,-2.965631158360894926e-05,9.541018674941027788e-02,6.392626689561348163e-02,6.392898867794832851e-02,1.095023699172580599e-02,0.000000000000000000e+00
1.250000000000000833e-01,1.142464650707485270e-02,-5.656211323669619221e-09,9.507938209191137968e-01,-2.965665338378250528e-05,9.453800706612999760e-02,6.003762050595935068e-02,6.004015632781761064e-02,1.142464650707610344e-02,0.000000000000000000e+00
1.300000000000000877e-01,1.189473023562339499e-02,-5.834472088097278230e-09,9.144033494093930514e-01,-2.962564936660337151e-05,9.367737348611579473e-02,5.694798913438947618e-02,5.695036386501238501e-02,1.189473023562467695e-02,0.000000000000000000e+00
1.350000000000000921e-01,1.236057318442657788e-02,-6.008906900530919599e-09,8.788268762989295269e-01,-2.956789130923666268e-05,9.283737414790657616e-02,5.405380426691350909e-02,5.405604028379814435e-02,1.236057318442788759e-02,0.000000000000000000e+00
1.400000000000000966e-01,1.282228245100159626e-02,-6.182394756964077887e-09,8.440390152274895863e-01,-2.948727447136749623e-05,9.201931957689556130e-02,5.100438724573500004e-02,5.100650273622486797e-02,1.282228245100293547e-02,0.000000000000000000e+00
1.450000000000001010e-01,1.327995820048200742e-02,-6.357074952186041672e-09,8.100154183289536292e-01,-2.938688974257263754e-05,9.122002757065346412e-02,4.765652841330639961e-02,4.765853730653938497e-02,1.327995820048337786e-02,0.000000000000000000e+00
1.500000000000001055e-01,1.373367924587032447e-02,-6.534404790465504299e-09,7.767343374135099454e-01,-2.926912066859605017e-05,9.043450227424797150e-02,4.400799285424537854e-02,4.400990562313250587e-02,1.373367924587172786e-02,0.000000000000000000e+00
1.550000000000001099e-01,1.418349941627952866e-02,-6.715241875413787840e-09,7.441770116787641554e-01,-2.913582698500634825e-05,8.965774528138259480e-02,4.013323519101691383e-02,4.013505993588954712e-02,1.418349941628096675e-02,0.000000000000000000e+00
1.600000000000001144e-01,1.462945048148051909e-02,-6.899940080991621639e-09,7.123273437628053761e-01,-2.898853372646245806e-05,8.888573449837712526e-02,3.613333614152861722e-02,3.613507958523832359e-02,1.462945048148199187e-02,0.000000000000000000e+00
1.650000000000001188e-01,1.507154803620227787e-02,-7.088450192342502785e-09,6.811712557358144959e-01,-2.882858215243743074e-05,8.811575863220652560e-02,3.210370136041040129e-02,3.210536957904767258e-02,1.507154803620378881e-02,0.000000000000000000e+00
1.700000000000001232e-01,1.550979781644386615e-02,-7.280418118131625097e-09,6.506959996746599639e-01,-2.865722768536717966e-05,8.734633839481779904e-02,2.811781318092972104e-02,2.811941203435988634e-02,1.550979781644541873e-02,0.000000000000000000e+00
1.750000000000001277e-01,1.594420100394135578e-02,-7.475275491330120723e-09,6.208895792643068789e-01,-2.847568849529129404e-05,8.657694175091695810e-02,2.422286625196166249e-02,2.422440156000955219e-02,1.594420100394295173e-02,0.000000000000000000e+00
1.800000000000001321e-01,1.637475794705799473e-02,-7.672319283723170057e-09,5.917403439811866894e-01,-2.828515735402622661e-05,8.580764579039347473e-02,2.044264963426357593e-02,2.044412717798323523e-02,1.637475794705963578e-02,0.000000000000000000e+00
1.850000000000001366e-01,1.680147030850268411e-02,-7.870778649370548198e-09,5.632367542247984638e-01,-2.808679148877854843e-05,8.503883762024082305e-02,1.678372854632963554e-02,1.678515397496438064e-02,1.680147030850437026e-02,0.000000000000000000e+00
1.900000000000001410e-01,1.722434195948959954e-02,-8.069868505736260878e-09,5.353672823193050823e-01,-2.788169318245652646e-05,8.427099579297360477e-02,1.324214848908724859e-02,1.324352719699959172e-02,1.722434195949133426e-02,0.000000000000000000e+00
1.950000000000001454e-01,1.764337904072383820e-02,-8.268830330909873336e-09,5.081204035261841501e-01,-2.767089012181445998e-05,8.350455820553873143e-02,9.809072313805608512e-03,9.810409329419227109e-03,1.764337904072562496e-02,0.000000000000000000e+00
2.000000000000001499e-01,1.805858957966008024e-02,-8.466961313511277201e-09,4.814846347114214442e-01,-2.745532058455495277e-05,8.273986220468214359e-02,6.474717321012821852e-03,6.476017228984233196e-03,1.805858957966190517e-02,0.000000000000000000e+00
2.050000000000001543e-01,1.846998295851198790e-02,-8.663633378431688675e-09,4.554485887256098930e-01,-2.723582536355661327e-05,8.197713474633765152e-02,3.230598302334937357e-03,3.231865204394616681e-03,1.846998295851386140e-02,0.000000000000000000e+00
2.100000000000001588e-01,1.887756941759551055e-02,-8.858303779754312666e-09,4.300010245463371517e-01,-2.701314617759201407e-05,8.121651073616328875e-02,7.042209967379269530e-05,7.165960975418776051e-05,1.887756941759742568e-02,0.000000000000000000e+00
2.150000000000001632e-01,1.928135968299365260e-02,-9.050518960072425255e-09,4.051308836333412100e-01,-2.678792917120983530e-05,8.045806225805962608e-02,-3.009909686148558826e-03,-3.008698421489684922e-03,1.928135968299561631e-02,0.000000000000000000e+00
2.200000000000001676e-01,1.968136473891721194e-02,-9.239913273612462842e-09,3.808273103925148839e-01,-2.656073173826287436e-05,7.970182734025309246e-02,-6.012766609129675636e-03,-6.011578874812927888e-03,1.968136473891922075e-02,0.000000000000000000e+00
2.250000000000001721e-01,2.007759572478835103e-02,-9.426204000585900312e-09,3.570796590071343979e-01,-2.633203103458604195e-05,7.894783237130020837e-02,-8.939404342836181072e-03,-8.938237812321146031e-03,2.007759572479040494e-02,0.000000000000000000e+00
2.300000000000001765e-01,2.047006391993730703e-02,-9.609183879727350949e-09,3.338774907318054486e-01,-2.610223292346624573e-05,7.819610637597476654e-02,-1.179052917699787047e-02,-1.178938186839151823e-02,2.047006391993940605e-02,0.000000000000000000e+00
2.350000000000001810e-01,2.085878077746922132e-02,-9.788712172983996726e-09,3.112105658670256125e-01,-2.587168053774951574e-05,7.744668789902130202e-02,-1.456671692638410696e-02,-1.456558716129082061e-02,2.085878077747136544e-02,0.000000000000000000e+00
2.400000000000001854e-01,2.124375797617257533e-02,-9.964705070675514745e-09,2.890688338201999885e-01,-2.564066203242630439e-05,7.669962643661169810e-02,-1.726866597039818443e-02,-1.726755233722665830e-02,2.124375797617475414e-02,0.000000000000000000e+00
2.450000000000001898e-01,2.162500746973670604e-02,-1.013712605736877440e-08,2.674424235175286158e-01,-2.540941739002610636e-05,7.595498058853934753e-02,-1.989730801247178646e-02,-1.989620933454514309e-02,2.162500746973892302e-02,0.000000000000000000e+00
2.500000000000001665e-01,2.200254152243595954e-02,-1.030597669159033988e-08,2.463216353496928412e-01,-2.517814431924179732e-05,7.521281478024997857e-02,-2.245381862121556896e-02,-2.245273392925245873e-02,2.200254152243821121e-02,0.000000000000000000e+00
2.550000000000001710e-01,2.237637272801846350e-02,-1.047128811004044478e-08,2.256969350072648706e-01,-2.494700337383660049e-05,7.447319584978959184e-02,-2.493957079068571600e-02,-2.493849929889216735e-02,2.237637272802074986e-02,0.000000000000000000e+00
2.600000000000001754e-01,2.274651401332231440e-02,-1.063311344871275039e-08,2.055589490407942199e-01,-2.471612244133486089e-05,7.373619023189566246e-02,-2.735606650382332514e-02,-2.735500758881009506e-02,2.274651401332463893e-02,0.000000000000000000e+00
2.650000000000001799e-01,2.311297863044486575e-02,-1.079152127974097655e-08,1.858984617303611475e-01,-2.448560073490123643e-05,7.300186201917774342e-02,-2.970486969221701815e-02,-2.970382287409324348e-02,2.311297863044722498e-02,0.000000000000000000e+00
2.700000000000001843e-01,2.347578014178797537e-02,-1.094659008857144639e-08,1.667064127957844921e-01,-2.425551238979325742e-05,7.227027187972483169e-02,-3.198755298953865484e-02,-3.198651791472264388e-02,2.347578014179036929e-02,0.000000000000000000e+00
2.750000000000001887e-01,2.383493240172457339e-02,-1.109840376198295195e-08,1.479738955417911339e-01,-2.402590973244572817e-05,7.154147665243237864e-02,-3.420566224725361815e-02,-3.420463867271432423e-02,2.383493240172699854e-02,0.000000000000000000e+00
2.800000000000001932e-01,2.419044953759004121e-02,-1.124704801946774052e-08,1.296921551458437294e-01,-2.379682626346246626e-05,7.081552939187173157e-02,-3.636069744479413640e-02,-3.635968522356743809e-02,2.419044953759249758e-02,0.000000000000000000e+00
2.850000000000001976e-01,2.454234593161758876e-02,-1.139260769565227801e-08,1.118525869138445178e-01,-2.356827937721563869e-05,7.009247965333872954e-02,-3.845410602733240202e-02,-3.845310509524120512e-02,2.454234593162007289e-02,0.000000000000000000e+00
2.900000000000002021e-01,2.489063620454544726e-02,-1.153516476782750820e-08,9.444673442558984555e-02,-2.334027283098173477e-05,6.937237386042588438e-02,-4.048728411772313518e-02,-4.048629448126277175e-02,2.489063620454796608e-02,0.000000000000000000e+00
2.950000000000002065e-01,2.523533520101182981e-02,-1.167479701751574150e-08,7.746628755776836794e-02,-2.311279897313511404e-05,6.865525565621273529e-02,-4.246158162453752410e-02,-4.246060334990015700e-02,2.523533520101437638e-02,0.000000000000000000e+00
3.000000000000002109e-01,2.557645797651206254e-02,-1.181157721600437094e-08,6.090308040893908231e-02,-2.288584074009860850e-05,6.794116619014946290e-02,-4.437830839244608083e-02,-4.437734159564664382e-02,2.557645797651463687e-02,0.000000000000000000e+00
3.050000000000002154e-01,2.591401978556176142e-02,-1.194557273020132469e-08,4.474908916472158937e-02,-2.265937343418369628e-05,6.723014432902073290e-02,-4.623873969623145536e-02,-4.623778453427940943e-02,2.591401978556436697e-02,0.000000000000000000e+00
3.100000000000002198e-01,2.624803607071594588e-02,-1.207684545433423194e-08,2.899642994036780511e-02,-2.243336629662729729e-05,6.652222680176077263e-02,-4.804412033578054492e-02,-4.804317699883337706e-02,2.624803607071856879e-02,0.000000000000000000e+00
3.150000000000002243e-01,2.657852245217013146e-02,-1.220545198314106576e-08,1.363735662938748809e-02,-2.220778389148516302e-05,6.581744829700168775e-02,-4.979566724694129559e-02,-4.979473595136427871e-02,2.657852245217278211e-02,0.000000000000000000e+00
3.200000000000002287e-01,2.690549471776610899e-02,-1.233144395526834453e-08,-1.335741223773471206e-03,-2.198258731764719741e-05,6.511584153296995359e-02,-5.149457089853948233e-02,-5.149365188078651456e-02,2.690549471776878046e-02,0.000000000000000000e+00
3.250000000000002331e-01,2.722896881331173663e-02,-1.245486850614862288e-08,-1.593034051857162778e-02,-2.175773526562219270e-05,6.441743731559981812e-02,-5.314199588021928378e-02,-5.314108939146072741e-02,2.722896881331443239e-02,0.000000000000000000e+00
3.300000000000002376e-01,2.754896083318745734e-02,-1.257576878193134496e-08,-3.015378665914923706e-02,-2.153318493487977979e-05,6.372226459534967302e-02,-5.473908107139811852e-02,-5.473818737281585523e-02,2.754896083319018085e-02,0.000000000000000000e+00
3.350000000000002420e-01,2.786548701124908281e-02,-1.269418447591280857e-08,-4.401329558357796462e-02,-2.130889282665022425e-05,6.303035052808013405e-02,-5.628693968586618440e-02,-5.628605904454973136e-02,2.786548701125182714e-02,0.000000000000000000e+00
3.400000000000002465e-01,2.817856371205172683e-02,-1.281015235829706324e-08,-5.751595576569288465e-02,-2.108481542503015487e-05,6.234172054150723119e-02,-5.778665938123630358e-02,-5.778579206661885875e-02,2.817856371205449545e-02,0.000000000000000000e+00
3.450000000000002509e-01,2.848820742241996162e-02,-1.292370677857869852e-08,-7.066873019368079267e-02,-2.086090977863853339e-05,6.165639840628540924e-02,-5.923930251814624182e-02,-5.923844879892252446e-02,2.848820742242275106e-02,0.000000000000000000e+00
3.500000000000002554e-01,2.879443474338117329e-02,-1.303488012654335277e-08,-8.347845832865991023e-02,-2.063713399334818148e-05,6.097440630967403130e-02,-6.064590658636016124e-02,-6.064506672783859936e-02,2.879443474338398701e-02,0.000000000000000000e+00
3.550000000000002598e-01,2.909726238246823637e-02,-1.314370324325886080e-08,-9.595185804529245133e-02,-2.041344764538609373e-05,6.029576492951781858e-02,-6.200748476833017192e-02,-6.200665903017601316e-02,2.909726238247106744e-02,0.000000000000000000e+00
3.600000000000002642e-01,2.939670714638740329e-02,-1.325020577804936182e-08,-1.080955275553495271e-01,-2.018981212315795073e-05,5.962049350664972575e-02,-6.332502659576992599e-02,-6.332421523009994224e-02,2.939670714639025170e-02,0.000000000000000000e+00
3.650000000000002687e-01,2.969278593403958458e-02,-1.335441649126902468e-08,-1.199159473142147880e-01,-1.996619090573696005e-05,5.894860991439419134e-02,-6.459949865379319145e-02,-6.459870190358393827e-02,2.969278593404245034e-02,0.000000000000000000e+00
3.700000000000002731e-01,2.998551572987824196e-02,-1.345636350443181362e-08,-1.314194819098516986e-01,-1.974254978482905683e-05,5.828013072443052195e-02,-6.583184529122691753e-02,-6.583106338900600318e-02,2.998551572988112507e-02,0.000000000000000000e+00
3.750000000000002776e-01,3.027491359758511039e-02,-1.355607450168884441e-08,-1.426123819333879883e-01,-1.951885703640737627e-05,5.761507126880443391e-02,-6.702298931702337093e-02,-6.702222248381360659e-02,3.027491359758801084e-02,0.000000000000000000e+00
3.800000000000002820e-01,3.056099667404461179e-02,-1.365357688749598565e-08,-1.535007858305137973e-01,-1.929508354790489277e-05,5.695344569813114849e-02,-6.817383266199353309e-02,-6.817308110648162556e-02,3.056099667404752959e-02,0.000000000000000000e+00
3.850000000000002864e-01,3.084378216359884295e-02,-1.374889790569940026e-08,-1.640907217328848866e-01,-1.907120290648926296e-05,5.629526703629811335e-02,-6.928525700704715740e-02,-6.928452092495068770e-02,3.084378216360177810e-02,0.000000000000000000e+00
3.900000000000002909e-01,3.112328733256647731e-02,-1.384206472617879723e-08,-1.743881092689026358e-01,-1.884719145289777664e-05,5.564054723195949875e-02,-7.035812437345238812e-02,-7.035740394706414824e-02,3.112328733256942634e-02,0.000000000000000000e+00
3.950000000000002953e-01,3.139952950401064813e-02,-1.393310450402390610e-08,-1.843987613533402681e-01,-1.862302830553924226e-05,5.498929720717322944e-02,-7.139327768203443392e-02,-7.139257307992089019e-02,3.139952950401361798e-02,0.000000000000000000e+00
4.000000000000002998e-01,3.167252605274230304e-02,-1.402204441669196777e-08,-1.941283859555037461e-01,-1.839869535861989600e-05,5.434152690344386943e-02,-7.239154128283932510e-02,-7.239085265967530602e-02,3.167252605274528676e-02,0.000000000000000000e+00
4.050000000000003042e-01,3.194229440054673075e-02,-1.410891168397191065e-08,-2.035825878455755078e-01,-1.817417725800912919e-05,5.369724532541868961e-02,-7.335372146513723102e-02,-7.335304896165863175e-02,3.194229440054972141e-02,0.000000000000000000e+00
4.100000000000003086e-01,3.220885201162199118e-02,-1.419373357473362329e-08,-2.127668703190430111e-01,-1.794946135827072323e-05,5.305646058236094392e-02,-7.428060694239101147e-02,-7.427995068544908375e-02,3.220885201162498879e-02,0.000000000000000000e+00
4.150000000000003131e-01,3.247221638821867068e-02,-1.427653740421548694e-08,-2.216866368989635905e-01,-1.772453766344347958e-05,5.241917992759756451e-02,-7.517296932590547542e-02,-7.517232942860993528e-02,3.247221638822168910e-02,0.000000000000000000e+00
4.200000000000003175e-01,3.273240506647096676e-02,-1.435735052458889498e-08,-2.303471930160445047e-01,-1.749939875445535140e-05,5.178540979596693572e-02,-7.603156357587213809e-02,-7.603094013780924143e-02,3.273240506647399212e-02,0.000000000000000000e+00
4.250000000000003220e-01,3.298943561240948175e-02,-1.443620031161918638e-08,-2.387537476663926794e-01,-1.727403970551530821e-05,5.115515583944175992e-02,-7.685712844305368774e-02,-7.685652155056681145e-02,3.298943561241251404e-02,0.000000000000000000e+00
4.300000000000003264e-01,3.324332561814682258e-02,-1.451311414907778939e-08,-2.469114150468844637e-01,-1.704845799142420436e-05,5.052842296093615349e-02,-7.765038689176627373e-02,-7.764979661829081448e-02,3.324332561814986181e-02,0.000000000000000000e+00
4.350000000000003308e-01,3.349409269822718749e-02,-1.458811941252783038e-08,-2.548252161681157646e-01,-1.682265338771460897e-05,4.990521534643053286e-02,-7.841204650974656354e-02,-7.841147291618869031e-02,3.349409269823023366e-02,0.000000000000000000e+00
4.400000000000003353e-01,3.374175448613176559e-02,-1.466124345318725469e-08,-2.625000804448946456e-01,-1.659662786539495136e-05,4.928553649547971066e-02,-7.914279990403255693e-02,-7.914224303918238057e-02,3.374175448613483258e-02,0.000000000000000000e+00
4.450000000000003397e-01,3.398632863093215689e-02,-1.473251358331452042e-08,-2.699408472643018975e-01,-1.637038548170718374e-05,4.866938925018530343e-02,-7.984332508235203463e-02,-7.984278498332503249e-02,3.398632863093522388e-02,0.000000000000000000e+00
4.500000000000003442e-01,3.422783279408427026e-02,-1.480195706274051489e-08,-2.771522675312581008e-01,-1.614393226810978762e-05,4.805677582272282339e-02,-8.051428582294649361e-02,-8.051376251564761055e-02,3.422783279408733725e-02,0.000000000000000000e+00
4.550000000000003486e-01,3.446628464635579508e-02,-1.486960108729054397e-08,-2.841390051917472293e-01,-1.591727611655874552e-05,4.744769782148044318e-02,-8.115633202665387125e-02,-8.115582552625630330e-02,3.446628464635886208e-02,0.000000000000000000e+00
4.600000000000003531e-01,3.470170186488062691e-02,-1.493547277898800728e-08,-2.909056387336672045e-01,-1.569042666534024912e-05,4.684215627594871117e-02,-8.177010006353242766e-02,-8.176961037496761897e-02,3.470170186488371472e-02,0.000000000000000000e+00
4.650000000000003575e-01,3.493410213033402295e-02,-1.499959917821385262e-08,-2.974566626654316925e-01,-1.546339518505916000e-05,4.624015166034588925e-02,-8.235621310177222709e-02,-8.235574022022508489e-02,3.493410213033711076e-02,0.000000000000000000e+00
4.700000000000003619e-01,3.516350312422247132e-02,-1.506200723730128467e-08,-3.037964889724049100e-01,-1.523619446558099563e-05,4.564168391612438008e-02,-8.291528142848415828e-02,-8.291482533989162629e-02,3.516350312422556607e-02,0.000000000000000000e+00
4.750000000000003664e-01,3.538992252628293811e-02,-1.512272381543412197e-08,-3.099294485513102160e-01,-1.500883870473421407e-05,4.504675247338283534e-02,-8.344790275836524995e-02,-8.344746343991216175e-02,3.538992252628604673e-02,0.000000000000000000e+00
4.800000000000003708e-01,3.561337801198611458e-02,-1.518177567508073028e-08,-3.158597926227048602e-01,-1.478134339892496371e-05,4.445535627126347145e-02,-8.395466253374245236e-02,-8.395423995435519204e-02,3.561337801198923708e-02,0.000000000000000000e+00
4.850000000000003753e-01,3.583388725013873094e-02,-1.523918947886323003e-08,-3.215916941217114577e-01,-1.455372523653679586e-05,4.386749377737109157e-02,-8.443613421242157635e-02,-8.443572833325266314e-02,3.583388725014186732e-02,0.000000000000000000e+00
4.900000000000003797e-01,3.605146790058035705e-02,-1.529499178756690597e-08,-3.271292490671416919e-01,-1.432600199428088625e-05,4.328316300629937718e-02,-8.489287954903330935e-02,-8.489249032393890448e-02,3.605146790058349343e-02,0.000000000000000000e+00
4.950000000000003841e-01,3.626613761197015895e-02,-1.534920905832656743e-08,-3.324764779091663458e-01,-1.409819243675894581e-05,4.270236153727882678e-02,-8.532544886589560340e-02,-8.532507624190122097e-02,3.626613761197329533e-02,0.000000000000000000e+00
5.000000000000003331e-01,3.647791401965959357e-02,-1.540186764323618007e-08,-3.376373268557598117e-01,-1.387031621963455946e-05,4.212508653101477984e-02,-8.573438131465786760e-02,-8.573402523241223372e-02,3.647791401966272995e-02,0.000000000000000000e+00
5.050000000000003375e-01,3.668681474364694078e-02,-1.545299378805855679e-08,-3.426156691780558039e-01,-1.364239379638684585e-05,4.155133474576920560e-02,-8.612020513252362230e-02,-8.611986552673965567e-02,3.668681474365009104e-02,0.000000000000000000e+00
5.100000000000003419e-01,3.689285738661014086e-02,-1.550261363102504255e-08,-3.474153064948523606e-01,-1.341444632908737619e-05,4.098110255269402785e-02,-8.648343788749388028e-02,-8.648311468737376884e-02,3.689285738661329112e-02,0.000000000000000000e+00
5.150000000000003464e-01,3.709605953201417644e-02,-1.555075320118388620e-08,-3.520399700364614248e-01,-1.318649560302839266e-05,4.041438595049680338e-02,-8.682458671865996014e-02,-8.682427984830655421e-02,3.709605953201732670e-02,0.000000000000000000e+00
5.200000000000003508e-01,3.729643874228995293e-02,-1.559743841671274232e-08,-3.564933218880963484e-01,-1.295856394533382487e-05,3.985118057944404824e-02,-8.714414856859245551e-02,-8.714385794740392432e-02,3.729643874229310319e-02,0.000000000000000000e+00
5.250000000000003553e-01,3.749401255708127711e-02,-1.564269508312554555e-08,-3.607789562130419014e-01,-1.273067414767709809e-05,3.929148173474748124e-02,-8.744261040781814431e-02,-8.744233595086700617e-02,3.749401255708442737e-02,0.000000000000000000e+00
5.300000000000003597e-01,3.768879849155714473e-02,-1.568654889099454778e-08,-3.649004004558207837e-01,-1.250284939296974048e-05,3.873528437938049407e-02,-8.772044945430561291e-02,-8.772019107270122296e-02,3.768879849156030193e-02,0.000000000000000000e+00
5.350000000000003642e-01,3.788081403478638781e-02,-1.572902541317581215e-08,-3.688611165255856750e-01,-1.227511318610820823e-05,3.818258315633572125e-02,-8.797813338596685573e-02,-8.797789098720076861e-02,3.788081403478955195e-02,0.000000000000000000e+00
5.400000000000003686e-01,3.807007664817212839e-02,-1.577015010207574503e-08,-3.726645019599605924e-01,-1.204748928860872061e-05,3.763337240036259551e-02,-8.821612054718765139e-02,-8.821589403546360730e-02,3.807007664817529946e-02,0.000000000000000000e+00
5.450000000000003730e-01,3.825660376394341561e-02,-1.580994828638744834e-08,-3.763138910696021133e-01,-1.182000165717958866e-05,3.708764614921186697e-02,-8.843486014901910663e-02,-8.843464942556578112e-02,3.825660376394659362e-02,0.000000000000000000e+00
5.500000000000003775e-01,3.844041278370177034e-02,-1.584844516749595471e-08,-3.798125560636638198e-01,-1.159267438609062155e-05,3.654539815442025413e-02,-8.863479246588909510e-02,-8.863459742925633433e-02,3.844041278370494835e-02,0.000000000000000000e+00
5.550000000000003819e-01,3.862152107702025716e-02,-1.588566581590172021e-08,-3.831637081564632230e-01,-1.136553165322519325e-05,3.600662189163343629e-02,-8.881634902346366434e-02,-8.881616956980392663e-02,3.862152107702343518e-02,0.000000000000000000e+00
5.600000000000003864e-01,3.879994598009298135e-02,-1.592163516695838102e-08,-3.863704986555500653e-01,-1.113859766971981567e-05,3.547131057053566627e-02,-8.897995278508995243e-02,-8.897978880842304095e-02,3.879994598009616630e-02,0.000000000000000000e+00
5.650000000000003908e-01,3.897570479443307478e-02,-1.595637801678833410e-08,-3.894360200314706533e-01,-1.091189663315091972e-05,3.493945714436010735e-02,-8.912601833027553044e-02,-8.912586972273836561e-02,3.897570479443625974e-02,0.000000000000000000e+00
5.700000000000003952e-01,3.914881478561708927e-02,-1.598991901795951077e-08,-3.923633069694072995e-01,-1.068545268401350118e-05,3.441105431903981882e-02,-8.925495203161487590e-02,-8.925481868369664062e-02,3.914881478562027423e-02,0.000000000000000000e+00
5.750000000000003997e-01,3.931929318207406931e-02,-1.602228267506690882e-08,-3.951553374030170596e-01,-1.045928986547020656e-05,3.388609456197728964e-02,-8.936715222290227134e-02,-8.936703402366517890e-02,3.931929318207725427e-02,0.000000000000000000e+00
5.800000000000004041e-01,3.948715717391754199e-02,-1.605349334005335081e-08,-3.978150335306481766e-01,-1.023343208616037284e-05,3.336457011050579513e-02,-8.946300936769928380e-02,-8.946290620498513479e-02,3.948715717392072694e-02,0.000000000000000000e+00
5.850000000000004086e-01,3.965242391181876547e-02,-1.608357520772991403e-08,-4.003452628142433189e-01,-1.000790308606219075e-05,3.284647297999741811e-02,-8.954290621911856207e-02,-8.954281797974222856e-02,3.965242391182195736e-02,0.000000000000000000e+00
5.900000000000004130e-01,3.981511050591973050e-02,-1.611255231125102414e-08,-4.027488389611262320e-01,-9.782726405078090846e-06,3.233179497169207106e-02,-8.960721797954510071e-02,-8.960714454947502072e-02,3.981511050592292239e-02,0.000000000000000000e+00
5.950000000000004174e-01,3.997523402478430493e-02,-1.614044851736369231e-08,-4.050285228889607403e-01,-9.557925354405910753e-06,3.182052768021164518e-02,-8.965631245301640406e-02,-8.965625371754294692e-02,3.997523402478749682e-02,0.000000000000000000e+00
6.000000000000004219e-01,4.013281149438627932e-02,-1.616728752204631789e-08,-4.071870236740990356e-01,-9.333522990422545186e-06,3.131266250081709418e-02,-8.969055019654616212e-02,-8.969050604043792008e-02,4.013281149438947121e-02,0.000000000000000000e+00
6.050000000000004263e-01,4.028785989713282861e-02,-1.619309284586150832e-08,-4.092269994835789348e-01,-9.109542091069981959e-06,3.080819063638689376e-02,-8.971028466573657822e-02,-8.971025497338533383e-02,4.028785989713602050e-02,0.000000000000000000e+00
6.100000000000004308e-01,4.044039617092214101e-02,-1.621788782961969397e-08,-4.111510584910268995e-01,-8.886005134450587981e-06,3.030710310415601558e-02,-8.971586235783893248e-02,-8.971584701339438417e-02,4.044039617092533984e-02,0.000000000000000000e+00
6.150000000000004352e-01,4.059043720823408974e-02,-1.624169563020493983e-08,-4.129617597766816472e-01,-8.662934279679866800e-06,2.980939074221473570e-02,-8.970762295199216640e-02,-8.970762183948610691e-02,4.059043720823728857e-02,0.000000000000000000e+00
6.200000000000004396e-01,4.073799985525265038e-02,-1.626453921633612135e-08,-4.146616142118099702e-01,-8.440351349719248843e-06,2.931504421577084754e-02,-8.968589944438161432e-02,-8.968591244784253347e-02,4.073799985525584921e-02,0.000000000000000000e+00
6.250000000000004441e-01,4.088310091101909211e-02,-1.628644136433444308e-08,-4.162530853277335852e-01,-8.218277816171099537e-06,2.882405402320906487e-02,-8.965101828210583768e-02,-8.965104528566447684e-02,4.088310091102229094e-02,0.000000000000000000e+00
6.300000000000004485e-01,4.102575712661474944e-02,-1.630742465458205674e-08,-4.177385901697213688e-01,-7.996734785874920977e-06,2.833641050193298067e-02,-8.960329949244148773e-02,-8.960334038042781779e-02,4.102575712661794827e-02,0.000000000000000000e+00
6.350000000000004530e-01,4.116598520437250719e-02,-1.632751146757618145e-08,-4.191205001359758486e-01,-7.775742989209708338e-06,2.785210383401858295e-02,-8.954305681018286112e-02,-8.954311146721426196e-02,4.116598520437571296e-02,0.000000000000000000e+00
6.400000000000004574e-01,4.130380179711597849e-02,-1.634672398029424710e-08,-4.204011418019584778e-01,-7.555322770001992767e-06,2.737112405167468204e-02,-8.947059780144250851e-02,-8.947066611250514834e-02,4.130380179711918426e-02,0.000000000000000000e+00
6.450000000000004619e-01,4.143922350742544614e-02,-1.636508416275697213e-08,-4.215827977302756269e-01,-7.335494076860352975e-06,2.689346104252680197e-02,-8.938622398530964019e-02,-8.938630583583191680e-02,4.143922350742865190e-02,0.000000000000000000e+00
6.500000000000004663e-01,4.157226688692972766e-02,-1.638261377474172021e-08,-4.226677072663492796e-01,-7.116276455930456149e-06,2.641910455472411268e-02,-8.929023095205483596e-02,-8.929032622797476726e-02,4.157226688693293343e-02,0.000000000000000000e+00
6.550000000000004707e-01,4.170294843562306897e-02,-1.639933436278582338e-08,-4.236580673201354452e-01,-6.897689044909169279e-06,2.594804420188635483e-02,-8.918290847834280111e-02,-8.918301706616817148e-02,4.170294843562627474e-02,0.000000000000000000e+00
6.600000000000004752e-01,4.183128460120639353e-02,-1.641526725709093474e-08,-4.245560331340705873e-01,-6.679750568254146542e-06,2.548026946790227926e-02,-8.906454064189585351e-02,-8.906466242875925310e-02,4.183128460120959929e-02,0.000000000000000000e+00
6.650000000000004796e-01,4.195729177845199803e-02,-1.643043356879888771e-08,-4.253637190375255117e-01,-6.462479333516630652e-06,2.501576971156068557e-02,-8.893540593084905965e-02,-8.893554080455667865e-02,4.195729177845520380e-02,0.000000000000000000e+00
6.700000000000004841e-01,4.208098630859108402e-02,-1.644485418725303016e-08,-4.260831991879034386e-01,-6.245893228669485726e-06,2.455453417105657801e-02,-8.879577735419953710e-02,-8.879592520327521388e-02,4.208098630859428979e-02,0.000000000000000000e+00
6.750000000000004885e-01,4.220238447872328574e-02,-1.645854977759324961e-08,-4.267165082987108282e-01,-6.030009720351080306e-06,2.409655196833347668e-02,-8.864592254462934362e-02,-8.864608325835375557e-02,4.220238447872649151e-02,0.000000000000000000e+00
6.800000000000004929e-01,4.232150252124770862e-02,-1.647154077854444970e-08,-4.272656423547227522e-01,-5.814845853017147333e-06,2.364181211333549193e-02,-8.848610386593672161e-02,-8.848627733438182985e-02,4.232150252125091439e-02,0.000000000000000000e+00
6.850000000000004974e-01,4.243835661331468029e-02,-1.648384740019422687e-08,-4.277325593144920002e-01,-5.600418248875507556e-06,2.319030350808592641e-02,-8.831657851214491650e-02,-8.831676462620430268e-02,4.243835661331788606e-02,0.000000000000000000e+00
6.900000000000005018e-01,4.255296287629762447e-02,-1.649548962192142480e-08,-4.281191798004492788e-01,-5.386743108542597147e-06,2.274201495067622314e-02,-8.813759860705784599e-02,-8.813779725847335766e-02,4.255296287630083024e-02,0.000000000000000000e+00
6.950000000000005063e-01,4.266533737528457187e-02,-1.650648719066393883e-08,-4.284273877767187932e-01,-5.173836212339221431e-06,2.229693513913652558e-02,-8.794941130363480297e-02,-8.794962238501947971e-02,4.266533737528777764e-02,0.000000000000000000e+00
7.000000000000005107e-01,4.277549611858859346e-02,-1.651685961917837426e-08,-4.286590312149398119e-01,-4.961712922209501254e-06,2.185505267516789710e-02,-8.775225887628192167e-02,-8.775248228113967375e-02,4.277549611859179923e-02,0.000000000000000000e+00
7.050000000000005151e-01,4.288345505727669815e-02,-1.652662618460472585e-08,-4.288159227482457592e-01,-4.750388184176120800e-06,2.141635606780546361e-02,-8.754637881651144982e-02,-8.754661443925376707e-02,4.288345505727990392e-02,0.000000000000000000e+00
7.100000000000005196e-01,4.298923008471665363e-02,-1.653580592692193238e-08,-4.288998403136137227e-01,-4.539876531308862128e-06,2.098083373694763915e-02,-8.733200392326173622e-02,-8.733225165922128830e-02,4.298923008471985940e-02,0.000000000000000000e+00
7.150000000000005240e-01,4.309283703614121691e-02,-1.654441764781151244e-08,-4.289125277827915417e-01,-4.330192087123430751e-06,2.054847401679939928e-02,-8.710936239239371048e-02,-8.710962213783578212e-02,4.309283703614442268e-02,0.000000000000000000e+00
7.200000000000005285e-01,4.319429168822926796e-02,-1.655247990953657590e-08,-4.288556955819717853e-01,-4.121348569372465096e-06,2.011926515921943007e-02,-8.687867790477510344e-02,-8.687894955690630971e-02,4.319429168823247372e-02,0.000000000000000000e+00
7.250000000000005329e-01,4.329360975870343020e-02,-1.656001103401781022e-08,-4.287310213004564274e-01,-3.913359294210241648e-06,1.969319533696949759e-02,-8.664016971113699950e-02,-8.664045316811211372e-02,4.329360975870663597e-02,0.000000000000000000e+00
7.300000000000005373e-01,4.339080690594369211e-02,-1.656702910199085803e-08,-4.285401502884125802e-01,-3.706237180657026901e-06,1.927025264688772554e-02,-8.639405271831571143e-02,-8.639434787924227255e-02,4.339080690594689788e-02,0.000000000000000000e+00
7.350000000000005418e-01,4.348589872861660655e-02,-1.657355195218761015e-08,-4.282846962440138294e-01,-3.499994755390294656e-06,1.885042511294892503e-02,-8.614053756837178333e-02,-8.614084433331303803e-02,4.348589872861981231e-02,0.000000000000000000e+00
7.400000000000005462e-01,4.357890076531959617e-02,-1.657959718101027658e-08,-4.279662417900634841e-01,-3.294644157707045253e-06,1.843370068928457117e-02,-8.587983072282014130e-02,-8.588014899279640402e-02,4.357890076532280194e-02,0.000000000000000000e+00
7.450000000000005507e-01,4.366982849424007329e-02,-1.658518214194360191e-08,-4.275863390403132347e-01,-3.090197144748431840e-06,1.802006726307838272e-02,-8.561213453957826347e-02,-8.561246421656680539e-02,4.366982849424327906e-02,0.000000000000000000e+00
7.500000000000005551e-01,4.375869733282886781e-02,-1.659032394512204134e-08,-4.271465101556615185e-01,-2.886665096874418633e-06,1.760951265741306226e-02,-8.533764735078724906e-02,-8.533798833772071601e-02,4.375869733283207358e-02,0.000000000000000000e+00
7.550000000000005596e-01,4.384552263748766471e-02,-1.659503945735864923e-08,-4.266482478904145559e-01,-2.684059023282823418e-06,1.720202463403926532e-02,-8.505656353911508760e-02,-8.505691573987861354e-02,4.384552263749087048e-02,0.000000000000000000e+00
7.600000000000005640e-01,4.393031970327004182e-02,-1.659934530190124602e-08,-4.260930161287419526e-01,-2.482389567639468900e-06,1.679759089606899791e-02,-8.476907361309991840e-02,-8.476943693252748935e-02,4.393031970327324759e-02,0.000000000000000000e+00
7.650000000000005684e-01,4.401310376359578169e-02,-1.660325785839811014e-08,-4.254822504115342019e-01,-2.281667013923170820e-06,1.639619909058878319e-02,-8.447536427862724351e-02,-8.447573862249681265e-02,4.401310376359898746e-02,0.000000000000000000e+00
7.700000000000005729e-01,4.409388998997810366e-02,-1.660679326306844338e-08,-4.248173584538285641e-01,-2.081901292284873223e-06,1.599783681122580667e-02,-8.417561851124533145e-02,-8.417600378627324020e-02,4.409388998998130943e-02,0.000000000000000000e+00
7.750000000000005773e-01,4.417269349176347615e-02,-1.660996740904835737e-08,-4.240997206529393826e-01,-1.883101985005460525e-06,1.560249160063974759e-02,-8.387001562693223444e-02,-8.387041174076677319e-02,4.417269349176668192e-02,0.000000000000000000e+00
7.800000000000005818e-01,4.424952931588374549e-02,-1.661279594658114497e-08,-4.233306905874941739e-01,-1.685278332521314208e-06,1.521015095294439741e-02,-8.355873134975336236e-02,-8.355913821096763727e-02,4.424952931588695126e-02,0.000000000000000000e+00
7.850000000000005862e-01,4.432441244662016500e-02,-1.661529428354276499e-08,-4.225115955074872920e-01,-1.488439239456716087e-06,1.482080231608334624e-02,-8.324193788068558197e-02,-8.324235539876977119e-02,4.432441244662337076e-02,0.000000000000000000e+00
7.900000000000005906e-01,4.439735780537916454e-02,-1.661747758583849508e-08,-4.216437368155742105e-01,-1.292593280691956140e-06,1.443443309412937615e-02,-8.291980396210568705e-02,-8.292023204745896381e-02,4.439735780538237031e-02,0.000000000000000000e+00
7.950000000000005951e-01,4.446838025047944454e-02,-1.661936077809051740e-08,-4.207283905396690393e-01,-1.097748707440109069e-06,1.405103064954826321e-02,-8.259249494508832945e-02,-8.259293350901000808e-02,4.446838025048265031e-02,0.000000000000000000e+00
8.000000000000005995e-01,4.453749457695017205e-02,-1.662095854435207655e-08,-4.197668077971026812e-01,-9.039134533119022319e-07,1.367058230537615202e-02,-8.226017284977013566e-02,-8.226062180445081751e-02,4.453749457695337782e-02,0.000000000000000000e+00
8.050000000000006040e-01,4.460471551634001552e-02,-1.662228532877068654e-08,-4.187602152504125708e-01,-7.110951403533162962e-07,1.329307534738512903e-02,-8.192299643112306573e-02,-8.192345568963511904e-02,4.460471551634322129e-02,0.000000000000000000e+00
8.100000000000006084e-01,4.467005773653675432e-02,-1.662335533638499024e-08,-4.177098155549255343e-01,-5.193010850884155917e-07,1.291849702615336000e-02,-8.158112123836094853e-02,-8.158159071464890499e-02,4.467005773653996009e-02,0.000000000000000000e+00
8.150000000000006128e-01,4.473353584159715790e-02,-1.662418253428907569e-08,-4.166167877983200096e-01,-3.285383045097472776e-07,1.254683455910771302e-02,-8.123469967453138263e-02,-8.123517928340202865e-02,4.473353584160036367e-02,0.000000000000000000e+00
8.200000000000006173e-01,4.479516437158689163e-02,-1.662478065245121280e-08,-4.154822879322536133e-01,-1.388135220198854232e-07,1.217807513252282259e-02,-8.088388105716540211e-02,-8.088437071427773128e-02,4.479516437159009740e-02,0.000000000000000000e+00
8.250000000000006217e-01,4.485495780243029668e-02,-1.662516318491905885e-08,-4.143074491962264738e-01,4.986682665689738031e-08,1.181220590344966501e-02,-8.052881167442822730e-02,-8.052931129628314311e-02,4.485495780243350245e-02,0.000000000000000000e+00
8.300000000000006262e-01,4.491293054576970395e-02,-1.662534339074363579e-08,-4.130933825338350407e-01,2.374965876388194736e-07,1.144921400161839908e-02,-8.016963484218204983e-02,-8.017014434611217932e-02,4.491293054577290972e-02,0.000000000000000000e+00
8.350000000000006306e-01,4.496909694883406694e-02,-1.662533429540494288e-08,-4.118411770014889783e-01,4.240698830998323196e-07,1.108908653129084959e-02,-7.980649096083436422e-02,-7.980701026499362194e-02,4.496909694883727271e-02,0.000000000000000000e+00
8.400000000000006350e-01,4.502347129431683720e-02,-1.662514869196939749e-08,-4.105519001698078596e-01,6.095811055426364322e-07,1.073181057305280448e-02,-7.943951756741340908e-02,-7.944004659076647767e-02,4.502347129432004297e-02,0.000000000000000000e+00
8.450000000000006395e-01,4.507606780026254117e-02,-1.662479914238106401e-08,-4.092265985177621079e-01,7.940249121659286619e-07,1.037737318559512310e-02,-7.906884939178344951e-02,-7.906938805409545468e-02,4.507606780026574694e-02,0.000000000000000000e+00
8.500000000000006439e-01,4.512690061996226659e-02,-1.662429797897276727e-08,-4.078662978196995192e-01,9.773962192746911962e-07,1.002576140741830851e-02,-7.869461840757435711e-02,-7.869516662940034823e-02,4.512690061996547236e-02,0.000000000000000000e+00
8.550000000000006484e-01,4.517598384185742694e-02,-1.662365730579637759e-08,-4.064720035254225095e-01,1.159690196785828570e-06,9.676962258516620327e-03,-7.831695388327597485e-02,-7.831751158595054441e-02,4.517598384186063271e-02,0.000000000000000000e+00
8.600000000000006528e-01,4.522333148945199832e-02,-1.662288900001713625e-08,-4.050447011333834779e-01,1.340902262815408862e-06,9.330962742027855764e-03,-7.793598243438411288e-02,-7.793654954001101587e-02,4.522333148945520409e-02,0.000000000000000000e+00
8.650000000000006573e-01,4.526895752123272915e-02,-1.662200471363975970e-08,-4.035853565571738133e-01,1.521028078330783014e-06,8.987749845823950548e-03,-7.755182807126802247e-02,-7.755240450270985131e-02,4.526895752123593492e-02,0.000000000000000000e+00
8.700000000000006617e-01,4.531287583059730867e-02,-1.662101587489456930e-08,-4.020949164853797608e-01,1.700063541891038239e-06,8.647310544086062728e-03,-7.716461224943267638e-02,-7.716519793030061913e-02,4.531287583060051444e-02,0.000000000000000000e+00
8.750000000000006661e-01,4.535510024579023775e-02,-1.661993368993470382e-08,-4.005743087349494247e-01,1.878004784484874109e-06,8.309631798822400203e-03,-7.677445391587509049e-02,-7.677504877051885557e-02,4.535510024579344351e-02,0.000000000000000000e+00
8.800000000000006706e-01,4.539564452984624215e-02,-1.661876914459894055e-08,-3.990244425982109044e-01,2.054848164431498506e-06,7.974700561368208360e-03,-7.638146955635340130e-02,-7.638207350985105892e-02,4.539564452984944792e-02,0.000000000000000000e+00
8.850000000000006750e-01,4.543452238054102726e-02,-1.661753300599457493e-08,-3.974462091835642696e-01,2.230590262389157762e-06,7.642503773845459210e-03,-7.598577324301467040e-02,-7.598638622116285490e-02,4.543452238054423303e-02,0.000000000000000000e+00
8.900000000000006795e-01,4.547174743034923527e-02,-1.661623582424217270e-08,-3.958404817500861261e-01,2.405227876435204439e-06,7.313028370567426634e-03,-7.558747667579343577e-02,-7.558809860509740908e-02,4.547174743035244104e-02,0.000000000000000000e+00
8.950000000000006839e-01,4.550733324640944544e-02,-1.661488793414732847e-08,-3.942081160360484948e-01,2.578758017246980247e-06,6.986261279457809878e-03,-7.518668923073000554e-02,-7.518732003839413702e-02,4.550733324641265121e-02,0.000000000000000000e+00
9.000000000000006883e-01,4.554129333049599521e-02,-1.661349945723469617e-08,-3.925499505815259194e-01,2.751177903350575091e-06,6.662189423385520871e-03,-7.478351800056841359e-02,-7.478415761448646559e-02,4.554129333049920098e-02,0.000000000000000000e+00
9.050000000000006928e-01,4.557364111899752518e-02,-1.661208030341180991e-08,-3.908668070451691845e-01,2.922484956466031207e-06,6.340799721504592444e-03,-7.437806783894954088e-02,-7.437871618769528737e-02,4.557364111900073095e-02,0.000000000000000000e+00
9.100000000000006972e-01,4.560438998290206741e-02,-1.661064017296365472e-08,-3.891594905152364614e-01,3.092676796941156679e-06,6.022079090543249608e-03,-7.397044140182731931e-02,-7.397109841464533098e-02,4.560438998290527318e-02,0.000000000000000000e+00
9.150000000000007017e-01,4.563355322778852446e-02,-1.660918855824978302e-08,-3.874287898150433618e-01,3.261751239270594934e-06,5.706014446068460519e-03,-7.356073918747259299e-02,-7.356140479426910572e-02,4.563355322779173023e-02,0.000000000000000000e+00
9.200000000000007061e-01,4.566114409382439343e-02,-1.660773474567613457e-08,-3.856754778028518293e-01,3.429706287699002083e-06,5.392592703734756972e-03,-7.314905957919991264e-02,-7.314973371053375140e-02,4.566114409382759920e-02,0.000000000000000000e+00
9.250000000000007105e-01,4.568717575576958234e-02,-1.660628781781367102e-08,-3.839003116663698978e-01,3.596540131896814545e-06,5.081800780473219072e-03,-7.273549888237283712e-02,-7.273618146944667295e-02,4.568717575577278811e-02,0.000000000000000000e+00
9.300000000000007150e-01,4.571166132298615931e-02,-1.660485665508553313e-08,-3.821040332118883498e-01,3.762251142740056044e-06,4.773625595685318870e-03,-7.232015136536627808e-02,-7.232084234001785739e-02,4.571166132298936507e-02,0.000000000000000000e+00
9.350000000000007194e-01,4.573461383945399278e-02,-1.660344993796934969e-08,-3.802873691482288043e-01,3.926837868157032257e-06,4.468054072381851330e-03,-7.190310929521841199e-02,-7.190380858991209101e-02,4.573461383945719855e-02,0.000000000000000000e+00
9.400000000000007239e-01,4.575604628379199845e-02,-1.660207614883335339e-08,-3.784510313655417013e-01,4.090299029061507520e-06,4.165073138326629704e-03,-7.148446297757436729e-02,-7.148517052539270222e-02,4.575604628379520422e-02,0.000000000000000000e+00
9.450000000000007283e-01,4.577597156928496502e-02,-1.660074357400474601e-08,-3.765957172090463323e-01,4.252633515369935157e-06,3.864669727121300934e-03,-7.106430079233047592e-02,-7.106501652696592397e-02,4.577597156928817079e-02,0.000000000000000000e+00
9.500000000000007327e-01,4.579440254391584780e-02,-1.659946030590976684e-08,-3.747221097478438123e-01,4.413840382086023970e-06,3.566830779278375770e-03,-7.064270922889578919e-02,-7.064343308464268723e-02,4.579440254391905357e-02,0.000000000000000000e+00
9.550000000000007372e-01,4.581135199040325956e-02,-1.659823424487813093e-08,-3.728308780388424615e-01,4.573918845478452506e-06,3.271543243279055341e-03,-7.021977292310564722e-02,-7.022050483485219041e-02,4.581135199040646533e-02,0.000000000000000000e+00
9.600000000000007416e-01,4.582683262624424880e-02,-1.659707310144238607e-08,-3.709226773859267690e-01,4.732868279320729719e-06,2.978794076586786712e-03,-6.979557469037643569e-02,-6.979631459359690593e-02,4.582683262624745457e-02,0.000000000000000000e+00
9.650000000000007461e-01,4.584085710376197692e-02,-1.659598439829506181e-08,-3.689981495944210099e-01,4.890688211216961709e-06,2.688570246656845492e-03,-6.937019556108871277e-02,-6.937094339183581815e-02,4.584085710376518269e-02,0.000000000000000000e+00
9.700000000000007505e-01,4.585343801015852316e-02,-1.659497547235602214e-08,-3.670579232209662535e-01,5.047378318997618111e-06,2.400858731905751789e-03,-6.894371481299876869e-02,-6.894447050789614950e-02,4.585343801016172893e-02,0.000000000000000000e+00
9.750000000000007550e-01,4.586458786757234563e-02,-1.659405347692991129e-08,-3.651026138188422365e-01,5.202938427190583617e-06,2.115646522671083603e-03,-6.851621000534044437e-02,-6.851697350157526234e-02,4.586458786757555139e-02,0.000000000000000000e+00
9.800000000000007594e-01,4.587431913314050230e-02,-1.659322538364339754e-08,-3.631328241788920885e-01,5.357368503561021616e-06,1.832920622132547120e-03,-6.808775700904243222e-02,-6.808852824435812634e-02,4.587431913314370807e-02,0.000000000000000000e+00
9.850000000000007638e-01,4.588264419906550734e-02,-1.659249798469774154e-08,-3.611491445660386379e-01,5.510668655719617099e-06,1.552668047236924111e-03,-6.765843004115912329e-02,-6.765920895384833211e-02,4.588264419906871311e-02,0.000000000000000000e+00
9.900000000000007683e-01,4.588957539268657959e-02,-1.659187789495502849e-08,-3.591521529515526168e-01,5.662839127801180903e-06,1.274875829565621241e-03,-6.722830169296396818e-02,-6.722908822186150768e-02,4.588957539268978536e-02,0.000000000000000000e+00
9.950000000000007727e-01,4.589512497655534595e-02,-1.659137155396716281e-08,-3.571424152410881958e-01,5.813880297215338999e-06,9.995310162192771238e-04,-6.679744296275604010e-02,-6.679823704723210354e-02,4.589512497655855172e-02,0.000000000000000000e+00
1.000000000000000666e+00,4.589930514851579130e-02,-1.659098522815526073e-08,-3.551204854986143578e-01,5.963792671455537459e-06,7.266206706518670271e-04,-6.636592328401774710e-02,-6.636672486397118820e-02,4.589930514851899707e-02,1.998401444325281718e-19
1.005000000000000115e+00,4.590212804178837869e-02,-1.659072501294065288e-08,-3.530869061662643693e-01,6.112576884978716222e-06,4.561318735074024514e-04,-6.593381055647618005e-02,-6.593461957232787940e-02,4.590212804179158446e-02,4.500000000000703151e-06
1.009999999999999565e+00,4.590360572505822190e-02,-1.659059683483280057e-08,-3.510422082802314159e-01,6.260233696145550808e-06,1.880517234151567500e-04,-8.134343408876076875e-02,-8.134425048144719450e-02,4.590360572506142767e-02,1.650000000000038074e-05
1.014999999999999014e+00,4.590314022744573091e-02,-1.659069906450755051e-08,-3.489205687889097574e-01,6.415423978839404536e-06,-2.807968978141235422e-04,-9.679448369865534252e-02,-9.679538432591627828e-02,4.590314022744893668e-02,3.599999999999922842e-05
1.019999999999998463e+00,4.589972889621993235e-02,-1.659125328349390120e-08,-3.466122841280595557e-01,6.588784805752217947e-06,-9.500985353775347544e-04,-1.104119602618980067e-01,-1.104129966456126599e-01,4.589972889622313812e-02,6.299999999999724874e-05
1.024999999999997913e+00,4.589244139188525251e-02,-1.659250541882463186e-08,-3.440156016701689801e-01,6.786396095750415992e-06,-1.795943320649006844e-03,-1.194552792094262239e-01,-1.194564783073917280e-01,4.589244139188845828e-02,9.749999999999442815e-05
1.029999999999997362e+00,4.588057114988356583e-02,-1.659466604881418460e-08,-3.410530950906425218e-01,7.009416655012588740e-06,-2.759689452108978792e-03,-1.240203463946227130e-01,-1.240217063255725921e-01,4.588057114988677160e-02,1.394999999999907870e-04
1.034999999999996811e+00,4.586369964292524859e-02,-1.659787238532845281e-08,-3.376785530707675509e-01,7.255049524934592085e-06,-3.784395031331545291e-03,-1.248381019342773707e-01,-1.248396023507830771e-01,4.586369964292845436e-02,1.889999999999863252e-04
1.039999999999996261e+00,4.584166388032118178e-02,-1.660218097810492308e-08,-3.338733685830137521e-01,7.518330242183011515e-06,-4.822820767799890739e-03,-1.231041316838559496e-01,-1.231057431957130743e-01,4.584166388032438755e-02,2.459999999999810429e-04
1.044999999999995710e+00,4.581449043549374461e-02,-1.660757914798688681e-08,-3.296393194310530128e-01,7.793690095137175910e-06,-5.843251052141552188e-03,-1.199356371672007787e-01,-1.199373295455178484e-01,4.581449043549695038e-02,3.104999999999749128e-04
1.049999999999995159e+00,4.578232125274316749e-02,-1.661400668176797603e-08,-3.249904836458333279e-01,8.076052829554546908e-06,-6.828358782084444599e-03,-1.162098978740335603e-01,-1.162116450153474617e-01,4.578232125274637326e-02,3.824999999999679351e-04
1.054999999999994609e+00,4.574535122393830894e-02,-1.662137949255087523e-08,-3.199464560528960666e-01,8.361393850439385246e-06,-7.772038327764482432e-03,-1.124911325221815417e-01,-1.124929146377099398e-01,4.574535122394151471e-02,4.619999999999601639e-04
1.059999999999994058e+00,4.570378429622353605e-02,-1.662961007451529041e-08,-3.145275925876794831e-01,8.646874713701866138e-06,-8.675338964464813021e-03,-1.090660644701732795e-01,-1.090678681649439041e-01,4.570378429622674182e-02,5.489999999999514366e-04
1.064999999999993507e+00,4.565780844048266535e-02,-1.663862208159338968e-08,-3.087523107618939111e-01,8.930704477168636569e-06,-9.542887246279758637e-03,-1.060155822901675676e-01,-1.060173994417751703e-01,4.565780844048586418e-02,6.434999999999420784e-04
1.069999999999992957e+00,4.560758568015754050e-02,-1.664835853317794111e-08,-3.026360277627069273e-01,9.211873656530460307e-06,-1.038025039183148972e-02,-1.032957421229817874e-01,-1.032975682977146648e-01,4.560758568016073933e-02,7.454999999999318725e-04
1.074999999999992406e+00,4.555325214719226079e-02,-1.665878451404905351e-08,-2.961911858810816200e-01,9.489868072532867357e-06,-1.119235040810227615e-02,-1.008058498892351329e-01,-1.008076828093959210e-01,4.555325214719545962e-02,8.549999999999207106e-04
1.079999999999991855e+00,4.549492343392131516e-02,-1.666988590281697821e-08,-2.894278496608907458e-01,9.764426688613193716e-06,-1.198275524354422417e-02,-9.843629109386266285e-02,-9.843812942884024031e-02,4.549492343392451399e-02,9.719999999999089178e-04
1.084999999999991305e+00,4.543270165154132678e-02,-1.668166576387148328e-08,-2.823544845652804502e-01,1.003537012263245104e-05,-1.275358210798940850e-02,-9.609570822510393739e-02,-9.609755079298668012e-02,4.543270165154452561e-02,1.096499999999895952e-03
1.089999999999990754e+00,4.536668193753321671e-02,-1.669413979093880088e-08,-2.749786724314947639e-01,1.030250058022764860e-05,-1.350574552144185279e-02,-9.372169969615760932e-02,-9.372354504216705295e-02,4.536668193753641554e-02,1.228499999999882464e-03
1.094999999999990203e+00,4.529695732490693350e-02,-1.670733179040910073e-08,-2.673076464812217945e-01,1.056555955922207558e-05,-1.423933809595307950e-02,-9.128055497355151704e-02,-9.128240123277177320e-02,4.529695732491013233e-02,1.367999999999868236e-03
1.099999999999989653e+00,4.522362173016650222e-02,-1.672126978150841508e-08,-2.593486203620687935e-01,1.082422455257931354e-05,-1.495400394072541987e-02,-8.876121336604735068e-02,-8.876305830429177812e-02,4.522362173016970105e-02,1.514999999999852836e-03
1.104999999999989102e+00,4.514677131606289334e-02,-1.673598295171862866e-08,-2.511089397650866362e-01,1.107812692895697034e-05,-1.564923163785681900e-02,-8.616737991469602953e-02,-8.616922105513158403e-02,4.514677131606609217e-02,1.669499999999836913e-03
1.109999999999988551e+00,4.506650469877046539e-02,-1.675149947300590468e-08,-2.425961081417431220e-01,1.132687722865476738e-05,-1.632454426245696574e-02,-8.351027120601821341e-02,-8.351210597497894794e-02,4.506650469877366422e-02,1.831499999999820251e-03
1.114999999999988001e+00,4.498292248709601093e-02,-1.676784505403513533e-08,-2.338177397836392613e-01,1.157008903669830669e-05,-1.697959545879284063e-02,-8.080317976130184376e-02,-8.080500561386781688e-02,4.498292248709919589e-02,2.000999999999802416e-03
1.119999999999987450e+00,4.489612655137499575e-02,-1.678504205363901113e-08,-2.247814835901973674e-01,1.180739699983349359e-05,-1.761419555056420450e-02,-7.805812005140334853e-02,-7.805993455974265249e-02,4.489612655137818070e-02,2.177999999999783408e-03
1.124999999999986899e+00,4.480621929055703806e-02,-1.680310898516407564e-08,-2.154949467107409034e-01,1.203846779807859311e-05,-1.822829476019798695e-02,-7.528427195760883928e-02,-7.528607286047239722e-02,4.480621929056021607e-02,2.362499999999763227e-03
1.129999999999986349e+00,4.471330304223947866e-02,-1.682206027265972634e-08,-2.059656337481529653e-01,1.226300485256656464e-05,-1.882194674673232787e-02,-7.248770368989183865e-02,-7.248948891019239837e-02,4.471330304224265667e-02,2.554499999999743608e-03
1.134999999999985798e+00,4.461747968476201254e-02,-1.684190615999507999e-08,-1.962009068026667746e-01,1.248074844666054972e-05,-1.939526888207296351e-02,-6.967183694914537428e-02,-6.967360458971603998e-02,4.461747968476519055e-02,2.753999999999723249e-03
1.139999999999985247e+00,4.451885041930322279e-02,-1.686265271232511718e-08,-1.862079649940793780e-01,1.269147307755862078e-05,-1.994840871785154290e-02,-6.683821625785119069e-02,-6.683996458513630223e-02,4.451885041930640080e-02,2.960999999999701718e-03
1.144999999999984697e+00,4.441751568960576602e-02,-1.688430187538988732e-08,-1.759938388238779516e-01,1.289498356546411623e-05,-2.048152045106793259e-02,-6.398728644831737367e-02,-6.398901387160722820e-02,4.441751568960894403e-02,3.175499999999679013e-03
1.149999999999984146e+00,4.431357518929125022e-02,-1.690685157737865119e-08,-1.655653939241086003e-01,1.309111098638669907e-05,-2.099475140726882877e-02,-6.111901838187091401e-02,-6.112072343302441674e-02,4.431357518929442130e-02,3.397499999999655136e-03
1.154999999999983595e+00,4.420712791271870501e-02,-1.693029586654010756e-08,-1.549293394061789508e-01,1.327970903570655248e-05,-2.148823653157596811e-02,-5.823332812436659428e-02,-5.823500944055901712e-02,4.420712791272186915e-02,3.626999999999630086e-03
1.159999999999983045e+00,4.409827221741612069e-02,-1.695462508069863696e-08,-1.440922373448141891e-01,1.346065106497947933e-05,-2.196209820155162890e-02,-5.533030210652912367e-02,-5.533195841677967380e-02,4.409827221741928482e-02,3.863999999999605164e-03
1.164999999999982494e+00,4.398710587899151703e-02,-1.697982604488889945e-08,-1.330605113365825598e-01,1.363382779293185719e-05,-2.241644885909625795e-02,-5.241027418059685666e-02,-5.241190429573965720e-02,4.398710587899467422e-02,4.108499999999579502e-03
1.169999999999981943e+00,4.387372613012683470e-02,-1.700588229160487191e-08,-1.218404532355083641e-01,1.379914556501375725e-05,-2.285139456323219409e-02,-4.947380899987725150e-02,-4.947541180513970877e-02,4.387372613012998496e-02,4.360499999999553102e-03
1.174999999999981393e+00,4.375822968262540330e-02,-1.703277429670793059e-08,-1.104382279676888179e-01,1.395652499539373421e-05,-2.326703827256663623e-02,-4.652163963208858638e-02,-4.652321408135055153e-02,4.375822968262855356e-02,4.619999999999525528e-03
1.179999999999980842e+00,4.364071273558441100e-02,-1.706047972335977997e-08,-9.885987676938953750e-02,1.410589983857931163e-05,-2.366348228397424994e-02,-4.355459416209365997e-02,-4.355613927304993749e-02,4.364071273558755432e-02,4.886999999999496781e-03
1.184999999999980291e+00,4.352127097429477759e-02,-1.708897366708867206e-08,-8.711131935686007577e-02,1.424721597667267892e-05,-2.404082969930125199e-02,-4.057353191727585545e-02,-4.057504676696383622e-02,4.352127097429791397e-02,5.161499999999466862e-03
1.189999999999979741e+00,4.339999956432498418e-02,-1.711822889515190766e-08,-7.519835551763326409e-02,1.438043045265179558e-05,-2.439918505403620291e-02,-3.757929829983507747e-02,-3.758078202023159425e-02,4.339999956432810668e-02,5.443499999999435769e-03
1.194999999999979190e+00,4.327699314423946036e-02,-1.714821607579448521e-08,-6.312666650191026130e-02,1.450551051798483949e-05,-2.473865435400664226e-02,-3.457269913782419490e-02,-3.457415091140472740e-02,4.327699314424257593e-02,5.732999999999403504e-03
1.199999999999978639e+00,4.315234581914579454e-02,-1.717890399382428643e-08,-5.090181645479866651e-02,1.462243268935580070e-05,-2.505934477498065333e-02,-3.155449101392401173e-02,-3.155591006920022840e-02,4.315234581914890316e-02,6.029999999999370065e-03
1.204999999999978089e+00,4.302615115613380586e-02,-1.721025975126294184e-08,-3.852925400667139844e-02,1.473118182426867103e-05,-2.536136423242685983e-02,-2.852538237357185938e-02,-2.852676798068609285e-02,4.302615115613690755e-02,6.334499999999335454e-03
1.209999999999977538e+00,4.289850218183786229e-02,-1.724224895177694171e-08,-2.601431404801770805e-02,1.483175023081094776e-05,-2.564482096056673252e-02,-2.548604041227667955e-02,-2.548739187874601159e-02,4.289850218184096398e-02,6.646499999999304006e-03
1.214999999999976987e+00,4.276949138185340282e-02,-1.727483586994256584e-08,-1.336221966079655446e-02,1.492413682621663497e-05,-2.590982317494331874e-02,-2.243709984771590990e-02,-2.243841651440650967e-02,4.276949138185649063e-02,6.965999999999271386e-03
1.219999999999976437e+00,4.263921070151784759e-02,-1.730798360600525178e-08,-5.780841542800332781e-04,1.500834635489291266e-05,-2.615647884248956459e-02,-1.937917109961091386e-02,-1.938045233699818223e-02,4.263921070152092152e-02,7.292999999999237593e-03
1.224999999999975886e+00,4.250775154754211221e-02,-1.734165422755414687e-08,1.233308684925071320e-02,1.508438867169403342e-05,-2.638489555131390621e-02,-1.631284664162389875e-02,-1.631409184636489068e-02,4.250775154754518614e-02,7.627499999999202626e-03
1.229999999999975335e+00,4.237520479006451346e-02,-1.737580889959486994e-08,2.536639332427884086e-02,1.515227809173373128e-05,-2.659518045671242434e-02,-1.323870522106767103e-02,-1.323991381289103125e-02,4.237520479006756657e-02,7.969499999999166487e-03
1.234999999999974785e+00,4.224166076482768761e-02,-1.741040800440920958e-08,3.851703877858590058e-02,1.521203280468597746e-05,-2.678744027618565338e-02,-1.015731419645590945e-02,-1.015848561535629725e-02,4.224166076483074073e-02,8.318999999999129175e-03
1.239999999999974234e+00,4.210720927530529900e-02,-1.744541125287853024e-08,5.178032823424186942e-02,1.526367434940966250e-05,-2.696178130958236385e-02,-7.069230500399413877e-03,-7.070364204115735587e-03,4.210720927530833824e-02,8.675999999999090689e-03
1.244999999999973683e+00,4.197193959470454233e-02,-1.748077778840962944e-08,6.515166626003876527e-02,1.530722714391057106e-05,-2.711830946708309806e-02,-3.975000761392129267e-03,-3.976096223144634859e-03,4.197193959470758157e-02,9.040499999999051031e-03
1.249999999999973133e+00,4.183594046783676440e-02,-1.751646628441461120e-08,7.862655505519677845e-02,1.534271806531146531e-05,-2.725713029460429329e-02,-8.751610291189477640e-04,-8.762177355795729367e-04,4.183594046783980364e-02,9.412499999999010200e-03
1.254999999999972582e+00,4.169930011288303096e-02,-1.755243503646497051e-08,9.220059258051944984e-02,1.537017607505254183e-05,-2.737834899188921339e-02,2.229763581525473232e-03,2.228746132050854391e-03,4.169930011288605631e-02,9.791999999998968196e-03
1.259999999999972031e+00,4.156210622309353120e-02,-1.758864205035788342e-08,1.058694707319532552e-01,1.538963188482221154e-05,-2.748207042255130725e-02,5.339259156208270123e-03,5.338281455407166247e-03,4.156210622309654962e-02,1.017899999999892502e-02
1.264999999999971481e+00,4.142444596845680505e-02,-1.762504512608343677e-08,1.196289735518673431e-01,1.540111765954165599e-05,-2.756839911748185795e-02,8.452823085820432292e-03,8.451885616826273345e-03,4.142444596845981652e-02,1.057349999999888067e-02
1.269999999999970930e+00,4.128640599736502909e-02,-1.766160193901428800e-08,1.334749754744754269e-01,1.540466675406363629e-05,-2.763743927389038929e-02,1.156996401079298659e-02,1.156906724947804124e-02,4.128640599736804057e-02,1.097549999999883515e-02
1.274999999999970379e+00,4.114807243829068928e-02,-1.769827011784548779e-08,1.474034396030989569e-01,1.540031348066794937e-05,-2.768929475219195080e-02,1.469020164240020764e-02,1.468934605852211493e-02,4.114807243829370076e-02,1.138499999999878845e-02
1.279999999999969829e+00,4.100953090148013597e-02,-1.773500732102871490e-08,1.614104160179329617e-01,1.538809290474502963e-05,-2.772406907244129651e-02,1.781306651065621069e-02,1.781225256886922667e-02,4.100953090148314051e-02,1.180199999999874058e-02
1.284999999999969278e+00,4.087086648066331346e-02,-1.777177131067513983e-08,1.754920401139032637e-01,1.536804066634155671e-05,-2.774186541135287634e-02,2.093809967631594937e-02,2.093732783705804651e-02,4.087086648066631106e-02,1.222649999999869154e-02
1.289999999999968727e+00,4.073216375477500123e-02,-1.780852002475221189e-08,1.896445309684050839e-01,1.534019282514431897e-05,-2.774278660044781145e-02,2.406485245051831479e-02,2.406412317078505253e-02,4.073216375477799189e-02,1.265849999999864132e-02
1.294999999999968177e+00,4.059350678968205728e-02,-1.784521164803175098e-08,2.038641897389939783e-01,1.530458572693733097e-05,-2.772693512529962254e-02,2.719288612803365257e-02,2.719219986204789163e-02,4.059350678968504100e-02,1.309799999999858994e-02
1.299999999999967626e+00,4.045497913991150801e-02,-1.788180468139388224e-08,2.181473980910202670e-01,1.526125588935132584e-05,-2.769441312576775838e-02,3.032177175111289494e-02,3.032112895090057977e-02,4.045497913991449174e-02,1.354499999999854258e-02
1.304999999999967075e+00,4.031666385037550870e-02,-1.791825800987171064e-08,2.324906166550740338e-01,1.521023990514406833e-05,-2.764532239688513582e-02,3.345108990037294616e-02,3.345049101625340027e-02,4.031666385037848549e-02,1.399949999999849752e-02
1.309999999999966525e+00,4.017864345809082222e-02,-1.795453096931804502e-08,2.468903835139450442e-01,1.515157436104566225e-05,-2.757976439010824052e-02,3.658043050865850132e-02,3.657987598965797837e-02,4.017864345809379206e-02,1.446149999999845129e-02
1.314999999999965974e+00,4.004099999389169884e-02,-1.799058341180498732e-08,2.613433127187064775e-01,1.508529577062224133e-05,-2.749784021468781869e-02,3.970939269090782708e-02,3.970888298510462378e-02,4.004099999389464787e-02,1.493099999999840388e-02
1.319999999999965423e+00,3.990381498413599765e-02,-1.802637576977410186e-08,2.758460928334511841e-01,1.501144051952386625e-05,-2.739965063900437828e-02,4.283758458642765443e-02,4.283712014123546019e-02,3.990381498413893974e-02,1.540799999999835530e-02
1.324999999999964873e+00,3.976716945240515305e-02,-1.806186911919706819e-08,2.903954855080140285e-01,1.493004482176238138e-05,-2.728529609175634266e-02,4.596462320985172240e-02,4.596420447224817268e-02,3.976716945240808820e-02,1.589249999999830382e-02
1.329999999999964322e+00,3.963114392119882617e-02,-1.809702524114637038e-08,3.049883240782212956e-01,1.484114468565787977e-05,-2.715487666293361566e-02,4.909013429953616031e-02,4.908976171624320622e-02,3.963114392120175439e-02,1.638449999999824769e-02
1.334999999999963771e+00,3.949581841362510837e-02,-1.813180668243641724e-08,3.196215121929704139e-01,1.474477588828937572e-05,-2.700849210465137290e-02,5.221375217586630285e-02,5.221342619348761510e-02,3.949581841362802270e-02,1.688399999999819212e-02
1.339999999999963221e+00,3.936127245508726225e-02,-1.816617681481747371e-08,3.342920224676401153e-01,1.464097395734365266e-05,-2.684624183175609094e-02,5.533511959363444921e-02,5.533484065875549085e-02,3.936127245509016270e-02,1.739099999999813365e-02
1.344999999999962670e+00,3.922758507496780511e-02,-1.820009989310906728e-08,3.489968951632255179e-01,1.452977415946030498e-05,-2.666822492231768829e-02,5.845388760054534560e-02,5.845365615980009644e-02,3.922758507497070557e-02,1.790549999999807573e-02
1.349999999999962119e+00,3.909483480831064256e-02,-1.823354111202878171e-08,3.637332368906833202e-01,1.441121149409473022e-05,-2.647454011796478157e-02,6.156971539359837320e-02,6.156953189370771573e-02,3.909483480831353608e-02,1.842749999999801491e-02
1.354999999999961569e+00,3.896309969750172408e-02,-1.826646666186733222e-08,3.784982193399667461e-01,1.428532069220006954e-05,-2.626528582412499674e-02,6.468227017846077398e-02,6.468213506624591325e-02,3.896309969750461066e-02,1.895699999999795465e-02
1.359999999999961018e+00,3.883245729394894236e-02,-1.829884378298126888e-08,3.932890780332561342e-01,1.415213621886839372e-05,-2.604056011016506883e-02,6.779122703032330888e-02,6.779114075269832007e-02,3.883245729395182894e-02,1.949399999999789149e-02
1.364999999999960467e+00,3.870298465976150515e-02,-1.833064081899983754e-08,4.081031111019141622e-01,1.401169227947445670e-05,-2.580046070944413614e-02,7.089626875709245657e-02,7.089623176103798663e-02,3.870298465976439173e-02,2.003849999999783582e-02
1.369999999999959917e+00,3.857475836942934194e-02,-1.836182726881702347e-08,4.229376780866148655e-01,1.386402282863437851e-05,-2.554508501928185946e-02,7.399708576568514440e-02,7.399709849820731988e-02,3.857475836943222158e-02,2.059049999999778072e-02
1.374999999999959366e+00,3.844785451150297545e-02,-1.839237383768040316e-08,4.377901987602864087e-01,1.370916158143389204e-05,-2.527453010083232157e-02,7.709337592584776522e-02,7.709343883392429098e-02,3.844785451150583427e-02,2.114999999999772270e-02
1.379999999999958815e+00,3.832234869027409396e-02,-1.842225248705477946e-08,4.526581519733396397e-01,1.354714202653301840e-05,-2.498889267892584476e-02,8.018484444254798948e-02,8.018495797306370021e-02,3.832234869027695279e-02,2.171699999999766525e-02
1.384999999999958264e+00,3.819831602745735882e-02,-1.845143648330226358e-08,4.675390745207539944e-01,1.337799744070745430e-05,-2.468826914179813453e-02,8.327120372567718698e-02,8.327136832535143862e-02,3.819831602746021071e-02,2.229149999999760490e-02
1.389999999999957714e+00,3.807583116387357886e-02,-1.847990044530767197e-08,4.824305600305694997e-01,1.320176090449305027e-05,-2.437275554077072623e-02,8.635217326312009944e-02,8.635238937842719398e-02,3.807583116387643074e-02,2.287349999999754510e-02
1.394999999999957163e+00,3.795496826113481381e-02,-1.850762039109666542e-08,4.973302578733996837e-01,1.301846531858586954e-05,-2.404244758986800318e-02,8.942747949483725867e-02,8.942774757192220592e-02,3.795496826113765876e-02,2.346299999999748240e-02
1.399999999999956612e+00,3.783580100333148316e-02,-1.853457378335417470e-08,5.122358720924642395e-01,1.282814342079139856e-05,-2.369744066538604504e-02,9.249685569129414975e-02,9.249717617588437690e-02,3.783580100333432117e-02,2.405999999999742026e-02
1.404999999999956062e+00,3.771840259872186185e-02,-1.856073957395579121e-08,5.271451603538223063e-01,1.263082780314090266e-05,-2.333782980538532531e-02,9.556004182877823883e-02,9.556041516609369013e-02,3.771840259872469986e-02,2.466449999999735521e-02
1.409999999999955511e+00,3.760284578142421286e-02,-1.858609824745398524e-08,5.420559329163141538e-01,1.242655092914682886e-05,-2.296370970917458940e-02,9.861678447213001464e-02,9.861721110679105839e-02,3.760284578142705086e-02,2.527649999999729072e-02
1.414999999999954960e+00,3.748920281311166058e-02,-1.861063186372029225e-08,5.569660516208989609e-01,1.221534515087495142e-05,-2.257517473671767638e-02,1.016668366534201756e-01,1.016673170293559830e-01,3.748920281311449859e-02,2.589599999999722332e-02
1.419999999999954410e+00,3.737754548471011046e-02,-1.863432409940489885e-08,5.718734288989403280e-01,1.199724272574757600e-05,-2.217231890804190891e-02,1.047099577574219509e-01,1.047104923177789859e-01,3.737754548471293459e-02,2.652299999999715649e-02
1.424999999999953859e+00,3.726794511809924243e-02,-1.865716028870739253e-08,5.867760267990982381e-01,1.177227583293857553e-05,-2.175523590258700984e-02,1.077459134046260675e-01,1.077465025916778535e-01,3.726794511810205268e-02,2.715749999999708675e-02
1.429999999999953308e+00,3.716047256781683517e-02,-1.867912746302796541e-08,6.016718560324739729e-01,1.154047658928196665e-05,-2.132401905855201354e-02,1.107744753380989350e-01,1.107751195931572924e-01,3.716047256781964542e-02,2.779949999999701757e-02
1.434999999999952758e+00,3.705519822276644171e-02,-1.870021438970515582e-08,6.165589750355945364e-01,1.130187706454488949e-05,-2.087876137221613901e-02,1.137954213126368685e-01,1.137961210759659281e-01,3.705519822276925196e-02,2.844899999999694548e-02
1.439999999999952207e+00,3.695219200792852071e-02,-1.872041160994706563e-08,6.314354890509432661e-01,1.105650929602697439e-05,-2.041955549722939897e-02,1.168085349822320373e-01,1.168092906929645292e-01,3.695219200793133096e-02,2.910599999999687396e-02
1.444999999999951656e+00,3.685152338607509265e-02,-1.873971147582316844e-08,6.462995492246880191e-01,1.080440530251374943e-05,-1.994649374391939400e-02,1.198136057927793041e-01,1.198144178888355948e-01,3.685152338607790290e-02,2.977049999999679952e-02
1.449999999999951106e+00,3.675326135948796952e-02,-1.875810818633120735e-08,6.611493517212163606e-01,1.054559709737135813e-05,-1.945966807857127737e-02,1.228104288756715345e-01,1.228112977936825778e-01,3.675326135949077283e-02,3.044249999999672565e-02
1.454999999999950555e+00,3.665747447168061363e-02,-1.877559782256343539e-08,6.759831368542252861e-01,1.028011670090090092e-05,-1.895917012269370330e-02,1.257988049398850172e-01,1.257997311151181352e-01,3.665747447168341694e-02,3.112199999999664887e-02
1.459999999999950004e+00,3.656423080912360457e-02,-1.879217838214574100e-08,6.907991882339941103e-01,1.000799615185696510e-05,-1.844509115231381807e-02,1.287785401702100374e-01,1.287795240364988103e-01,3.656423080912640788e-02,3.180899999999656919e-02
1.464999999999949454e+00,3.647359800297372140e-02,-1.880784981272020528e-08,7.055958319305625226e-01,9.729267518177848415e-06,-1.791752209724571665e-02,1.317494461236802528e-01,1.317504881133574612e-01,3.647359800297652471e-02,3.250349999999649353e-02
1.469999999999948903e+00,3.638564323080660523e-02,-1.882261404462320964e-08,7.203714356524716367e-01,9.443962906816862093e-06,-1.737655354037864058e-02,1.347113396299510490e-01,1.347124401737861132e-01,3.638564323080940854e-02,3.320549999999641150e-02
1.474999999999948352e+00,3.630043321835308562e-02,-1.883647502251833113e-08,7.351244079407949217e-01,9.152114472842237883e-06,-1.682227571695684223e-02,1.376640426909613579e-01,1.376652022181011625e-01,3.630043321835588893e-02,3.391499999999633003e-02
1.479999999999947802e+00,3.621803424123890003e-02,-1.884943873651033093e-08,7.498531973781699111e-01,8.853754427671877339e-06,-1.625477851388277065e-02,1.406073823837977466e-01,1.406086013217111852e-01,3.621803424124170334e-02,3.463199999999624912e-02
1.484999999999947251e+00,3.613851212672809787e-02,-1.886151325213942153e-08,7.645562918125053953e-01,8.548915046533831668e-06,-1.567415146902444156e-02,1.435411907652919261e-01,1.435424695397184425e-01,3.613851212673090119e-02,3.535649999999616877e-02
1.489999999999946700e+00,3.606193225546970582e-02,-1.887270873962215096e-08,7.792322175951357233e-01,8.237628675152640906e-06,-1.508048377052640179e-02,1.464653047757958626e-01,1.464666438106974333e-01,3.606193225547250913e-02,3.608849999999609592e-02
1.494999999999946150e+00,3.598835956324788338e-02,-1.888303750237615716e-08,7.938795388331116865e-01,7.919927735640890218e-06,-1.447386425615640460e-02,1.493795661478058423e-01,1.493809658653231232e-01,3.598835956325068669e-02,3.682799999999601670e-02
1.499999999999945599e+00,3.591785854273531892e-02,-1.889251400458763608e-08,8.084968566553722980e-01,7.595844731717917099e-06,-1.385438141264632578e-02,1.522838213135810081e-01,1.522852821339924223e-01,3.591785854273812223e-02,3.757499999999593804e-02
1.504999999999945048e+00,3.585049324524981762e-02,-1.890115489808245940e-08,8.230828084925333465e-01,7.265412253214303796e-06,-1.322212337506121702e-02,1.551779213154441672e-01,1.551794436571285463e-01,3.585049324525262093e-02,3.832949999999585994e-02
1.509999999999944498e+00,3.578632728251402578e-02,-1.890897904815727144e-08,8.376360673700151693e-01,6.928662979872913091e-06,-1.257717792618228206e-02,1.580617217172125000e-01,1.580633059966156106e-01,3.578632728251682910e-02,3.909149999999578240e-02
1.514999999999943947e+00,3.572542382841824987e-02,-1.891600755880328658e-08,8.521553412143194617e-01,6.585629684534417434e-06,-1.191963249590947092e-02,1.609350825160877629e-01,1.609367291476914430e-01,3.572542382842105319e-02,3.986099999999569848e-02
1.519999999999943396e+00,3.566784562078606502e-02,-1.892226379716990445e-08,8.666393721720957455e-01,6.236345235727154692e-06,-1.124957416069744323e-02,1.637978680596150483e-01,1.637995774559095619e-01,3.566784562078886833e-02,4.063799999999561513e-02
1.524999999999942846e+00,3.561365496314290030e-02,-1.892777341696421676e-08,8.810869359419054581e-01,5.880842599644445253e-06,-1.056708964297940236e-02,1.666499469573171077e-01,1.666517195287768316e-01,3.561365496314570361e-02,4.142249999999553234e-02
1.529999999999942295e+00,3.556291372648715671e-02,-1.893256438130083280e-08,8.954968411182812060e-01,5.519154841582623576e-06,-9.872265310666200958e-03,1.694911920029592012e-01,1.694930281580206977e-01,3.556291372648996002e-02,4.221449999999545011e-02
1.534999999999941744e+00,3.551568335106410068e-02,-1.893666698459711199e-08,9.098679285480001377e-01,5.151315126876990962e-06,-9.165187176603075900e-03,1.723214800879128983e-01,1.723233802329560971e-01,3.551568335106690399e-02,4.301399999999536150e-02
1.539999999999941194e+00,3.547202484814211687e-02,-1.894011387379030362e-08,9.241990706982265991e-01,4.777356721351208886e-06,-8.445940898116947870e-03,1.751406921255078131e-01,1.751426566648393024e-01,3.547202484814492018e-02,4.382099999999527346e-02
1.544999999999940643e+00,3.543199880179134786e-02,-1.894294006874009892e-08,9.384891710363874040e-01,4.397312991307713124e-06,-7.714611776531188868e-03,1.779487129690788538e-01,1.779507423049180026e-01,3.543199880179415118e-02,4.463549999999518597e-02
1.549999999999940092e+00,3.539566537066460294e-02,-1.894518298180198418e-08,9.527371634214940599e-01,4.011217403102477802e-06,-6.971284756746995263e-03,1.807454313371751331e-01,1.807475258696423226e-01,3.539566537066740626e-02,4.545749999999509905e-02
1.554999999999939542e+00,3.536308428978034851e-02,-1.894688243668945355e-08,9.669420115067316468e-01,3.619103522316869168e-06,-6.216044426816797613e-03,1.835307397355877002e-01,1.835328998626948316e-01,3.536308428978315183e-02,4.628699999999500575e-02
1.559999999999938991e+00,3.533431487230769691e-02,-1.894808068657015655e-08,9.811027081531311644e-01,3.221005012579608684e-06,-5.448975017568097150e-03,1.863045343830244116e-01,1.863067605006673011e-01,3.533431487231050022e-02,4.712399999999491301e-02
1.564999999999938440e+00,3.530941601135323404e-02,-1.894882243128002290e-08,9.952182748540393531e-01,2.816955634050036021e-06,-4.670160402247796293e-03,1.890667151395699075e-01,1.890690076415227350e-01,3.530941601135603736e-02,4.796849999999482084e-02
1.569999999999937890e+00,3.528844618174963726e-02,-1.894915483406655624e-08,1.009287761170264419e+00,2.406989241589716867e-06,-3.879684096168081308e-03,1.918171854314991709e-01,1.918195447094105388e-01,3.528844618175244058e-02,4.882049999999472922e-02
1.574999999999937339e+00,3.527146344184584059e-02,-1.894912753736024673e-08,1.023310244175661854e+00,1.991139782649506536e-06,-3.077629256417205306e-03,1.945558521825150877e-01,1.945582786259060781e-01,3.527146344184864390e-02,4.967999999999463123e-02
1.579999999999936788e+00,3.525852543529866406e-02,-1.894879267772275380e-08,1.037284827912960727e+00,1.569441294901926650e-06,-2.264078681568745116e-03,1.972826257435356945e-01,1.972851197397991474e-01,3.525852543530146738e-02,5.054699999999453380e-02
1.584999999999936238e+00,3.524968939286583086e-02,-1.894820490035803964e-08,1.051210642859680577e+00,1.141927903644732176e-06,-1.439114811424034969e-03,1.999974198235692502e-01,1.999999817579705408e-01,3.524968939286863417e-02,5.142149999999443694e-02
1.589999999999935687e+00,3.524501213420016404e-02,-1.894742137257302637e-08,1.065086845403884652e+00,7.086338189889009531e-07,-6.028197267893859335e-04,2.027001514242635360e-01,2.027027816799430171e-01,3.524501213420296736e-02,5.230349999999434063e-02
1.594999999999935136e+00,3.524455006964487963e-02,-1.894650179672032899e-08,1.078912617329654378e+00,2.695933328517647222e-07,2.447248507437297326e-04,2.053907407713234656e-01,2.053934397292997427e-01,3.524455006964768294e-02,5.319299999999423795e-02
1.599999999999934586e+00,3.524835920202981643e-02,-1.894550842241708612e-08,1.092687165312072439e+00,-1.751591842052561400e-07,1.103437558960101376e-03,2.080691112515881402e-01,2.080718792907625680e-01,3.524835920203261974e-02,5.408999999999413583e-02
1.604999999999934035e+00,3.525649512846849160e-02,-1.894450605804798506e-08,1.106409720421534404e+00,-6.255892862986945051e-07,1.973237395181717292e-03,2.107351893487850181e-01,2.107380268459475847e-01,3.525649512847129491e-02,5.499449999999403427e-02
1.609999999999933484e+00,3.526901304215582234e-02,-1.894356208145842079e-08,1.120079537637220346e+00,-1.081662455675414143e-06,2.854043716396563717e-03,2.133889045803739615e-01,2.133918119102096167e-01,3.526901304215862565e-02,5.590649999999393327e-02
1.614999999999932934e+00,3.528596773416648597e-02,-1.894274645017994390e-08,1.133695895369592810e+00,-1.543344106272491789e-06,3.745776239354944425e-03,2.160301894360008301e-01,2.160331669710970903e-01,3.528596773416928928e-02,5.682599999999383977e-02
1.619999999999932383e+00,3.530741359525359224e-02,-1.894213171067875854e-08,1.147258094991685295e+00,-2.010599587391903671e-06,4.648355040639889739e-03,2.186589793185638730e-01,2.186620274294192035e-01,3.530741359525639556e-02,5.775299999999373990e-02
1.624999999999931832e+00,3.533340461764777202e-02,-1.894179300719087165e-08,1.160765460379082459e+00,-2.483394187438833793e-06,5.561700556731354744e-03,2.212752124827750411e-01,2.212783315378076265e-01,3.533340461765057533e-02,5.868749999999364059e-02
1.629999999999931282e+00,3.536399439685639773e-02,-1.894180808978777558e-08,1.174217337458397514e+00,-2.961693137745644735e-06,6.485733584018348041e-03,2.238788299783426861e-01,2.238820203439003120e-01,3.536399439685920104e-02,5.962949999999354184e-02
1.634999999999930731e+00,3.539923613346283859e-02,-1.894225732174218046e-08,1.187613093764107619e+00,-3.445461616439923901e-06,7.420375278805085677e-03,2.264697755920375977e-01,2.264730376324078087e-01,3.539923613346564191e-02,6.057899999999344365e-02
1.639999999999930180e+00,3.543918263492570192e-02,-1.894322368626708109e-08,1.200952118003570046e+00,-3.934664752373624363e-06,8.365547157283586416e-03,2.290479957920056875e-01,2.290513298694266120e-01,3.543918263492850523e-02,6.153599999999333908e-02
1.644999999999929630e+00,3.548388631737784543e-02,-1.894479279274002638e-08,1.214233819630103905e+00,-4.429267629059195200e-06,9.321171095488670413e-03,2.316134396716741650e-01,2.316168461463457839e-01,3.548388631738064874e-02,6.250049999999324202e-02
1.649999999999929079e+00,3.553339920742507735e-02,-1.894705288205962662e-08,1.227457628423959335e+00,-4.929235288655956991e-06,1.028716932921745764e-02,2.341660588965422396e-01,2.341695381266381548e-01,3.553339920742788066e-02,6.347249999999313164e-02
1.654999999999928528e+00,3.558777294394441931e-02,-1.895009483161142648e-08,1.240622994081039376e+00,-5.434532735946932087e-06,1.126346445393794707e-02,2.367058076505122177e-01,2.367093599921915315e-01,3.558777294394722263e-02,6.445199999999302876e-02
1.659999999999927978e+00,3.564705877988184196e-02,-1.895401215939087090e-08,1.253729385809236208e+00,-5.945124942336743984e-06,1.224997942466850460e-02,2.392326425834117032e-01,2.392362683908316745e-01,3.564705877988464527e-02,6.543899999999291950e-02
1.664999999999927427e+00,3.571130758404931355e-02,-1.895890102771976145e-08,1.266776291932224519e+00,-6.460976849846486439e-06,1.324663755583155647e-02,2.417465227600976430e-01,2.417502223854261778e-01,3.571130758405211686e-02,6.643349999999281774e-02
1.669999999999926876e+00,3.578056984292109916e-02,-1.896486024622193266e-08,1.279763219500615445e+00,-6.982053375079168347e-06,1.425336252108997705e-02,2.442474096091141189e-01,2.442511834025428152e-01,3.578056984292390247e-02,6.743549999999270961e-02
1.674999999999926326e+00,3.585489566242908849e-02,-1.897199127431909092e-08,1.292689693910281434e+00,-7.508319413176001354e-06,1.527007835314884640e-02,2.467352668749008548e-01,2.467391151846579922e-01,3.585489566243189180e-02,6.844499999999259510e-02
1.679999999999925775e+00,3.593433476975717300e-02,-1.898039822310738944e-08,1.305555258527762774e+00,-8.039739841750499433e-06,1.629670944355672557e-02,2.492100605673953084e-01,2.492139837397592261e-01,3.593433476975997631e-02,6.946199999999248809e-02
1.684999999999925224e+00,3.601893651513451977e-02,-1.899018785651801892e-08,1.318359474322611469e+00,-8.576279524822149871e-06,1.733318054246183598e-02,2.516717589153810164e-01,2.516757572946937693e-01,3.601893651513732308e-02,7.048649999999237470e-02
1.689999999999924674e+00,3.610874987362754085e-02,-1.900146959217548023e-08,1.331101919506535447e+00,-9.117903316650285132e-06,1.837941675836023137e-02,2.541203323195074804e-01,2.541244062481878840e-01,3.610874987363035110e-02,7.151849999999225493e-02
1.694999999999924123e+00,3.620382344693058585e-02,-1.901435550146135672e-08,1.343782189179233644e+00,-9.664576065571019289e-06,1.943534355782092909e-02,2.565557533058394624e-01,2.565599031243974704e-01,3.620382344693339610e-02,7.255799999999214267e-02
1.699999999999923572e+00,3.630420546515519126e-02,-1.902896030910347679e-08,1.356399894980807819e+00,-1.021626261781084616e-05,2.050088676518420708e-02,2.589779964808273105e-01,2.589822225278769485e-01,3.630420546515800151e-02,7.360499999999202403e-02
1.704999999999923022e+00,3.640994378861774072e-02,-1.904540139229588632e-08,1.368954664750587469e+00,-1.077292782118468689e-05,2.157597256224088808e-02,2.613870384880783715e-01,2.613913411003518372e-01,3.640994378862055098e-02,7.465949999999191289e-02
1.709999999999922471e+00,3.652108590962551554e-02,-1.906379877924997902e-08,1.381446142192307658e+00,-1.133453652882774433e-05,2.266052748790550742e-02,2.637828579627582992e-01,2.637872374751199511e-01,3.652108590962832579e-02,7.572149999999179537e-02
1.714999999999921920e+00,3.663767895426096183e-02,-1.908427514718706799e-08,1.393873986545480781e+00,-1.190105360280850513e-05,2.375447843784286167e-02,2.661654354908216669e-01,2.661698922362813469e-01,3.663767895426377208e-02,7.679099999999167148e-02
1.719999999999921370e+00,3.675976968416416052e-02,-1.910695581980705428e-08,1.406237872262869892e+00,-1.247244391772316134e-05,2.485775266410007733e-02,2.685347535659871054e-01,2.685392878757141277e-01,3.675976968416697077e-02,7.786799999999155508e-02
1.724999999999920819e+00,3.688740449831331980e-02,-1.913196876439894599e-08,1.418537488693926818e+00,-1.304867236421003137e-05,2.597027777470557394e-02,2.708907965490076064e-01,2.708954087523445242e-01,3.688740449831613699e-02,7.895249999999143231e-02
1.729999999999920268e+00,3.702062943480321361e-02,-1.915944458817534973e-08,1.430772539774150420e+00,-1.362970385242547325e-05,2.709198173325484335e-02,2.732335506260645253e-01,2.732382410505405645e-01,3.702062943480603774e-02,8.004449999999130316e-02
1.734999999999919718e+00,3.715949017262148296e-02,-1.918951653445210048e-08,1.442942743720164511e+00,-1.421550331543313279e-05,2.822279285846245739e-02,2.755630037718772574e-01,2.755677727432221946e-01,3.715949017262430709e-02,8.114399999999118152e-02
1.739999999999919167e+00,3.730403203342277929e-02,-1.922232047801280438e-08,1.455047832730474333e+00,-1.480603571260971395e-05,2.936263982373167949e-02,2.778791457077711136e-01,2.778839935499289315e-01,3.730403203342560342e-02,8.225099999999106737e-02
1.744999999999918616e+00,3.745429998330047222e-02,-1.925799492026940528e-08,1.467087552691781926e+00,-1.540126603282247392e-05,3.051145165666782622e-02,2.801819678646756961e-01,2.801868948998172404e-01,3.745429998330329635e-02,8.336549999999094684e-02
1.749999999999918066e+00,3.761033863455608833e-02,-1.929668098388305568e-08,1.479061662890765350e+00,-1.600115929772422360e-05,3.166915773858998417e-02,2.824714633454766810e-01,2.824764698940140928e-01,3.761033863455891246e-02,8.448749999999083382e-02
1.754999999999917515e+00,3.777219224746614090e-02,-1.933852240676769923e-08,1.490969935731216056e+00,-1.660568056491289093e-05,3.283568780402404408e-02,2.847476268886547368e-01,2.847527132692543317e-01,3.777219224746897197e-02,8.561699999999071442e-02
1.759999999999916964e+00,3.793990473204642000e-02,-1.938366553600405291e-08,1.502812156456406534e+00,-1.721479493094235544e-05,3.401097194018496556e-02,2.870104548321053550e-01,2.870156213617005014e-01,3.793990473204925801e-02,8.675399999999058864e-02
1.764999999999916414e+00,3.811351964981367357e-02,-1.943225932088822275e-08,1.514588122876650012e+00,-1.782846753441565159e-05,3.519494058644213191e-02,2.892599450760861557e-01,2.892651920698907086e-01,3.811351964981652546e-02,8.789849999999047037e-02
1.769999999999915863e+00,3.829308021554448521e-02,-1.948445530593691234e-08,1.526297645101923006e+00,-1.844666355893825763e-05,3.638752453374866080e-02,2.914960970500788395e-01,2.915014248216000192e-01,3.829308021554733710e-02,8.905049999999034571e-02
1.774999999999915312e+00,3.847862929903128615e-02,-1.954040762314564761e-08,1.537940545279467441e+00,-1.906934823597571362e-05,3.758865492407659215e-02,2.937189116781037113e-01,2.937243205391550926e-01,3.847862929903415885e-02,9.020999999999021468e-02
1.779999999999914762e+00,3.867020942683561252e-02,-1.960027298399196849e-08,1.549516657336255321e+00,-1.969648684770118366e-05,3.879826324983010055e-02,2.959283913455129089e-01,2.959338816062268562e-01,3.867020942683849216e-02,9.137699999999009115e-02
1.784999999999914211e+00,3.886786278403819850e-02,-1.966421067113747401e-08,1.561025826726287313e+00,-2.032804472977288703e-05,4.001628135324816066e-02,2.981245398645788747e-01,2.981301118334194200e-01,3.886786278404109896e-02,9.255149999998996124e-02
1.789999999999913660e+00,3.907163121598618283e-02,-1.973238252944415774e-08,1.572467910182555606e+00,-2.096398727405783430e-05,4.124264142577326736e-02,3.003073624445094514e-01,3.003130164282850623e-01,3.907163121598909022e-02,9.373349999998983884e-02
1.794999999999913110e+00,3.928155623003704716e-02,-1.980495295697805103e-08,1.583842775473673248e+00,-2.160427993119700898e-05,4.247727600743579635e-02,3.024768656570051562e-01,3.024826019608803929e-01,3.928155623003998925e-02,9.492299999998971005e-02
1.799999999999912559e+00,3.949767899729948739e-02,-1.988208889541828547e-08,1.595150301165004558e+00,-2.224888821320670403e-05,4.372011798618912620e-02,3.046330574078007780e-01,3.046388763353088391e-01,3.949767899730243642e-02,9.611999999998957489e-02
1.804999999999912008e+00,3.972004035437084329e-02,-1.996395981992807108e-08,1.606390376384286611e+00,-2.289777769603036777e-05,4.497110059726526499e-02,3.067759469037443787e-01,3.067818487567996466e-01,3.972004035437381314e-02,9.732449999998944723e-02
1.809999999999911457e+00,3.994868080507135710e-02,-2.005073772888502402e-08,1.617562900591580588e+00,-2.355091402194321189e-05,4.623015742248652582e-02,3.089055446250393300e-01,3.089115297039486951e-01,3.994868080507434083e-02,9.853649999998931319e-02
1.814999999999910907e+00,4.018364052217489324e-02,-2.014259713331804368e-08,1.628667783353565879e+00,-2.420826290195401062e-05,4.749722238959254439e-02,3.110218622930960297e-01,3.110279308965713252e-01,4.018364052217791166e-02,9.975599999998917278e-02
1.819999999999910356e+00,4.042495934913627881e-02,-2.023971504593297849e-08,1.639704944122014174e+00,-2.486979011814602195e-05,4.877222977151931399e-02,3.131249128446110808e-01,3.131310652697804064e-01,4.042495934913931110e-02,1.009829999999890399e-01
1.824999999999909805e+00,4.067267680181499423e-02,-2.034227096955745535e-08,1.650674312016424894e+00,-2.553546152595760019e-05,5.005511418570368631e-02,3.152147104008733436e-01,3.152209469432930566e-01,4.067267680181804040e-02,1.022174999999889006e-01
1.829999999999909255e+00,4.092683207019536668e-02,-2.045044688549906693e-08,1.661575825610705603e+00,-2.620524305634268895e-05,5.134581059334513559e-02,3.172912702414239505e-01,3.172975911950896566e-01,4.092683207019843367e-02,1.034594999999887688e-01
1.834999999999908704e+00,4.118746402010302343e-02,-2.056442724155946169e-08,1.672409432723864331e+00,-2.687910071798135694e-05,5.264425429867437140e-02,3.193546087755653740e-01,3.193610144329238065e-01,4.118746402010612512e-02,1.047089999999886306e-01
1.839999999999908153e+00,4.145461119491766072e-02,-2.068439893965001748e-08,1.683175090214574787e+00,-2.755700059938418696e-05,5.395038094819477881e-02,3.214047435169585798e-01,3.214112341689188135e-01,4.145461119492079710e-02,1.059659999999884861e-01
1.844999999999907603e+00,4.172831181728200306e-02,-2.081055132323272849e-08,1.693872763779665558e+00,-2.823890887084686200e-05,5.526412652993006880e-02,3.234416930545601643e-01,3.234482689905037178e-01,4.172831181728517413e-02,1.072304999999883490e-01
1.849999999999907052e+00,4.200860379080686297e-02,-2.094307616428429541e-08,1.704502427756306115e+00,-2.892479178648005940e-05,5.658542737262485522e-02,3.254654770316499635e-01,3.254721385394429012e-01,4.200860379081006873e-02,1.085024999999882056e-01
1.854999999999906501e+00,4.229552470177239815e-02,-2.108216765007778256e-08,1.715064064927931398e+00,-2.961461568619118265e-05,5.791422014499623960e-02,3.274761161156224398e-01,3.274828634816262518e-01,4.229552470177563861e-02,1.097819999999880558e-01
1.859999999999905951e+00,4.258911182082535801e-02,-2.122802236946085948e-08,1.725557666333809692e+00,-3.030834699754658370e-05,5.925044185491157300e-02,3.294736319753649445e-01,3.294804654844467606e-01,4.258911182082863317e-02,1.110689999999879135e-01
1.864999999999905400e+00,4.288940210467231257e-02,-2.138083929921632387e-08,1.735983231082186995e+00,-3.100595223755920222e-05,6.059402984858423130e-02,3.314580472568265379e-01,3.314649671923695640e-01,4.288940210467563630e-02,1.123634999999877787e-01
1.869999999999904849e+00,4.319643219776882204e-02,-2.154081978994581777e-08,1.746340766166915026e+00,-3.170739801449660490e-05,6.194492180975843393e-02,3.334293855594542832e-01,3.334363922033691252e-01,4.319643219777219434e-02,1.136654999999876375e-01
1.874999999999904299e+00,4.351023843400448482e-02,-2.170816755152032938e-08,1.756630286287549580e+00,-3.241265102955048061e-05,6.330305575888837966e-02,3.353876714112987156e-01,3.353947650440327055e-01,4.351023843400791263e-02,1.149749999999875039e-01
1.879999999999903748e+00,4.383085683838385677e-02,-2.188308863858990118e-08,1.766851813672800420e+00,-3.312167807863705975e-05,6.466837005228932844e-02,3.373329302475627234e-01,3.373401111481114656e-01,4.383085683838733315e-02,1.162919999999873638e-01
1.884999999999903197e+00,4.415832312870308918e-02,-2.206579143573149282e-08,1.777005377907335371e+00,-3.383444605394564630e-05,6.604080338129933447e-02,3.392651883862151663e-01,3.392724568321315304e-01,4.415832312870662107e-02,1.176164999999872174e-01
1.889999999999902647e+00,4.449267271722235489e-02,-2.225648664214717213e-08,1.787091015761812285e+00,-3.455092194549076170e-05,6.742029477140859539e-02,3.411844730079959809e-01,3.411918292754005377e-01,4.449267271722593536e-02,1.189484999999870785e-01
1.894999999999902096e+00,4.483394071233390982e-02,-2.245538725634993148e-08,1.797108771026142415e+00,-3.527107284267959623e-05,6.880678358140789042e-02,3.430908121326496363e-01,3.430982564962408721e-01,4.483394071233754580e-02,1.202879999999869332e-01
1.899999999999901545e+00,4.518216192022585925e-02,-2.266270856056724035e-08,1.807058694345845762e+00,-3.599486593587310429e-05,7.020020950250185909e-02,3.449842345996274595e-01,3.449917673326915457e-01,4.518216192022955074e-02,1.216349999999867815e-01
1.904999999999900995e+00,4.553737084654148337e-02,-2.287866810480807434e-08,1.816940843061543687e+00,-3.672226851774381177e-05,7.160051255744004362e-02,3.468647700441625514e-01,3.468723914185826707e-01,4.553737084654524425e-02,1.229894999999866373e-01
1.909999999999900444e+00,4.589960169803414258e-02,-2.310348569088149457e-08,1.826755281051446911e+00,-3.745324798467642227e-05,7.300763309960131564e-02,3.487324488799445898e-01,3.487401591662108169e-01,4.589960169803797285e-02,1.243514999999864867e-01
1.914999999999899893e+00,4.626888838421765182e-02,-2.333738335603387699e-08,1.836502078576830677e+00,-3.818777183823222194e-05,7.442151181211120736e-02,3.505873022769573910e-01,3.505951017441766848e-01,4.626888838422155148e-02,1.257209999999863714e-01
1.919999999999899343e+00,4.664526451901215148e-02,-2.358058535648538108e-08,1.846181312130410701e+00,-3.892580768634024488e-05,7.584208970692561669e-02,3.524293621426348722e-01,3.524372510585395135e-01,4.664526451901613441e-02,1.270979999999862220e-01
1.924999999999898792e+00,4.702876342238546115e-02,-2.383331815076340870e-08,1.855793064287601712e+00,-3.966732324469808953e-05,7.726930812391853698e-02,3.542586611013954223e-01,3.542666397323531169e-01,4.702876342238952734e-02,1.284824999999860662e-01
1.929999999999898241e+00,4.741941812198975648e-02,-2.409581038259907654e-08,1.865337423560585961e+00,-4.041228633788779983e-05,7.870310872994869256e-02,3.560752324766565113e-01,3.560833010876793825e-01,4.741941812199391287e-02,1.298744999999859040e-01
1.934999999999897691e+00,4.781726135479360401e-02,-2.436829286404669654e-08,1.874814484255134195e+00,-4.116066490077425566e-05,8.014343351793198900e-02,3.578791102719498518e-01,3.578872691267042105e-01,4.781726135479785061e-02,1.312739999999857632e-01
1.939999999999897140e+00,4.822232556870934689e-02,-2.465099855814434310e-08,1.884224346330148903e+00,-4.191242697942401381e-05,8.159022480590434612e-02,3.596703291520885193e-01,3.596785785129018587e-01,4.822232556871369064e-02,1.326809999999856160e-01
1.944999999999896589e+00,4.863464292421577212e-02,-2.494416256153128445e-08,1.893567115259855882e+00,-4.266754073230190808e-05,8.304342523607072257e-02,3.614489244257427791e-01,3.614572645536148765e-01,4.863464292422021995e-02,1.340954999999854347e-01
1.949999999999896039e+00,4.905424529597600392e-02,-2.524802208673159376e-08,1.902842901898624595e+00,-4.342597443142602273e-05,8.450297777385440412e-02,3.632149320271525483e-01,3.632233631817635700e-01,4.905424529598055583e-02,1.355174999999853025e-01
1.954999999999895488e+00,4.948116427445060223e-02,-2.556281644422087343e-08,1.912051822348353136e+00,-4.418769646346134075e-05,8.596882570693120673e-02,3.649683884996539063e-01,3.649769109393732891e-01,4.948116427445527904e-02,1.369469999999851362e-01
1.959999999999894937e+00,4.991543116750588732e-02,-2.588878702461317868e-08,1.921193997828352540e+00,-4.495267533062280300e-05,8.744091264426766263e-02,3.667093309785482980e-01,3.667179449604427433e-01,4.991543116751068210e-02,1.383839999999849635e-01
1.964999999999894387e+00,5.035707700201735165e-02,-2.622617728062385464e-08,1.930269554547728639e+00,-4.572087965160652939e-05,8.891918251515103233e-02,3.684377971734231760e-01,3.684465029532659752e-01,5.035707700202227133e-02,1.398284999999848122e-01
1.969999999999893836e+00,5.080613252546824221e-02,-2.657523270867599086e-08,1.939278623580176220e+00,-4.649227816275241571e-05,9.040357956819969343e-02,3.701538253532937750e-01,3.701626231855735805e-01,5.080613252547330067e-02,1.412804999999846545e-01
1.974999999999893285e+00,5.126262820754318161e-02,-2.693620083040356433e-08,1.948221340741173258e+00,-4.726683971887029565e-05,9.189404837038646356e-02,3.718574543294237422e-01,3.718663444673526719e-01,5.126262820754837884e-02,1.427399999999844904e-01
1.979999999999892735e+00,5.172659424171690418e-02,-2.730933117423318454e-08,1.957097846467493740e+00,-4.804453329407332634e-05,9.339053380604121768e-02,3.735487234408711443e-01,3.735577061363924423e-01,5.172659424172224019e-02,1.442069999999843199e-01
1.984999999999892184e+00,5.219806054683796825e-02,-2.769487525664515705e-08,1.965908285699027092e+00,-4.882532798256125671e-05,9.489298107586406628e-02,3.752276725375415234e-01,3.752367480413384415e-01,5.219806054684347080e-02,1.456814999999841709e-01
1.989999999999891633e+00,5.267705676870752113e-02,-2.809308656345104777e-08,1.974652807762866669e+00,-4.960919299965743971e-05,9.640133569591302631e-02,3.768943419657220240e-01,3.769035105272262598e-01,5.267705676871318327e-02,1.471634999999839877e-01
1.994999999999891083e+00,5.316361228165294300e-02,-2.850422053057972985e-08,1.983331566259610490e+00,-5.039609768241831657e-05,9.791554349659511991e-02,3.785487725540827575e-01,3.785580344214823367e-01,5.316361228165877861e-02,1.486529999999838536e-01
1.999999999999890532e+00,5.365775619009656439e-02,-2.892853452535785299e-08,1.991944718951789817e+00,-5.118601149050245908e-05,9.943555062166255232e-02,3.801910055987275938e-01,3.802003610189748639e-01,5.365775619010257347e-02,1.501499999999836854e-01
2.004999999999890203e+00,5.415951738784603731e-02,-2.938641652603314535e-08,2.000492415037345317e+00,-5.065268034164557137e-05,1.009613457686116544e-01,3.794085600414245918e-01,3.842430548703817395e-01,5.415951738785225456e-02,1.516499999999836590e-01
2.009999999999889653e+00,5.466892580848160127e-02,-2.994714703020427570e-08,2.008974592811027193e+00,-4.292539097271790504e-05,1.024933180763049345e-01,3.944374690499607983e-01,4.041340551477827781e-01,5.466892580848810995e-02,1.531499999999836326e-01
2.014999999999889102e+00,5.518662323214508503e-02,-3.061097694123525416e-08,2.017324506226050751e+00,-2.325565955033820668e-05,1.042348974698236452e-01,4.094628016376788415e-01,4.240709750807341583e-01,5.518662323215188514e-02,1.546499999999836061e-01
2.019999999999888551e+00,5.571365687819985341e-02,-3.130483540131553337e-08,2.025431339841238465e+00,1.139336121287113480e-05,1.061858907000192004e-01,4.225878576378442331e-01,4.421647789414203666e-01,5.571365687820669516e-02,1.561499999999835797e-01
2.024999999999888001e+00,5.625100150674021415e-02,-3.190228880537283865e-08,2.033192154540596430e+00,6.301561832604938456e-05,1.083222530314298521e-01,4.310585873114719524e-01,4.556661634078811307e-01,5.625100150674647997e-02,1.576499999999835533e-01
2.029999999999887450e+00,5.679940693848791605e-02,-3.223778315063985406e-08,2.040528388332429000e+00,1.329673016307101848e-04,1.105850476826972101e-01,4.349622981374749453e-01,4.646653934854157453e-01,5.679940693849268307e-02,1.591499999999835269e-01
2.034999999999886899e+00,5.735933311001766011e-02,-3.211650666591134655e-08,2.047392831002260660e+00,2.222135147151242229e-04,1.129169126437399029e-01,4.350276905112505088e-01,4.698930453419079556e-01,5.735933311001991525e-02,1.606499999999835004e-01
2.039999999999886349e+00,5.793098214315918482e-02,-3.132109839857725393e-08,2.053766071133177551e+00,3.314781384286101138e-04,1.152701291588326959e-01,4.324523888190675569e-01,4.725479595083409423e-01,5.793098214315831745e-02,1.621499999999834740e-01
2.044999999999885798e+00,5.851436752554385612e-02,-2.962855930798336192e-08,2.059648959048884009e+00,4.616525935852167366e-04,1.176137842269693451e-01,4.283605748527399837e-01,4.737517264121167693e-01,5.851436752554031034e-02,1.636499999999834476e-01
2.049999999999885247e+00,5.910938502132298544e-02,-2.679623035286817963e-08,2.065054867911622516e+00,6.135000555256520062e-04,1.199286610434916606e-01,4.236274521436023677e-01,4.743841206484762929e-01,5.910938502131923844e-02,1.651499999999834212e-01
2.054999999999884697e+00,5.971586970908002168e-02,-2.254460357355622406e-08,2.070003468046460959e+00,7.872091832368001679e-04,1.222079795390477869e-01,4.188094219374438043e-01,4.750023853867412771e-01,5.971586970908216579e-02,1.666499999999833947e-01
2.059999999999884146e+00,6.033364551244744384e-02,-1.658445285811428553e-08,2.074515402850483969e+00,9.830205590318471034e-04,1.244522830048707118e-01,4.142327078528967865e-01,4.759326651009009312e-01,6.033364551246698376e-02,1.681499999999833683e-01
2.064999999999883595e+00,6.096255106060798762e-02,-8.616169159148066024e-09,2.078609502220535976e+00,1.201205948029663998e-03,1.266661162332790858e-01,4.099859571924947543e-01,4.772636194705410784e-01,6.096255106066394980e-02,1.696499999999833419e-01
2.069999999999883045e+00,6.160245065299460587e-02,1.671263690657366196e-09,2.082301615616017898e+00,1.442055590800787228e-03,1.288550117734056089e-01,4.060324157340813311e-01,4.789585628668872053e-01,6.160245065311614060e-02,1.711499999999833155e-01
2.074999999999882494e+00,6.225323448270347892e-02,1.460133847014692254e-08,2.085604609569534418e+00,1.705870421199563464e-03,1.310239174823152886e-01,4.022728485967606016e-01,4.809183633732971863e-01,6.225323448293284406e-02,1.726499999999832891e-01
2.079999999999881943e+00,6.291481340779567222e-02,3.051098081216658426e-08,2.088528953268725452e+00,1.992957329260620133e-03,1.331764272106709945e-01,3.985980608422848848e-01,4.830339498821094590e-01,6.291481340819175816e-02,1.741499999999832626e-01
2.084999999999881393e+00,6.358711187969255663e-02,4.975132426137109131e-08,2.091083499890027397e+00,2.303626311335048044e-03,1.353146791723159326e-01,3.949163979030533289e-01,4.852138041238027721e-01,6.358711188033489004e-02,1.756499999999832362e-01
2.089999999999880842e+00,6.427006140004724866e-02,7.268829942757010347e-08,2.093276206693413410e+00,2.638188790757456121e-03,1.374395999429526560e-01,3.911652430907570643e-01,4.873954529689052961e-01,6.427006140104067622e-02,1.771499999999832098e-01
2.094999999999880291e+00,6.496359561982115172e-02,9.970306451942597128e-08,2.095114673866897537e+00,2.996956660601841297e-03,1.395512893883229522e-01,3.873108344917220447e-01,4.895452821164276158e-01,6.496359562130094023e-02,1.786499999999831834e-01
2.099999999999879741e+00,6.566764733944968624e-02,1.311923166143159217e-07,2.096606474980052148e+00,3.380241766825001909e-03,1.416493979857601782e-01,3.833422254102656912e-01,4.916524945909807598e-01,6.566764734158753170e-02,1.801499999999831569e-01
2.104999999999879190e+00,6.638214715149183542e-02,1.675685208447416328e-07,2.097759307943073637e+00,3.788355654840027884e-03,1.437334229970478883e-01,3.792633001757123035e-01,4.937211253944120415e-01,6.638214715450246883e-02,1.816499999999831305e-01
2.109999999999878639e+00,6.710702324967650345e-02,2.092600857316854561e-07,2.098581018750079963e+00,4.221609469284787544e-03,1.458028999972655615e-01,3.750854303448216132e-01,4.957626970436234681e-01,6.710702325382508771e-02,1.831499999999831041e-01
2.114999999999878089e+00,6.784220190933197558e-02,2.567115022801019599e-07,2.099079552111206670e+00,4.680313939437887039e-03,1.478574991037580610e-01,3.708219747188525872e-01,4.977907192211994403e-01,6.784220191494227947e-02,1.846499999999830777e-01
2.119999999999877538e+00,6.858760823606886714e-02,3.103834556175009848e-07,2.099262872918250977e+00,5.164779409953214155e-03,1.498970503092631745e-01,3.664848959306475917e-01,4.998173051718601823e-01,6.858760824353232755e-02,1.861499999999830512e-01
2.124999999999876987e+00,6.934316691105825436e-02,3.707529123250496179e-07,2.099138888091008681e+00,5.675315893674109761e-03,1.519215254863154618e-01,3.620832015549814153e-01,5.018516127217436118e-01,6.934316692084398215e-02,1.876499999999830248e-01
2.129999999999876437e+00,7.010880257754756317e-02,4.384666011049043290e-07,2.098715406050451815e+00,6.208380304104520533e-03,1.539309346016572433e-01,3.576055700197067200e-01,5.039166942225069556e-01,7.010880259022984895e-02,1.891499999999829984e-01
2.134999999999875886e+00,7.088444060889942389e-02,5.140333134348575086e-07,2.098000058312131877e+00,6.763379460182657524e-03,1.559255053554824411e-01,3.530783305568602759e-01,5.059936948484968777e-01,7.088444062515687760e-02,1.906499999999829720e-01
2.139999999999875335e+00,7.167000731639285027e-02,5.978587288951271864e-07,2.097000279463654415e+00,7.342169771766185633e-03,1.579054045843852339e-01,3.485003850612568010e-01,5.080860335678865081e-01,7.167000733700690240e-02,1.921499999999829456e-01
2.144999999999874785e+00,7.246542986875630088e-02,6.903896592691911575e-07,2.095723317364104332e+00,7.946002741057889285e-03,1.598708067394881138e-01,3.438694128027756092e-01,5.101942033960256140e-01,7.246542989462494144e-02,1.936499999999829191e-01
2.149999999999874234e+00,7.327063624791943508e-02,7.921105866829883661e-07,2.094176240396724786e+00,8.575760721628413255e-03,1.618218665507422105e-01,3.391840658094214533e-01,5.123186318005387152e-01,7.327063628007239593e-02,1.951499999999828927e-01
2.154999999999873683e+00,7.408555516720025103e-02,9.035393090583562135e-07,2.092365948636567552e+00,9.232100691274168144e-03,1.637587246514101702e-01,3.344433122473489117e-01,5.144594290067120435e-01,7.408555520681549267e-02,1.966499999999828663e-01
2.159999999999873133e+00,7.491011600065518306e-02,1.025222860439446480e-06,2.090299183671972649e+00,9.915541983917336433e-03,1.656815075439634632e-01,3.296466183549732198e-01,5.166168166967768371e-01,7.491011604907665822e-02,1.981499999999828399e-01
2.164999999999872582e+00,7.574424872437197920e-02,1.157734091753160992e-06,2.087982537024568153e+00,1.062651985805588770e-02,1.675903315890889811e-01,3.247938050297618506e-01,5.187911350548015665e-01,7.574424878312842335e-02,1.996499999999828134e-01
2.169999999999872031e+00,7.658788387519016583e-02,1.301668959624271452e-06,2.085422456595024787e+00,1.136541822839941263e-02,1.694853061520997795e-01,3.198849711829687137e-01,5.209828579037718566e-01,7.658788394601520610e-02,2.011499999999827870e-01
2.174999999999871481e+00,7.744095252400938489e-02,1.457644441790212479e-06,2.082625251461025506e+00,1.213258968231255459e-02,1.713665363655474394e-01,3.149203896997018748e-01,5.231925446839489346e-01,7.744095260886288412e-02,2.026499999999827606e-01
2.179999999999870930e+00,7.830338625998345403e-02,1.626296964108655053e-06,2.079597095442577093e+00,1.292836773258376759e-02,1.732341249155491814e-01,3.099004276197542262e-01,5.254207948448310628e-01,7.830338636107411765e-02,2.041499999999827342e-01
2.184999999999870379e+00,7.917511718122401121e-02,1.808281229013282007e-06,2.076344029919302780e+00,1.375307432657932316e-02,1.750881730206775011e-01,3.048254858064849970e-01,5.276682084222839020e-01,7.917511730103349299e-02,2.056499999999827077e-01
2.189999999999869829e+00,8.005607788847046713e-02,2.004269352931226135e-06,2.072871966290639190e+00,1.460702445471305858e-02,1.769287807681520497e-01,2.996959620075280717e-01,5.299353618881468275e-01,8.005607802977877940e-02,2.071499999999826813e-01
2.194999999999869278e+00,8.094620147925885023e-02,2.214950239444555486e-06,2.069186688350711734e+00,1.549052898350838925e-02,1.787560470560742298e-01,2.945122323784790663e-01,5.322227975040892956e-01,8.094620164517130068e-02,2.086499999999826549e-01
2.199999999999868727e+00,8.184542154123616853e-02,2.441029131803360258e-06,2.065293854727661582e+00,1.640389640082729958e-02,1.805700693470795315e-01,2.892746463886590735e-01,5.345310230267839025e-01,8.184542173521197617e-02,2.101499999999826285e-01
2.204999999999868177e+00,8.275367214413396899e-02,2.683227301776260621e-06,2.061199001441723411e+00,1.734743389374388337e-02,1.823709433855624229e-01,2.839835296305113221e-01,5.368605174626812637e-01,8.275367237001639287e-02,2.116499999999826021e-01
2.209999999999867626e+00,8.367088783048627632e-02,2.942281842003456071e-06,2.056907544574102520e+00,1.832144801645937612e-02,1.841587629676560145e-01,2.786391901768456858e-01,5.392117392352556715e-01,8.367088809253449277e-02,2.131499999999825756e-01
2.214999999999867075e+00,8.459700360546970610e-02,3.218945536613086909e-06,2.052424783006487452e+00,1.932624510599885437e-02,1.859336198018644026e-01,2.732419255044034045e-01,5.415851342224735632e-01,8.459700390839244855e-02,2.146499999999825492e-01
2.219999999999866525e+00,8.553195492632623131e-02,3.513986790517897845e-06,2.047755901181942839e+00,2.036213154248246379e-02,1.876956034629561898e-01,2.677920282883052838e-01,5.439811422377984762e-01,8.553195527531726183e-02,2.161499999999825228e-01
2.224999999999865974e+00,8.647567769178354791e-02,3.828189602060474991e-06,2.042905971842948976e+00,2.142941391344981364e-02,1.894448014219017040e-01,2.622897904132586167e-01,5.464002014652310502e-01,8.647567809255909954e-02,2.176499999999824964e-01
2.229999999999865423e+00,8.742810823177996071e-02,4.162353566925796494e-06,2.037879958713686879e+00,2.252839911883627172e-02,1.911812991274879081e-01,2.567355052139235760e-01,5.488427509617548328e-01,8.742810869061806711e-02,2.191499999999824699e-01
2.234999999999864873e+00,8.838918329768183368e-02,4.517293903781389955e-06,2.032682719106765123e+00,2.365939443915780066e-02,1.929051801161872914e-01,2.511294682883746798e-01,5.513092316331479337e-01,8.838918382146379593e-02,2.206499999999824435e-01
2.239999999999864322e+00,8.935884005307924427e-02,4.893841494131950382e-06,2.027319006445444938e+00,2.482270758082323961e-02,1.946165261317334416e-01,2.454719773727142840e-01,5.538000862093912513e-01,8.935884064933315163e-02,2.221499999999824171e-01
2.244999999999863771e+00,9.033701606517230420e-02,5.292842930523446926e-06,2.021793472700375460e+00,2.601864670717242423e-02,1.963154172423664245e-01,2.397633317019160493e-01,5.563157586682772049e-01,9.033701674211880306e-02,2.236499999999823907e-01
2.249999999999863221e+00,9.132364929671708820e-02,5.715160568585909671e-06,2.016110670744432731e+00,2.724752046055457441e-02,1.980019319492761221e-01,2.340038311945601968e-01,5.588566934594105806e-01,9.132365006331738533e-02,2.251499999999823642e-01
2.254999999999862670e+00,9.231867809848086359e-02,6.161672579523757287e-06,2.010275056631267265e+00,2.850963797873205460e-02,1.996761472841311058e-01,2.281937756642224147e-01,5.614233347403675412e-01,9.231867896448708866e-02,2.266499999999823378e-01
2.259999999999862119e+00,9.332204120215348286e-02,6.633273000585901135e-06,2.004290991803535871e+00,2.980530890763600366e-02,2.013381388961670848e-01,2.223334641591611094e-01,5.640161257322177102e-01,9.332204217816147951e-02,2.281499999999823114e-01
2.264999999999861569e+00,9.433367771366800436e-02,7.130871781804051752e-06,1.998162745235791071e+00,3.113484341172201991e-02,2.029879811305764226e-01,2.164231944628119964e-01,5.666355082303720092e-01,9.433367881117253606e-02,2.296499999999822850e-01
2.269999999999861018e+00,9.535352710689343203e-02,7.655394827897884976e-06,1.991894495516388863e+00,3.249855218269281226e-02,2.046257471003207484e-01,2.104632627182353444e-01,5.692819222360491205e-01,9.535352833834602471e-02,2.311499999999822585e-01
2.274999999999860467e+00,9.638152921767158265e-02,8.207784034729910210e-06,1.985490332871161945e+00,3.389674644705317069e-02,2.062515087529828983e-01,2.044539631685397818e-01,5.719558057016903563e-01,9.638153059654096244e-02,2.326499999999822321e-01
2.279999999999859916e+00,9.741762423817765248e-02,8.788997320065905581e-06,1.978954261131431913e+00,3.532973797278114725e-02,2.078653369341459944e-01,1.983955879359255992e-01,5.746575943138015896e-01,9.741762577901284803e-02,2.341499999999822057e-01
2.284999999999859366e+00,9.846175271158867648e-02,9.400008648676445411e-06,1.972290199647788178e+00,3.679783907528847570e-02,2.094673014477771988e-01,1.922884268490591131e-01,5.773877213233823413e-01,9.846175443008500783e-02,2.356499999999821793e-01
2.289999999999858815e+00,9.951385552704665460e-02,1.004180805201525096e-05,1.965501985151342002e+00,3.830136262277325510e-02,2.110574711142070847e-01,1.861327672564209446e-01,5.801466173619231892e-01,9.951385744011446988e-02,2.371499999999821529e-01
2.294999999999858264e+00,1.005738739149036054e-01,1.071540164284334132e-05,1.958593373563783935e+00,3.984062204103058086e-02,2.126359138254879377e-01,1.799288938509901736e-01,5.829347102684754311e-01,1.005738760407399873e-01,2.386499999999821264e-01
2.299999999999857714e+00,1.016417494422358209e-01,1.142181162524884704e-05,1.951568041757667960e+00,4.141593131776393627e-02,2.142026965982361808e-01,1.736770884828002792e-01,5.857524249044180342e-01,1.016417518003992632e-01,2.401499999999821000e-01
2.304999999999857163e+00,1.027174240086140972e-01,1.216207630055114993e-05,1.944429589268388936e+00,4.302760500642800051e-02,2.157578856237598597e-01,1.673776299680071467e-01,5.886001829646307915e-01,1.027174266201023450e-01,2.416499999999820736e-01
2.309999999999856612e+00,1.038008398421162021e-01,1.293725006958461772e-05,1.937181539959604626e+00,4.467595822962953933e-02,2.173015463153832039e-01,1.610307938964693208e-01,5.914784027870657601e-01,1.038008427294471459e-01,2.431499999999820472e-01
2.314999999999856062e+00,1.048919394955672296e-01,1.374840343184044960e-05,1.929827343643431004e+00,4.636130668210876327e-02,2.188337433529035647e-01,1.546368524562110880e-01,5.943874991791182616e-01,1.048919426828631013e-01,2.446499999999820207e-01
2.319999999999855511e+00,1.059906658429941584e-01,1.459662298191296469e-05,1.922370377657316443e+00,4.808396663332503013e-02,2.203545407243532039e-01,1.481960742503521111e-01,5.973278832363516644e-01,1.059906693560690172e-01,2.461499999999819943e-01
2.324999999999854960e+00,1.070969620762806107e-01,1.548301140365308082e-05,1.914813948398972565e+00,4.984425492967194116e-02,2.218640017649241014e-01,1.417087241450906143e-01,6.002999621921741857e-01,1.070969659427311871e-01,2.476499999999819679e-01
2.329999999999854410e+00,1.082107717020086429e-01,1.640868746238376835e-05,1.907161292821055953e+00,5.164248899634540924e-02,2.233621891934109427e-01,1.351750631176434625e-01,6.033041392673615944e-01,1.082107759513087908e-01,2.491499999999819415e-01
2.334999999999853859e+00,1.093320385384753124e-01,1.737478599548114371e-05,1.899415579886998495e+00,5.347898683889138610e-02,2.248491651461274332e-01,1.285953481284105027e-01,6.063408135436827440e-01,1.093320432020738892e-01,2.506499999999819983e-01
2.339999999999853308e+00,1.104607067128718090e-01,1.838245790157610717e-05,1.891579911989489826e+00,5.535406704445906823e-02,2.263249912085675830e-01,1.219698320013719584e-01,6.094103798456336207e-01,1.104607118242942054e-01,2.521499999999821107e-01
2.344999999999852758e+00,1.115967206586142846e-01,1.943287012858397497e-05,1.883657326332835114e+00,5.726804878278589361e-02,2.277897284448752724e-01,1.152987633235591225e-01,6.125132286411277827e-01,1.115967262535677573e-01,2.536499999999822230e-01
2.349999999999852207e+00,1.127400251128160974e-01,2.052720566072758557e-05,1.875650796280676325e+00,5.922125180693954549e-02,2.292434374253315976e-01,1.085823863490252283e-01,6.156497459465597455e-01,1.127400312292988621e-01,2.551499999999823354e-01
2.354999999999851656e+00,1.138905651138914510e-01,2.166666350468111462e-05,1.867563232670057083e+00,6.121399645384248411e-02,2.306861782518810078e-01,1.018209409272812227e-01,6.188203132562147823e-01,1.138905717923056476e-01,2.566499999999824477e-01
2.359999999999851106e+00,1.150482859992816020e-01,2.285245867492925948e-05,1.859397485093178259e+00,6.324660364460284179e-02,2.321180105819780071e-01,9.501466242720835176e-02,6.220253074670443194e-01,1.150482932825502846e-01,2.581499999999825601e-01
2.364999999999850555e+00,1.162131334032948243e-01,2.408582217840889207e-05,1.851156343147905892e+00,6.531939488467310151e-02,2.335389936506656605e-01,8.816378168307320573e-02,6.252651008254341836e-01,1.162131413369830030e-01,2.596499999999826724e-01
2.369999999999850004e+00,1.173850532550523157e-01,2.536800099847874351e-05,1.842842537658004431e+00,6.743269226385942283e-02,2.349491862911425033e-01,8.126852494595754317e-02,6.285400608792885979e-01,1.173850618874921758e-01,2.611499999999827848e-01
2.374999999999849454e+00,1.185639917765323181e-01,2.670025807824380547e-05,1.834458741864312792e+00,6.958681845619853201e-02,2.363486469538611801e-01,7.432911383919471593e-02,6.318505504340230505e-01,1.185640011589526588e-01,2.626499999999828971e-01
2.379999999999848903e+00,1.197498954807054011e-01,2.808387230324854293e-05,1.826007572587543537e+00,7.178209671972228534e-02,2.377374337241882074e-01,6.734576533438757506e-02,6.351969275290594297e-01,1.197499056673654305e-01,2.641499999999830095e-01
2.384999999999848352e+00,1.209427111697543022e-01,2.952013848354294008e-05,1.817491591363963099e+00,7.401885089612464386e-02,2.391156043388683317e-01,6.031869171715187328e-02,6.385795454039605579e-01,1.209427222180819023e-01,2.656499999999831219e-01
2.389999999999847802e+00,1.221423859333721218e-01,3.101036733511795379e-05,1.808913305554508355e+00,7.629740541034585322e-02,2.404832162011436569e-01,5.324810058111828504e-02,6.419987524927642797e-01,1.221423979041064978e-01,2.671499999999832342e-01
2.394999999999847251e+00,1.233488671471328069e-01,3.255588546070358841e-05,1.800275169428507072e+00,7.861808527008616598e-02,2.418403263948741000e-01,4.613419480734121114e-02,6.454548924036551671e-01,1.233488801044719113e-01,2.686499999999833466e-01
2.399999999999846700e+00,1.245621024709287483e-01,3.415803532992002040e-05,1.791579585222532023e+00,8.098121606526127725e-02,2.431869916974584434e-01,3.897717257082183862e-02,6.489483039256940256e-01,1.245621164826812982e-01,2.701499999999834589e-01
2.404999999999846150e+00,1.257820398474701895e-01,3.581817525877246884e-05,1.782828904175345786e+00,8.338712396740917410e-02,2.445232685918921067e-01,3.177722733470739191e-02,6.524793210231811802e-01,1.257820549852125824e-01,2.716499999999835713e-01
2.409999999999845599e+00,1.270086275008417975e-01,3.753767938847959339e-05,1.774025427539595690e+00,8.583613572905708644e-02,2.458492132777931882e-01,2.453454786211828331e-02,6.560482728475970360e-01,1.270086438400798712e-01,2.731499999999836836e-01
2.414999999999845048e+00,1.282418139351117758e-01,3.931793766362857556e-05,1.765171407571044515e+00,8.832857868305664384e-02,2.471648816816154060e-01,1.724931822724617980e-02,6.596554837487820233e-01,1.282418315554475219e-01,2.746499999999837960e-01
2.419999999999844498e+00,1.294815479329894936e-01,4.116035580965039163e-05,1.756269048495842311e+00,9.086478074189344167e-02,2.484703294660317308e-01,9.921717836133769897e-03,6.633012732957634938e-01,1.294815669182930173e-01,2.761499999999839083e-01
2.424999999999843947e+00,1.307277785545279125e-01,4.306635530961201123e-05,1.747320507456763261e+00,9.344507039697640127e-02,2.497656120386081147e-01,2.551921441462490225e-03,6.669859562915649853e-01,1.307277989931142359e-01,2.776499999999840207e-01
2.429999999999843396e+00,1.319804551358666478e-01,4.503737338032419988e-05,1.738327895438710913e+00,9.606977671791279427e-02,2.510507845596868792e-01,-4.859900822186069558e-03,6.707098428084601327e-01,1.319804771206782579e-01,2.791499999999841330e-01
2.434999999999842846e+00,1.332395272880129711e-01,4.707486294776712138e-05,1.729293278174366399e+00,9.873922935177269211e-02,2.523259019497405276e-01,-1.231358341894250863e-02,6.744732382073383992e-01,1.332395509168074199e-01,2.806499999999842454e-01
2.439999999999842295e+00,1.345049448956573135e-01,4.918029262183614531e-05,1.720218677030344478e+00,1.014537585223458382e-01,2.535910188959911160e-01,-1.980896537123888468e-02,6.782764431780683445e-01,1.345049702712004247e-01,2.821499999999843578e-01
2.444999999999841744e+00,1.357766581160200769e-01,5.135514667041419563e-05,1.711106069874549940e+00,1.042136950293949399e-01,2.548461898585653862e-01,-2.734589022992800489e-02,6.821197537693253210e-01,1.357766853462848144e-01,2.836499999999844701e-01
2.449999999999841194e+00,1.370546173777278109e-01,5.360092499277838558e-05,1.701957391925138507e+00,1.070193702479074888e-01,2.560914690760524026e-01,-3.492420603175905303e-02,6.860034614310399625e-01,1.370546465760985322e-01,2.851499999999845825e-01
2.454999999999840643e+00,1.383387733797153130e-01,5.591914309234944990e-05,1.692774536581675981e+00,1.098711161273482478e-01,2.573269105706271209e-01,-4.254376526238912160e-02,6.899278530513057728e-01,1.383388046651981562e-01,2.866499999999846948e-01
2.459999999999840092e+00,1.396290770901519596e-01,5.831133204879498575e-05,1.683559356238966576e+00,1.127692651909149302e-01,2.585525681526734676e-01,-5.020442481119635758e-02,6.938932110014744969e-01,1.396291105875910044e-01,2.881499999999848072e-01
2.464999999999839542e+00,1.409254797453897423e-01,6.077903848949739180e-05,1.674313663083874637e+00,1.157141505347964588e-01,2.597684954250152889e-01,-5.790604592516346294e-02,6.978998131821756434e-01,1.409255155856891095e-01,2.896499999999849195e-01
2.469999999999838991e+00,1.422279328489315098e-01,6.332382456039968544e-05,1.665039229875903803e+00,1.187061058274396647e-01,2.609747457867727105e-01,-6.564849416914636526e-02,7.019479330629350144e-01,1.422279711692836512e-01,2.911499999999850319e-01
2.474999999999838440e+00,1.435363881704167510e-01,6.594726789624103598e-05,1.655737790711521606e+00,1.217454653088184402e-01,2.621713724367667475e-01,-7.343163936526508895e-02,7.060378397426793073e-01,1.435364291145367621e-01,2.926499999999851442e-01
2.479999999999837890e+00,1.448507977446238382e-01,6.865096159019635949e-05,1.646411041773081729e+00,1.248325637897135382e-01,2.633584283767477774e-01,-8.125535555808438559e-02,7.101697979844326936e-01,1.448508414629903485e-01,2.941499999999852566e-01
2.484999999999837339e+00,1.461711138704867019e-01,7.143651416293264665e-05,1.637060642062420079e+00,1.279677366509992809e-01,2.645359664141216371e-01,-8.911952095088759851e-02,7.143440682789267138e-01,1.461711605205890385e-01,2.956499999999853689e-01
2.489999999999836788e+00,1.474972891101250239e-01,7.430554953109638273e-05,1.627688214119669130e+00,1.311513198429387350e-01,2.657040391645539290e-01,-9.702401786160952391e-02,7.185609068885439044e-01,1.474973388567168420e-01,2.971499999999854813e-01
2.494999999999836238e+00,1.488292762878857256e-01,7.725970697524566617e-05,1.618295344727604501e+00,1.343836498844875327e-01,2.668626990542069533e-01,-1.049687326667731457e-01,7.228205659032524988e-01,1.488293293032454112e-01,2.986499999999855937e-01
2.499999999999835687e+00,1.501670284893954210e-01,8.030064110724000938e-05,1.608883585601905031e+00,1.376650638626084333e-01,2.680119983217714164e-01,-1.129535557487500452e-01,7.271232932932196746e-01,1.501670849535931274e-01,3.001499999999857060e-01
2.504999999999835136e+00,1.515104989899817012e-01,8.343003773564576368e-05,1.599454461294477214e+00,1.409946042698019264e-01,2.691519545142290193e-01,-1.185656459802589269e-01,7.290565975037577306e-01,1.515105590911936806e-01,3.016499999999858184e-01
2.509999999999834586e+00,1.528596410827731122e-01,8.664962304418498667e-05,1.590009487310414027e+00,1.443668791603005819e-01,2.702825880170353634e-01,-1.241986613856148058e-01,7.310146257052008156e-01,1.528597050176391525e-01,3.031499999999859307e-01
2.514999999999834035e+00,1.542144083818794975e-01,8.996103718793807384e-05,1.580550139616530680e+00,1.477775900655502184e-01,2.714039755925378161e-01,-1.298452306921690780e-01,7.329926829734787486e-01,1.542144763555538256e-01,3.046499999999860431e-01
2.519999999999833484e+00,1.555747548991774643e-01,9.336582130112954761e-05,1.571077847088536039e+00,1.512241105007968711e-01,2.725161992857485505e-01,-1.355015883945326349e-01,7.349871538129923998e-01,1.555748271253250825e-01,3.061499999999861554e-01
2.524999999999832934e+00,1.569406350340460388e-01,9.686543961436658572e-05,1.561593992966027411e+00,1.547048370904349490e-01,2.736193339751696318e-01,-1.411658483295984423e-01,7.369954021885778417e-01,1.569407117348746439e-01,3.076499999999862678e-01
2.529999999999832383e+00,1.583120035277139070e-01,1.004613010928898505e-04,1.552099920214206508e+00,1.582187934447785715e-01,2.747134439637959891e-01,-1.468370420550581534e-01,7.390156199565822703e-01,1.583120849340474978e-01,3.091499999999863801e-01
2.534999999999831832e+00,1.596888154133335180e-01,1.041547771278362772e-04,1.542596937374936861e+00,1.617653881557806483e-01,2.757985838814271395e-01,-1.525145769661744866e-01,7.410466898106047307e-01,1.596889017647235842e-01,3.106499999999864925e-01
2.539999999999831282e+00,1.610710259765839314e-01,1.079472147634175414e-04,1.533086323282266239e+00,1.653442668232237012e-01,2.768748016251871280e-01,-1.581979834529750883e-01,7.430880238178990682e-01,1.610711175214507851e-01,3.121499999999866048e-01
2.544999999999830731e+00,1.624585907316185573e-01,1.118399460456545325e-04,1.523569330112370723e+00,1.689552214817173492e-01,2.779421415343640844e-01,-1.638868190373578004e-01,7.451394063229289655e-01,1.624586877274161456e-01,3.136499999999867172e-01
2.549999999999830180e+00,1.638514654110174718e-01,1.158342943597145437e-04,1.514047184911005539e+00,1.725981350890123667e-01,2.790006469543758194e-01,-1.695806527251389473e-01,7.472008550526116899e-01,1.638515681244152034e-01,3.151499999999868296e-01
2.554999999999829630e+00,1.652496059657684035e-01,1.199315785743605819e-04,1.504521090029405039e+00,1.762729474453180734e-01,2.800503618779692228e-01,-1.752790791901057132e-01,7.492725124475581033e-01,1.652497146728453270e-01,3.166499999999869419e-01
2.559999999999829079e+00,1.666529685708431352e-01,1.241331156572356728e-04,1.494992222949568905e+00,1.799796342231229085e-01,2.810913317207752171e-01,-1.809817367784682385e-01,7.513545698413823803e-01,1.666530835572913871e-01,3.181499999999870543e-01
2.564999999999828528e+00,1.680615096327071067e-01,1.284402222592212104e-04,1.485461735895552859e+00,1.837181940254998813e-01,2.821236034511708790e-01,-1.866883180465184200e-01,7.534472215078344970e-01,1.680616311940418828e-01,3.196499999999871666e-01
2.569999999999827978e+00,1.694751857963156250e-01,1.328542156246225803e-04,1.475930755495473923e+00,1.874886403668800661e-01,2.831472253339959999e-01,-1.923985706797296524e-01,7.555506420207084295e-01,1.694753142380901467e-01,3.211499999999872790e-01
2.574999999999827427e+00,1.708939539503360749e-01,1.373764140743706107e-04,1.466400382629522214e+00,1.912909966765294900e-01,2.841622465106454221e-01,-1.981122909037105195e-01,7.576649795000310883e-01,1.708940895883604982e-01,3.226499999999873913e-01
2.579999999999826876e+00,1.723177712302466635e-01,1.420081372291000720e-04,1.456871692501350291e+00,1.951252931617352138e-01,2.851687165715020567e-01,-2.038293129319460051e-01,7.597903579519023065e-01,1.723179143908101785e-01,3.241499999999875037e-01
2.584999999999826326e+00,1.737465950195339615e-01,1.467507060820365781e-04,1.447345734907134807e+00,1.989915648180071162e-01,2.861666852072619616e-01,-2.095494975777996149e-01,7.619268835890575797e-01,1.737467460396295571e-01,3.256499999999876160e-01
2.589999999999825775e+00,1.751803829494796294e-01,1.516054429922018094e-04,1.437823534649186996e+00,2.028898501490261908e-01,2.871562019712228242e-01,-2.152727222853342837e-01,7.640746516629368656e-01,1.751805421770316895e-01,3.271499999999877284e-01
2.594999999999825224e+00,1.766190928980756469e-01,1.565736716416171802e-04,1.428306092034759223e+00,2.068201903276640496e-01,2.881373161471454392e-01,-2.209988735600457721e-01,7.662337520823331305e-01,1.766192606921698494e-01,3.286499999999878407e-01
2.599999999999824674e+00,1.780626829885263440e-01,1.616567169822398400e-04,1.418794383410477478e+00,2.107826286327074694e-01,2.891100766996863580e-01,-2.267278420707070641e-01,7.684042730915469077e-01,1.780628597196419471e-01,3.301499999999879531e-01
2.604999999999824123e+00,1.795111115876618091e-01,1.668559051865866976e-04,1.409289361697061205e+00,2.147772100592890421e-01,2.900745322779567092e-01,-2.324595200041777998e-01,7.705863031463994206e-01,1.795112976379065195e-01,3.316499999999880655e-01
2.609999999999823572e+00,1.809643373044509673e-01,1.721725636084817210e-04,1.399791956904393730e+00,2.188039810399458329e-01,2.910307312463777940e-01,-2.381938000968523150e-01,7.727799313925535207e-01,1.809645330677981390e-01,3.331499999999881778e-01
2.614999999999823022e+00,1.824223189886921281e-01,1.776080207557489510e-04,1.390303076618382594e+00,2.228629892371595811e-01,2.919787217233280607e-01,-2.439305756721481533e-01,7.749852473109897222e-01,1.824225248712206260e-01,3.346499999999882902e-01
2.619999999999822471e+00,1.838850157298851373e-01,1.831636062740304852e-04,1.380823606459521180e+00,2.269542833829811534e-01,2.929185516160163760e-01,-2.496697411924821419e-01,7.772023399569942814e-01,1.838852321500217546e-01,3.361499999999884025e-01
2.624999999999821920e+00,1.853523868562495514e-01,1.888406509395618973e-04,1.371354410517323208e+00,2.310779131504390183e-01,2.938502686458827062e-01,-2.554111929251713375e-01,7.794312971529838707e-01,1.853526142450140912e-01,3.376499999999885149e-01
2.629999999999821370e+00,1.868243919338386516e-01,1.946404866582259992e-04,1.361896331766243140e+00,2.352339290470586430e-01,2.947739203636731142e-01,-2.611548295118188423e-01,7.816722048207165319e-01,1.868246307350915625e-01,3.391499999999886272e-01
2.634999999999820819e+00,1.883009907657026694e-01,2.005644464682064532e-04,1.352450192468198864e+00,2.394223823243137872e-01,2.956895541558293705e-01,-2.669005523501564170e-01,7.839251465284495790e-01,1.883012414363954834e-01,3.406499999999887396e-01
2.639999999999820268e+00,1.897821433910660271e-01,2.066138645438465014e-04,1.343016794565815131e+00,2.436433248990005074e-01,2.965972172448581023e-01,-2.726482657895301642e-01,7.861902032422507514e-01,1.897824064014944634e-01,3.421499999999888519e-01
2.644999999999819718e+00,1.912678100844956708e-01,2.127900761987378583e-04,1.333596920069007652e+00,2.478968092838786108e-01,2.974969566862364356e-01,-2.783978771629405102e-01,7.884674532525313140e-01,1.912680859185555693e-01,3.436499999999889643e-01
2.649999999999819167e+00,1.927579513550504442e-01,2.190944178865238871e-04,1.324191331436067820e+00,2.521828885257876851e-01,2.983888193640503173e-01,-2.841492967127360325e-01,7.907569722149233593e-01,1.927582405104964203e-01,3.451499999999890766e-01
2.654999999999818616e+00,1.942525279454090370e-01,2.255282271983453013e-04,1.314800771949779401e+00,2.565016161499755754e-01,2.992728519867935422e-01,-2.899024374706804519e-01,7.930588332423753606e-01,1.942528309341157444e-01,3.466499999999891890e-01
2.659999999999818066e+00,1.957515008309791971e-01,2.320928428562490822e-04,1.305425966088247902e+00,2.608530461097339770e-01,3.001491010839498208e-01,-2.956572151132538240e-01,7.953731070260704472e-01,1.957518181792055056e-01,3.481499999999893014e-01
2.664999999999817515e+00,1.972548312189932596e-01,2.387896047022112578e-04,1.296067619890139078e+00,2.652372327406526953e-01,3.010176130037070519e-01,-3.014135478359459830e-01,7.976998619404006563e-01,1.972551634676492083e-01,3.496499999999894137e-01
2.669999999999816964e+00,1.987624805475950718e-01,2.456198536826897862e-04,1.286726421313871382e+00,2.696542307189638832e-01,3.018784339115791471e-01,-3.071713562419975396e-01,8.000391641358639561e-01,1.987628282525114309e-01,3.511499999999895261e-01
2.674999999999816414e+00,2.002744104849222551e-01,2.525849318288243134e-04,1.277403040590554761e+00,2.741040950235412721e-01,3.027316097897716496e-01,-3.129305632572145779e-01,8.023910776078240215e-01,2.002747742171229195e-01,3.526499999999896384e-01
2.679999999999815863e+00,2.017905829281864960e-01,2.596861822325470526e-04,1.268098130570274984e+00,2.785868809011989855e-01,3.035771864369771755e-01,-3.186910940581225704e-01,8.047556642535199645e-01,2.017909632741634873e-01,3.541499999999897508e-01
2.684999999999815312e+00,2.033109600027536989e-01,2.669249490189694557e-04,1.258812327061935576e+00,2.831026438349828478e-01,3.044152094684478560e-01,-3.244528760283165170e-01,8.071329839022405306e-01,2.033113575647449989e-01,3.556499999999898631e-01
2.689999999999814762e+00,2.048355040612243883e-01,2.743025773154668932e-04,1.249546249166643364e+00,2.876514395151895664e-01,3.052457243160019984e-01,-3.302158387082757551e-01,8.095230943532157886e-01,2.048359194574943531e-01,3.571499999999899755e-01
2.694999999999814211e+00,2.063641776825140828e-01,2.818204132179122075e-04,1.240300499604588103e+00,2.922333238128796973e-01,3.060687762280684954e-01,-3.359799137552234027e-01,8.119260514045033572e-01,2.063646115476367171e-01,3.586499999999900878e-01
2.699999999999813660e+00,2.078969436709338647e-01,2.894798037545161067e-04,1.231075665035934241e+00,2.968483527556778356e-01,3.068844102696549614e-01,-3.417450349143498212e-01,8.143419088714307641e-01,2.078973966560786479e-01,3.601499999999902002e-01
2.704999999999813109e+00,2.094337650552700325e-01,2.972820968477116036e-04,1.221872316375558043e+00,3.014965825056707960e-01,3.076926713221117549e-01,-3.475111379680012047e-01,8.167707186279080656e-01,2.094342378284904105e-01,3.616499999999903125e-01
2.709999999999812559e+00,2.109746050878629764e-01,3.052286412744980204e-04,1.212691009101894757e+00,3.061780693392357477e-01,3.084936040829903692e-01,-3.532781607052496442e-01,8.192125306280971797e-01,2.109750983343876285e-01,3.631499999999904249e-01
2.714999999999812008e+00,2.125194272436847776e-01,3.133207866256193671e-04,1.203532283560248661e+00,3.108928696286475946e-01,3.092872530657448937e-01,-3.590460428824142070e-01,8.216673929378206509e-01,2.125199416662113816e-01,3.646499999999905373e-01
2.719999999999811457e+00,2.140681952194152804e-01,3.215598832639103783e-04,1.194396665260297530e+00,3.156410398253223781e-01,3.100736625994118256e-01,-3.648147261717579193e-01,8.241353517783903682e-01,2.140687315384071088e-01,3.661499999999906496e-01
2.724999999999810907e+00,2.156208729325169993e-01,3.299472822821028885e-04,1.185284665168265361e+00,3.204226364445721953e-01,3.108528768284262167e-01,-3.705841541338411593e-01,8.266164515473667374e-01,2.156214318865020685e-01,3.676499999999907620e-01
2.729999999999810356e+00,2.171774245203085818e-01,3.384843354603372500e-04,1.176196779993607722e+00,3.252377160517516130e-01,3.116249397122878850e-01,-3.763542721675386948e-01,8.291107348621619133e-01,2.171780068661816054e-01,3.691499999999908743e-01
2.734999999999809805e+00,2.187378143390372454e-01,3.471723952235848459e-04,1.167133492470580292e+00,3.300863352496916647e-01,3.123898950253714557e-01,-3.821250274779550149e-01,8.316182425862179706e-01,2.187384208523640017e-01,3.706499999999909867e-01
2.739999999999809255e+00,2.203020069629497701e-01,3.560128145991457932e-04,1.158095271634383527e+00,3.349685506673185653e-01,3.131477863566644593e-01,-3.878963690275288867e-01,8.341390138724403824e-01,2.203026384382742453e-01,3.721499999999910990e-01
2.744999999999808704e+00,2.218699671833627429e-01,3.650069471743561133e-04,1.149082573092534920e+00,3.398844189493662182e-01,3.138986571096590850e-01,-3.936682475132320391e-01,8.366730861809523745e-01,2.218706244345169665e-01,3.736499999999912114e-01
2.749999999999808153e+00,2.234416600077318571e-01,3.741561470546017317e-04,1.140095839290890201e+00,3.448339967470980816e-01,3.146425505020716828e-01,-3.994406153098875589e-01,8.392204953310977711e-01,2.234423438681483465e-01,3.751499999999913237e-01
2.754999999999807603e+00,2.250170506587204633e-01,3.834617688217172612e-04,1.131135499775014042e+00,3.498173407099579024e-01,3.153795095658377123e-01,-4.052134264562559096e-01,8.417812755110394285e-01,2.250177619817472496e-01,3.766499999999914361e-01
2.759999999999807052e+00,2.265961045732673984e-01,3.929251674928198215e-04,1.122201971446604496e+00,3.548345074780771546e-01,3.161095771468402371e-01,-4.109866366030624496e-01,8.443554593257364127e-01,2.265968442324858556e-01,3.781499999999915484e-01
2.764999999999806501e+00,2.281787874016541207e-01,4.025476984796142149e-04,1.113295658815234956e+00,3.598855536755689588e-01,3.168327959048717890e-01,-4.167602029876558145e-01,8.469430778186091135e-01,2.281795562911992370e-01,3.796499999999916608e-01
2.769999999999805951e+00,2.297650650065713174e-01,4.123307175481905474e-04,1.104416954245414084e+00,3.649705359045450903e-01,3.175492083134962562e-01,-4.225340843966176596e-01,8.495441605055285006e-01,2.297658640414548537e-01,3.811499999999917732e-01
2.774999999999805400e+00,2.313549034621850686e-01,4.222755807793248653e-04,1.095566238199150000e+00,3.700895107397982331e-01,3.182588566599754420e-01,-4.283082411354423025e-01,8.521587354020146998e-01,2.313557335786211588e-01,3.826499999999918855e-01
2.779999999999804849e+00,2.329482690532025946e-01,4.323836445292845955e-04,1.086743879473885510e+00,3.752425347240892495e-01,3.189617830451766944e-01,-4.340826349925889227e-01,8.547868290563175320e-01,2.329491312089361221e-01,3.841499999999919979e-01
2.784999999999804299e+00,2.345451282739376420e-01,4.426562653911370027e-04,1.077950235436284654e+00,3.804296643639919484e-01,3.196580293835442066e-01,-4.398572292171030185e-01,8.574284665691531693e-01,2.345460234485752249e-01,3.856499999999921102e-01
2.789999999999803748e+00,2.361454478273755930e-01,4.530948001565517709e-04,1.069185652251503305e+00,3.856509561262447816e-01,3.203476374029670115e-01,-4.456319884730317593e-01,8.600836716368793766e-01,2.361463770227191505e-01,3.871499999999922226e-01
2.794999999999803197e+00,2.377491946242381582e-01,4.637006057780912048e-04,1.060450465108308649e+00,3.909064664345678342e-01,3.210306486448503138e-01,-4.514068788220744755e-01,8.627524665666330694e-01,2.377501588646213637e-01,3.886499999999923349e-01
2.799999999999802647e+00,2.393563357820484849e-01,4.744750393319768843e-04,1.051744998440031997e+00,3.961962516668921519e-01,3.217071044640351096e-01,-4.571818676880833321e-01,8.654348723098220786e-01,2.393573361146754952e-01,3.901499999999924473e-01
2.804999999999802096e+00,2.409668386241956284e-01,4.854194579813229048e-04,1.043069566141425764e+00,4.015203681529786461e-01,3.223770460288076789e-01,-4.629569238293443911e-01,8.681309084880043381e-01,2.409678761194828656e-01,3.916499999999925596e-01
2.809999999999801545e+00,2.425806706789994383e-01,4.965352189398263266e-04,1.034424471781629551e+00,4.068788721723773927e-01,3.230405143209054697e-01,-4.687320173109544852e-01,8.708405934188522268e-01,2.425817464309197313e-01,3.931499999999926720e-01
2.814999999999800995e+00,2.441977996787752792e-01,5.078236794359056692e-04,1.025810008812965357e+00,4.122718199526981819e-01,3.236975501355273122e-01,-4.745071194702640272e-01,8.735639441491963586e-01,2.441989148052046699e-01,3.946499999999927843e-01
2.819999999999800444e+00,2.458181935588990286e-01,5.192861966772824127e-04,1.017226460776170738e+00,4.176992676681629546e-01,3.243481940814415543e-01,-4.802822029039566232e-01,8.763009764665856682e-01,2.458193492019665749e-01,3.961499999999928967e-01
2.824999999999799893e+00,2.474418204568725188e-01,5.309241278159954188e-04,1.008674101501571885e+00,4.231612714384077045e-01,3.249924865809242225e-01,-4.860572414228882532e-01,8.790517049432144958e-01,2.474430177833120970e-01,3.976499999999930091e-01
2.829999999999799343e+00,2.490686487113887571e-01,5.427388299138468123e-04,1.000153195306765941e+00,4.286578873275099233e-01,3.256304678699457611e-01,-4.918322100431364308e-01,8.818161429437727517e-01,2.490698889128943050e-01,3.991499999999931214e-01
2.834999999999798792e+00,2.506986468613980334e-01,5.547316599082730308e-04,9.916639971905163442e-01,4.341891713432161626e-01,3.262621779981495496e-01,-4.976070849454310441e-01,8.845943026650289198e-01,2.506999311549807929e-01,4.006499999999932338e-01
2.839999999999798241e+00,2.523317836451743346e-01,5.669039745786394729e-04,9.832067530230228503e-01,4.397551794363475652e-01,3.268876568290339790e-01,-5.033818434589938384e-01,8.873861951510986223e-01,2.523331132735230353e-01,4.021499999999933461e-01
2.844999999999797691e+00,2.539680279993821177e-01,5.792571305129567928e-04,9.747816997328463406e-01,4.453559675003637697e-01,3.275069440400312226e-01,-5.091564640384038665e-01,8.901918303158011803e-01,2.539694042312257705e-01,4.036499999999934585e-01
2.849999999999797140e+00,2.556073490581438068e-01,5.917924840750159133e-04,9.663890654902121957e-01,4.509915913710631497e-01,3.281200791225782898e-01,-5.149309262291286160e-01,8.930112169764257146e-01,2.556087731886170777e-01,4.051499999999935708e-01
2.854999999999796589e+00,2.572497161521080100e-01,6.045113913719424087e-04,9.580290698869968757e-01,4.566621068264082317e-01,3.287271013823327426e-01,-5.207052106542358061e-01,8.958443628664076730e-01,2.572511895031193707e-01,4.066499999999936832e-01
2.859999999999796039e+00,2.588950988075183757e-01,6.174152082221686299e-04,9.497019241133971557e-01,4.623675695864528645e-01,3.293280499392657878e-01,-5.264792989856708072e-01,8.986912746635078442e-01,2.588966227281206400e-01,4.081499999999937955e-01
2.864999999999795488e+00,2.605434667452827813e-01,6.305052901238244415e-04,9.414078311312987779e-01,4.681080353133655336e-01,3.299229637278381366e-01,-5.322531739211611157e-01,9.015519580124369270e-01,2.605450426120468066e-01,4.096499999999939079e-01
2.869999999999794937e+00,2.621947898800443544e-01,6.437829922235460255e-04,9.331469858443794951e-01,4.738835596115297810e-01,3.305118814971904628e-01,-5.380268191633970076e-01,9.044264175452649823e-01,2.621964190974346853e-01,4.111499999999940202e-01
2.874999999999794387e+00,2.638490362091732711e-01,6.572496442069779591e-04,9.249197916280473830e-01,4.796933974881356089e-01,3.310927315968761331e-01,-5.438114264409343868e-01,9.073258639396779568e-01,2.638507202097917781e-01,4.126499999999941326e-01
2.879999999999793836e+00,2.655060853010321464e-01,6.709051821858219447e-04,9.167357225067110926e-01,4.855161808242177135e-01,3.316433442807713572e-01,-5.496522027199958194e-01,9.102772201927783469e-01,2.655078255374627161e-01,4.141499999999942450e-01
2.884999999999793285e+00,2.671659023707464997e-01,6.847501883441865214e-04,9.085954732236254383e-01,4.913819754605172063e-01,3.321988106858884127e-01,-5.550803662878071032e-01,9.134433100199536026e-01,2.671677003181383570e-01,4.156499999999943573e-01
2.889999999999792735e+00,2.688285097354937703e-01,6.987873846215382620e-04,9.004938449876193074e-01,4.973055428427650138e-01,3.327586149984730901e-01,-5.603280297367057017e-01,9.167557702107809181e-01,2.688303669079360469e-01,4.171499999999944697e-01
2.894999999999792184e+00,2.704939262455354765e-01,7.130195637302927641e-04,8.924259329916218730e-01,5.032929925188101006e-01,3.333220343719839329e-01,-5.657613313525489129e-01,9.198575012177001575e-01,2.704958441974421035e-01,4.186499999999945820e-01
2.899999999999791633e+00,2.721621570844449667e-01,7.274484734163440009e-04,8.843882807310973204e-01,5.093804465778277724e-01,3.338848810540709922e-01,-5.712177317629333340e-01,9.225933847646906605e-01,2.721641374024430515e-01,4.201499999999946944e-01
2.904999999999791083e+00,2.738331884593213084e-01,7.420756548505514152e-04,8.763794883071623909e-01,5.156382255131016779e-01,3.344436059775947045e-01,-5.766520911646724201e-01,9.249931395202737328e-01,2.738352327612509352e-01,4.216499999999948067e-01
2.909999999999790532e+00,2.755069919447012405e-01,7.569043289986408058e-04,8.683997409081432028e-01,5.221226155299469873e-01,3.349956644433877417e-01,-5.820145523788518016e-01,9.271724299791557211e-01,2.755091018954580195e-01,4.231499999999949191e-01
2.914999999999789981e+00,2.771835303489018631e-01,7.719392745958477114e-04,8.604501676511101538e-01,5.288801904957955990e-01,3.355398121405942513e-01,-5.872600042040345691e-01,9.292207448030833650e-01,2.771857076757471283e-01,4.246499999999950314e-01
2.919999999999789431e+00,2.788627632250498811e-01,7.871867857769940854e-04,8.525322464040426818e-01,5.359500835307535738e-01,3.360757881902324273e-01,-5.923614041488027837e-01,9.311992701156548424e-01,2.788650097330710453e-01,4.261499999999951438e-01
2.924999999999788880e+00,2.805446507028259151e-01,8.026545603329363846e-04,8.446473915190733095e-01,5.433655990449782758e-01,3.366039581273828074e-01,-5.973125149404991951e-01,9.331409511186972150e-01,2.805469682899645045e-01,4.276499999999952562e-01
2.929999999999788329e+00,2.822291555738629110e-01,8.183515600272872788e-04,8.367967310155175475e-01,5.511554028699766627e-01,3.371249674998204604e-01,-6.021222791858624745e-01,9.350580424796730572e-01,2.822315462452937851e-01,4.291499999999953685e-01
2.934999999999787779e+00,2.839162439491343948e-01,8.342878657450244605e-04,8.289810383878611910e-01,5.593444172223358546e-01,3.376394955714047130e-01,-6.068081790209161053e-01,9.369501043760442016e-01,2.839187098309726154e-01,4.306499999999954809e-01
2.939999999999787228e+00,2.856058849943142741e-01,8.504745401268937752e-04,8.212007639338334553e-01,5.679545045257562430e-01,3.381481115048727837e-01,-6.113902284972556611e-01,9.388109855602020382e-01,2.856084283467313911e-01,4.321499999999955932e-01
2.944999999999786677e+00,2.872980502106469713e-01,8.669235040920395072e-04,8.134561147770221767e-01,5.770049970757936686e-01,3.386512183807934839e-01,-6.158869044433459283e-01,9.406336084347004522e-01,2.873006734405221807e-01,4.336499999999957056e-01
2.949999999999786127e+00,2.889927126132261770e-01,8.836474298282751775e-04,8.057471454101737818e-01,5.865131120546348553e-01,3.391490561480139387e-01,-6.203130172986138779e-01,9.424126330488052927e-01,2.889954182864760135e-01,4.351499999999958179e-01
2.954999999999785576e+00,2.906898460189992761e-01,9.006596503948518509e-04,7.980738358060970317e-01,5.964942798966699211e-01,3.396417361687728009e-01,-6.246791483704621228e-01,9.441454255056014322e-01,2.906926368727277832e-01,4.366499999999959303e-01
2.959999999999785025e+00,2.923894245376202905e-01,9.179740846327422241e-04,7.904361471139615958e-01,6.069624062726283187e-01,3.401292858014500209e-01,-6.289920840619824816e-01,9.458319353520963091e-01,2.923923034922205622e-01,4.381499999999960426e-01
2.964999999999784475e+00,2.940914222743065132e-01,9.356051753250283105e-04,7.828340540733118580e-01,6.179300826491762599e-01,3.406116893714603577e-01,-6.332557289829984226e-01,9.474740243214084812e-01,2.940943924456291270e-01,4.396499999999961550e-01
2.969999999999783924e+00,2.957958132066553780e-01,9.535678382970618665e-04,7.752675583832722150e-01,6.294087566508884679e-01,3.410889188781411341e-01,-6.374721106623598699e-01,9.490746508749866583e-01,2.957988779183425287e-01,4.411499999999962673e-01
2.974999999999783373e+00,2.975025711796367989e-01,9.718774202241417309e-04,7.677366891615695632e-01,6.414088707743094142e-01,3.415609529484864293e-01,-6.416422441128885046e-01,9.506371546906026149e-01,2.975057339757044561e-01,4.426499999999963797e-01
2.979999999999782823e+00,2.992116699647695000e-01,9.905496631807525747e-04,7.602414964063035629e-01,6.539399760432685893e-01,3.420277856238289060e-01,-6.457667564771232271e-01,9.521647499960383954e-01,2.992149346225050910e-01,4.441499999999964921e-01
2.984999999999782272e+00,3.009230833414184847e-01,1.009600674318465686e-03,7.527820420546377234e-01,6.670108257332466595e-01,3.424894278973622530e-01,-6.498462644080013062e-01,9.536602419297216526e-01,3.009264538846500026e-01,4.456499999999966044e-01
2.989999999999781721e+00,3.026367851731044389e-01,1.029046899417514465e-03,7.453583915933837956e-01,6.806294531866270425e-01,3.429459050420399224e-01,-6.538815486773411623e-01,9.551259266281840743e-01,3.026402658858846073e-01,4.471499999999967168e-01
2.994999999999781171e+00,3.043527494652473186e-01,1.048905099377298207e-03,7.379706076968444162e-01,6.948032368929565328e-01,3.433972522151280127e-01,-6.578735896312410958e-01,9.565636154140810810e-01,3.043563449059909498e-01,4.486499999999968291e-01
2.999999999999780620e+00,3.060709504007924076e-01,1.069192328971863264e-03,7.306187462750917128e-01,7.095389553515272230e-01,3.438435100242778764e-01,-6.618235248300503581e-01,9.579747248491763401e-01,3.060746654168959857e-01,4.501499999999969415e-01
3.004999999999780069e+00,3.077913623562684164e-01,1.089925917393552886e-03,7.233028546506166112e-01,7.248428337200507610e-01,3.442847209676361264e-01,-6.657325766651984722e-01,9.593603872912863650e-01,3.077952020992369975e-01,4.516499999999970538e-01
3.009999999999779519e+00,3.095139599035941491e-01,1.111123450248298382e-03,7.160229712833460214e-01,7.407205838485493299e-01,3.447209270619766563e-01,-6.696019811085667239e-01,9.607215527195440696e-01,3.095179298446958938e-01,4.531499999999971662e-01
3.014999999999778968e+00,3.112387178033600432e-01,1.132802752760989854e-03,7.087791264192175866e-01,7.571774389766340319e-01,3.451521685871082323e-01,-6.734329334313641224e-01,9.620590675169563566e-01,3.112428237498254258e-01,4.546499999999972785e-01
3.019999999999778417e+00,3.129656109943801945e-01,1.154981874011625029e-03,7.015713431411910728e-01,7.742181841164585965e-01,3.455784836841734320e-01,-6.772265556772418815e-01,9.633737266444690750e-01,3.129698591061611523e-01,4.561499999999973909e-01
3.024999999999777867e+00,3.146946145828473651e-01,1.177679072063482621e-03,6.943996384605028993e-01,7.918471829387544458e-01,3.459999084946520642e-01,-6.809838836262138706e-01,9.646663024473367543e-01,3.146990113899465480e-01,4.576499999999975032e-01
3.029999999999777316e+00,3.164257038329674754e-01,1.200912799871962878e-03,6.872640242458831761e-01,8.100684018149203469e-01,3.464164775643586158e-01,-6.847058679544475446e-01,9.659375561741634364e-01,3.164302562533481411e-01,4.591499999999976156e-01
3.034999999999776765e+00,3.181588541597973885e-01,1.224701691882668477e-03,6.801645079121803050e-01,8.288854315359766023e-01,3.468282243110669683e-01,-6.883933835701594450e-01,9.671882388601853453e-01,3.181635695178811618e-01,4.606499999999977280e-01
3.039999999999776215e+00,3.198940411242460202e-01,1.249064551243297136e-03,6.731010928741721910e-01,8.483015071229668136e-01,3.472351814363177080e-01,-6.920472422565876469e-01,9.684190869517591560e-01,3.198989271700051207e-01,4.621499999999978403e-01
3.044999999999775664e+00,3.216312404298021788e-01,1.274020337567585703e-03,6.660737788133969106e-01,8.683195260581254571e-01,3.476373812277800956e-01,-6.956682050742255541e-01,9.696308166275766638e-01,3.216363053584493370e-01,4.636499999999979527e-01
3.049999999999775113e+00,3.233704279204249188e-01,1.299588155201620177e-03,6.590825618196153313e-01,8.889420651978472421e-01,3.480348557464407189e-01,-6.992569926972777017e-01,9.708241189680196781e-01,3.233756803927043677e-01,4.651499999999980650e-01
3.054999999999774563e+00,3.251115795790806007e-01,1.325787241953320589e-03,6.521274344628426034e-01,9.101713965739538503e-01,3.484276369180227539e-01,-7.028142929824261476e-01,9.719996569350397575e-01,3.251170287421626393e-01,4.666499999999981774e-01
3.059999999999774012e+00,3.268546715265387981e-01,1.352636958254742425e-03,6.452083858383454995e-01,9.320095022463453782e-01,3.488157565583384079e-01,-7.063407659375162684e-01,9.731580642019461713e-01,3.268603270355165957e-01,4.681499999999982897e-01
3.064999999999773461e+00,3.285996800201825829e-01,1.380156776733895739e-03,6.383254016107314799e-01,9.544580883357379752e-01,3.491992463611541253e-01,-7.098370466108353538e-01,9.742999454763680012e-01,3.286055520601726121e-01,4.696499999999984021e-01
3.069999999999772911e+00,3.303465814527157818e-01,1.408366272178122576e-03,6.314784640696684548e-01,9.775185983379972576e-01,3.495781378713099796e-01,-7.133037465979703562e-01,9.754258777486055632e-01,3.303526807615589367e-01,4.711499999999985144e-01
3.074999999999772360e+00,3.320953523507377270e-01,1.437285111874850264e-03,6.246675522004728753e-01,1.001192225800216162e+00,3.499524624576214604e-01,-7.167414547681497661e-01,9.765364119649374564e-01,3.321016902422999073e-01,4.726499999999986268e-01
3.079999999999771809e+00,3.338459693732067635e-01,1.466933046317971502e-03,6.178926417668324511e-01,1.025479926421952515e+00,3.503222512929855537e-01,-7.201507376445877018e-01,9.776320747706865877e-01,3.338525577612752593e-01,4.741499999999987391e-01
3.084999999999771259e+00,3.355984093098376420e-01,1.497329900269541575e-03,6.111537054008063796e-01,1.050382429631944614e+00,3.506875353440698229e-01,-7.235321397490264150e-01,9.787133700745795917e-01,3.356052607326093229e-01,4.756499999999988515e-01
3.089999999999770708e+00,3.373526490794769295e-01,1.528495564167189902e-03,6.044507126952022302e-01,1.075900249680485476e+00,3.510483453694264178e-01,-7.268861840413247677e-01,9.797807803514189118e-01,3.373597767246343526e-01,4.771499999999989639e-01
3.094999999999770157e+00,3.391086496192740607e-01,1.560449439279646073e-03,5.977852821673198536e-01,1.102041056274062347e+00,3.513963090141706824e-01,-7.301578696047776873e-01,9.807792647921971252e-01,3.391160673420610672e-01,4.786499999999990762e-01
3.099999999999769607e+00,3.408663419228612490e-01,1.593209413003318989e-03,5.911621073792258096e-01,1.128833500728755324e+00,3.517367160390470482e-01,-7.333336294744013939e-01,9.817180519878278000e-01,3.408740642466118742e-01,4.801499999999991886e-01
3.104999999999769056e+00,3.426257196459904231e-01,1.626795383785606917e-03,5.845794659600106469e-01,1.156285728001511526e+00,3.520763940971927686e-01,-7.362065726667704757e-01,9.828778828470948747e-01,3.426337618136440222e-01,4.816499999999993009e-01
3.109999999999768505e+00,3.443867833224335540e-01,1.661228154214718956e-03,5.780348832986063057e-01,1.184405833497054417e+00,3.524171009528515031e-01,-7.390825688748487998e-01,9.839427629664487807e-01,3.443951613392854938e-01,4.831499999999994133e-01
3.114999999999767955e+00,3.461495323923567402e-01,1.696529127783837554e-03,5.715259835415912315e-01,1.213202534970789115e+00,3.527572682142008365e-01,-7.419902652687292433e-01,9.848828766728950912e-01,3.461582630662494720e-01,4.846499999999995256e-01
3.119999999999767404e+00,3.479139585171732718e-01,1.732720093191111605e-03,5.650512294798708535e-01,1.242684191296014040e+00,3.530953341890716302e-01,-7.449445261775133886e-01,9.856857113616657173e-01,3.479230594974594970e-01,4.861499999999996380e-01
3.124999999999766853e+00,3.496800456979367033e-01,1.769823146378994442e-03,5.586099155056867271e-01,1.272858411442012283e+00,3.534297837335778625e-01,-7.479159877446703852e-01,9.863845149972729764e-01,3.496895355145050455e-01,4.876499999999997503e-01
3.129999999999766302e+00,3.514477719341617123e-01,1.807860650910397306e-03,5.522019901216060900e-01,1.303731935254982766e+00,3.537596300971246333e-01,-7.508743498441267095e-01,9.870137682190035511e-01,3.514576700368744477e-01,4.891499999999998627e-01
3.134999999999765752e+00,3.532171117289348850e-01,1.846855224872962159e-03,5.458277852007096254e-01,1.335310647906774451e+00,3.540843734484266370e-01,-7.537933928691982199e-01,9.876037032286428818e-01,3.532274385277360262e-01,4.906499999999999750e-01
3.139999999999765201e+00,3.549880523269006716e-01,1.886829666850674313e-03,5.394863402756324700e-01,1.367606913810287761e+00,3.544116449312834649e-01,-7.565992859692612926e-01,9.881160124600562034e-01,3.549988292270451207e-01,4.921500000000000874e-01
3.144999999999764650e+00,3.567606146321068983e-01,1.927807027934012223e-03,5.331732616926881940e-01,1.400660414919595809e+00,3.547378582428136196e-01,-7.592648236356174252e-01,9.885284891282872799e-01,3.567718640649131245e-01,4.936500000000001998e-01
3.149999999999764100e+00,3.585347590553670249e-01,1.969811277741261545e-03,5.268903575287338104e-01,1.434490700925115103e+00,3.550558437846678128e-01,-7.620810245913217651e-01,9.886381832763230237e-01,3.585465045537292728e-01,4.951500000000003121e-01
3.154999999999763549e+00,3.603104391998919742e-01,2.012866873582719492e-03,5.206401851927402458e-01,1.469116201674687927e+00,3.553641243660144444e-01,-7.647492680912526541e-01,9.887354299201529528e-01,3.603227054522786243e-01,4.966500000000004245e-01
3.159999999999762998e+00,3.620876103894485332e-01,2.056998742776732034e-03,5.144251476737611295e-01,1.504555539714660828e+00,3.556643292583528404e-01,-7.672376803075130480e-01,9.888521086945513128e-01,3.621004232931039346e-01,4.981500000000005368e-01
3.164999999999762448e+00,3.638662361601604500e-01,2.102232432843728627e-03,5.082467753682180511e-01,1.540826589309511663e+00,3.559581501289363348e-01,-7.695373367325416547e-01,9.890009356214578551e-01,3.638796228780714070e-01,4.996500000000006492e-01
3.169999999999761897e+00,3.656462882189330243e-01,2.148594124029694699e-03,5.021057255529491892e-01,1.577946054995138070e+00,3.562472168438051701e-01,-7.716831680928234460e-01,9.891524471976663735e-01,3.656602772392378298e-01,5.011500000000005395e-01
3.174999999999761346e+00,3.674277447540592600e-01,2.196110600699316493e-03,4.960019637417203975e-01,1.615929316767770629e+00,3.565326322712250584e-01,-7.737121429391409233e-01,9.892757302906327599e-01,3.674423659514794993e-01,5.026500000000003743e-01
3.179999999999760796e+00,3.692105878868457425e-01,2.244809192135241698e-03,4.899350393951051319e-01,1.654790410182523930e+00,3.568149982370291129e-01,-7.756568794420058977e-01,9.893442495561503014e-01,3.692258725857157642e-01,5.041500000000002091e-01
3.184999999999760245e+00,3.709948014236046365e-01,2.294717710013379625e-03,4.839043291285182735e-01,1.694542073229647228e+00,3.570944997404432164e-01,-7.775393007003268409e-01,9.893419182632741116e-01,3.710107824623607442e-01,5.056500000000000439e-01
3.189999999999759694e+00,3.727803692289226589e-01,2.345864392501807987e-03,4.779092123448293594e-01,1.735195823193790066e+00,3.573710566875301642e-01,-7.793713204328942545e-01,9.892622942955411336e-01,3.727970810260354817e-01,5.071499999999998787e-01
3.194999999999759144e+00,3.745672743068672594e-01,2.398277860260377564e-03,4.719491698987633987e-01,1.776762043681463732e+00,3.576444592028173997e-01,-7.811570221289463323e-01,9.891063667071073873e-01,3.745847529282831934e-01,5.086499999999997135e-01
3.199999999999758593e+00,3.763554984611520715e-01,2.451987083900863777e-03,4.660238199127196279e-01,1.819250071367390031e+00,3.579144707230179634e-01,-7.828956842323722132e-01,9.888795400550500769e-01,3.763737816893279464e-01,5.101499999999995483e-01
3.204999999999758042e+00,3.781450223470525507e-01,2.507021360201811856e-03,4.601329111741019884e-01,1.862668277306012810e+00,3.581808900536613827e-01,-7.845843941614532024e-01,9.885890509263681736e-01,3.781641497516498585e-01,5.116499999999993831e-01
3.209999999999757492e+00,3.799358257292984042e-01,2.563410293538789970e-03,4.542762943447324897e-01,1.907024140638539977e+00,3.584435787938020646e-01,-7.862199384450211381e-01,9.882421165598375135e-01,3.799558387395692294e-01,5.131499999999992179e-01
3.214999999999756941e+00,3.817278878029313205e-01,2.621183779367099956e-03,4.484538865250022877e-01,1.952324314125050364e+00,3.587024640884143301e-01,-7.877998852777814420e-01,9.878448924808735931e-01,3.817488297817894227e-01,5.146499999999990527e-01
3.219999999999756390e+00,3.835211874856666592e-01,2.680371987523605393e-03,4.426656390814813768e-01,1.998574681806292164e+00,3.589575273493250118e-01,-7.893230119361930308e-01,9.874020830889108646e-01,3.835431038054072928e-01,5.161499999999988875e-01
3.224999999999755840e+00,3.853157036375915445e-01,2.741005344099889992e-03,4.369115134958281299e-01,2.045780409457152782e+00,3.592087875477745218e-01,-7.907892864043135628e-01,9.869169944344333700e-01,3.853386417572022826e-01,5.176499999999987223e-01
3.229999999999755289e+00,3.871114151983534590e-01,2.803114511507935180e-03,4.311914662608173354e-01,2.093945988651165990e+00,3.594562848429269097e-01,-7.921996120776697570e-01,9.863918197636258878e-01,3.871354247423488548e-01,5.191499999999985571e-01
3.234999999999754738e+00,3.889083012527271288e-01,2.866730366944484406e-03,4.255054416034989018e-01,2.143075275265543755e+00,3.597000676058189073e-01,-7.935554949958532056e-01,9.858279984318158995e-01,3.889334340914376020e-01,5.206499999999983919e-01
3.239999999999754188e+00,3.907063410445152929e-01,2.931883979779782191e-03,4.198533698404817716e-01,2.193171523207969376e+00,3.599401838287692446e-01,-7.948587362345410634e-01,9.852265458414809496e-01,3.907326513757646835e-01,5.221499999999982267e-01
3.244999999999753637e+00,3.925055139597066201e-01,2.998606588488780290e-03,4.142351690745979531e-01,2.244237414072002945e+00,3.601766765860677233e-01,-7.961111997364073156e-01,9.845883045092068686e-01,3.925330583918205107e-01,5.236499999999980615e-01
3.249999999999753086e+00,3.943057994962339552e-01,3.066929577683578413e-03,4.086507483414398290e-01,2.296275083345981738e+00,3.604095825705634359e-01,-7.973146677747444677e-01,9.839141044719652562e-01,3.943346371323272481e-01,5.251499999999978963e-01
3.254999999999752536e+00,3.961071772321270168e-01,3.136884455689820887e-03,4.031000109208084936e-01,2.349286143728203324e+00,3.606389325422370007e-01,-7.984707731233257055e-01,9.832048443150461781e-01,3.961373697556243578e-01,5.266499999999977311e-01
3.259999999999751985e+00,3.979096267990099300e-01,3.208502832914260361e-03,3.975828570613666457e-01,2.403271706013188513e+00,3.608647527585690518e-01,-7.995809859832250233e-01,9.824615151832503113e-01,3.979412385603572355e-01,5.281499999999975659e-01
3.264999999999751434e+00,3.997131278632967133e-01,3.281816401158335617e-03,3.920991858645145878e-01,2.458232397967486271e+00,3.610870666007440222e-01,-8.006466348655171261e-01,9.816851888146990168e-01,3.997462259678246088e-01,5.296499999999974007e-01
3.269999999999750884e+00,4.015176601149659796e-01,3.356856913898149074e-03,3.866488963441009341e-01,2.514168381543095521e+00,3.613058959953646676e-01,-8.016689406572985455e-01,9.808769907001597677e-01,4.015523145118644055e-01,5.311499999999972355e-01
3.274999999999750333e+00,4.033232032623068064e-01,3.433656167490017723e-03,3.812318878395019039e-01,2.571079368727916314e+00,3.615212624438474687e-01,-8.026490521344458173e-01,9.800380703427626905e-01,4.033594868346709328e-01,5.326499999999970703e-01
3.279999999999749782e+00,4.051297370305993462e-01,3.512245983226519510e-03,3.758480600055735255e-01,2.628964636286584611e+00,3.617331876335125318e-01,-8.035880752485529133e-01,9.791695765143539898e-01,4.051677256865035548e-01,5.341499999999969051e-01
3.284999999999749232e+00,4.069372411628590092e-01,3.592658190157890178e-03,3.704973125834992720e-01,2.687823039604352537e+00,3.619416937032882142e-01,-8.044870935615361374e-01,9.782726403332587806e-01,4.069770139274137000e-01,5.356499999999967399e-01
3.289999999999748681e+00,4.087456954212419502e-01,3.674924608599100355e-03,3.651795451060619313e-01,2.747653025810877558e+00,3.621468032712928942e-01,-8.053471800541729397e-01,9.773483661120438981e-01,4.087873345295855998e-01,5.371499999999965747e-01
3.294999999999748130e+00,4.105550795882391690e-01,3.759077034255733224e-03,3.598946566318498852e-01,2.808452646329441915e+00,3.623485393293915391e-01,-8.061694020636847036e-01,9.763978283733318886e-01,4.105986705794161251e-01,5.386499999999964094e-01
3.299999999999747580e+00,4.123653734672463878e-01,3.845147222916230761e-03,3.546425455535587301e-01,2.870219568970029833e+00,3.625469250880994920e-01,-8.069548216957194153e-01,9.754220728213411906e-01,4.124110052789176639e-01,5.401499999999962442e-01
3.304999999999747029e+00,4.141765568824634647e-01,3.933166875667146525e-03,3.494231094857595532e-01,2.932951089661095967e+00,3.627419838318612366e-01,-8.077044937626035592e-01,9.744221193323233665e-01,4.142243219463968007e-01,5.416499999999960790e-01
3.309999999999746478e+00,4.159886096780698317e-01,4.023167624617051893e-03,3.442362452360193115e-01,2.996644143895938139e+00,3.629337387816708449e-01,-8.084194630164953654e-01,9.733989652896035683e-01,4.160386040163535082e-01,5.431499999999959138e-01
3.314999999999745928e+00,4.178015117171307025e-01,4.115181019079008212e-03,3.390818488131587261e-01,3.061295317950520456e+00,3.631222130392500191e-01,-8.091007608383933292e-01,9.723535891929575570e-01,4.178538350390526013e-01,5.446499999999957486e-01
3.319999999999745377e+00,4.196152428802474854e-01,4.209238512211475186e-03,3.339598154686937992e-01,3.126900859918362752e+00,3.633074295445011814e-01,-8.097494036584271804e-01,9.712869523252125603e-01,4.196699986797812754e-01,5.461499999999955834e-01
3.324999999999744826e+00,4.214297830641644538e-01,4.305371448093501217e-03,3.288700397496310823e-01,3.193456690594811853e+00,3.634894110629907638e-01,-8.103663913564990162e-01,9.702000002904788145e-01,4.214870787180025058e-01,5.476499999999954182e-01
3.329999999999744276e+00,4.232451121804348126e-01,4.403611049216681929e-03,3.238124155517442260e-01,3.260958414234031988e+00,3.636681801935313096e-01,-8.109527065761268361e-01,9.690936635358471385e-01,4.233050590465056717e-01,5.491499999999952530e-01
3.334999999999743725e+00,4.250612101542106114e-01,4.503988404377768685e-03,3.187868361659653149e-01,3.329401329194435988e+00,3.638437593835148753e-01,-8.115093144380134405e-01,9.679688574075553387e-01,4.251239236706192415e-01,5.506499999999950878e-01
3.339999999999743174e+00,4.268780569231800937e-01,4.606534456956601700e-03,3.137931943160729431e-01,3.398780438482217559e+00,3.640161709464381778e-01,-8.120371625994032838e-01,9.668264818253987647e-01,4.269436567075060585e-01,5.521499999999949226e-01
3.344999999999742624e+00,4.286956324366492099e-01,4.711279993565285241e-03,3.088313821880303012e-01,3.469090460197891801e+00,3.641854370769627147e-01,-8.125371814024873185e-01,9.656674208555422467e-01,4.287642423855387852e-01,5.536499999999947574e-01
3.349999999999742073e+00,4.305139166547531371e-01,4.818255633056028192e-03,3.039012914520788922e-01,3.540325837887177141e+00,3.643515798622771751e-01,-8.130102840407195108e-01,9.644925422708628959e-01,4.305856650437404065e-01,5.551499999999945922e-01
3.354999999999741522e+00,4.323328895477789313e-01,4.927491815876807076e-03,2.990028132811610173e-01,3.612480750794754947e+00,3.645146212895646887e-01,-8.134573667168023547e-01,9.633026971386016157e-01,4.324079091312688083e-01,5.566499999999944270e-01
3.359999999999740972e+00,4.341525310955807737e-01,5.039018793765633226e-03,2.941358383658095876e-01,3.685549124017524658e+00,3.646745832497971240e-01,-8.138793086485804906e-01,9.620987195889509902e-01,4.342309592069285573e-01,5.581499999999942618e-01
3.364999999999740421e+00,4.359728212870760400e-01,5.152866619775978672e-03,2.893002569284773284e-01,3.759524638552581344e+00,3.648314875399731316e-01,-8.142769721275667782e-01,9.608814265667114940e-01,4.360547999386961138e-01,5.596499999999940966e-01
3.369999999999739870e+00,4.377937401198133127e-01,5.269065138627244960e-03,2.844959587373016019e-01,3.834400741234241128e+00,3.649853558633575079e-01,-8.146512024383356643e-01,9.596516177622804733e-01,4.378794161032512067e-01,5.611499999999939314e-01
3.374999999999739320e+00,4.396152675996083947e-01,5.387643977375399483e-03,2.797228331199411722e-01,3.910170654554004699e+00,3.651362098297456504e-01,-8.150028278211741695e-01,9.584100755421357531e-01,4.397047925855086525e-01,5.626499999999937662e-01
3.379999999999738769e+00,4.414373837402469913e-01,5.508632536399864915e-03,2.749807689778963615e-01,3.986827386357064462e+00,3.652840709554699972e-01,-8.153326594186682819e-01,9.571575649392582985e-01,4.415309143781510071e-01,5.641499999999936010e-01
3.384999999999738218e+00,4.432600685632544502e-01,5.632059980703385711e-03,2.702696548005780741e-01,4.064363739409084353e+00,3.654289606636322296e-01,-8.156414912217615498e-01,9.558948336879133922e-01,4.433577665811622159e-01,5.656499999999934358e-01
3.389999999999737668e+00,4.450833020977332244e-01,5.757955231522123886e-03,2.655893786793736555e-01,4.142772320827075028e+00,3.655709002848423483e-01,-8.159301000789599412e-01,9.546226122382607260e-01,4.451853344013636526e-01,5.671499999999932706e-01
3.394999999999737117e+00,4.469070643802694476e-01,5.886346958243452235e-03,2.609398283215943470e-01,4.222045551368590388e+00,3.657099110579334900e-01,-8.161992457060728290e-01,9.533416138119102934e-01,4.470136031519537645e-01,5.686499999999931054e-01
3.399999999999736566e+00,4.487313354549072875e-01,6.017263570629039805e-03,2.563208910638697380e-01,4.302175674573895492e+00,3.658460141309083369e-01,-8.164496707230904926e-01,9.520525344699498627e-01,4.488425582520518820e-01,5.701499999999929402e-01
3.404999999999736016e+00,4.505560953731924112e-01,6.150733211340893812e-03,2.517324538850889692e-01,4.383154765755987725e+00,3.659792305620230835e-01,-8.166821007337443650e-01,9.507560531757213163e-01,4.506721852262477457e-01,5.716499999999927750e-01
3.409999999999735465e+00,4.523813241942817864e-01,6.286783748767912038e-03,2.471744034188663175e-01,4.464974740834207090e+00,3.661095813207030369e-01,-8.168972444158166812e-01,9.494528318819634993e-01,4.525024697041551414e-01,5.731499999999926098e-01
3.414999999999734914e+00,4.542070019851203178e-01,6.425442770150372254e-03,2.426466259655200020e-01,4.547627365007304689e+00,3.662370872883786710e-01,-8.170957936314849901e-01,9.481435156306728951e-01,4.543333974199705860e-01,5.746499999999924446e-01
3.419999999999734364e+00,4.560331088206806549e-01,6.566737574999644694e-03,2.381490075035744558e-01,4.631104261262553479e+00,3.663617692591940034e-01,-8.172784235549787057e-01,9.468287326659993175e-01,4.561649542120352896e-01,5.761499999999922794e-01
3.424999999999733813e+00,4.578596247842652289e-01,6.710695168810221038e-03,2.336814337007989684e-01,4.715396918717857488e+00,3.664836479405617076e-01,-8.174457928155337560e-01,9.455090945598839669e-01,4.579971260224006135e-01,5.776499999999921142e-01
3.429999999999733262e+00,4.596865299678687955e-01,6.857342257060929612e-03,2.292437899251005828e-01,4.800496700794289140e+00,3.666027439535503585e-01,-8.175985436546634455e-01,9.441851963491448840e-01,4.598298988963954170e-01,5.791499999999919490e-01
3.434999999999732712e+00,4.615138044725983768e-01,7.006705239502014800e-03,2.248359612549376274e-01,4.886394853216976308e+00,3.667190778330840506e-01,-8.177373020783369473e-01,9.428576167012907572e-01,4.616632589821949018e-01,5.806499999999917838e-01
3.439999999999732161e+00,4.633414284091496027e-01,7.158810204724567854e-03,2.204578324897370767e-01,4.973082511842566333e+00,3.668326700281726027e-01,-8.178626780423025044e-01,9.415269180687507733e-01,4.634971925303910112e-01,5.821499999999916186e-01
3.444999999999731610e+00,4.651693818983370643e-01,7.313682925008556900e-03,2.161092881596723692e-01,5.060550710311965794e+00,3.669435409018863559e-01,-8.179752656182474047e-01,9.401936468819446224e-01,4.653316858935623301e-01,5.836499999999914534e-01
3.449999999999731060e+00,4.669976450716770144e-01,7.471348851445577290e-03,2.117902125357650212e-01,5.148790387527372836e+00,3.670517107314465455e-01,-8.180756432105419362e-01,9.388583337095995907e-01,4.671667255258449281e-01,5.851499999999912882e-01
3.454999999999730509e+00,4.688261980720200839e-01,7.631833109332128613e-03,2.075004896394575249e-01,5.237792394952983877e+00,3.671571997079018379e-01,-8.181643737222956680e-01,9.375214934859119609e-01,4.690022979825022587e-01,5.866499999999911230e-01
3.459999999999729958e+00,4.706550210542326806e-01,7.795160493829215130e-03,2.032400032523439259e-01,5.327547503738893298e+00,3.672600279361375453e-01,-8.182420047842964284e-01,9.361836256894189301e-01,4.708383899194940048e-01,5.881499999999909578e-01
3.464999999999729408e+00,4.724840941859245191e-01,7.961355465883800109e-03,1.990086369255004428e-01,5.418046411668337115e+00,3.673602154345129711e-01,-8.183090689460861267e-01,9.348452145728030072e-01,4.726749880930443681e-01,5.896499999999907926e-01
3.469999999999728857e+00,4.743133976482209468e-01,8.130442148407577771e-03,1.948062739890420725e-01,5.509279749928290393e+00,3.674577821346911577e-01,-8.183660839103994444e-01,9.335067293610643802e-01,4.745120793592093045e-01,5.911499999999906274e-01
3.474999999999728306e+00,4.761429116365784031e-01,8.302444322708317503e-03,1.906327975613008041e-01,5.601238089703973522e+00,3.675527478811844162e-01,-8.184135527333744609e-01,9.321686244943299116e-01,4.763496506734409830e-01,5.926499999999904622e-01
3.479999999999727756e+00,4.779726163616399570e-01,8.477385425169051483e-03,1.864880905580348913e-01,5.693911948597831341e+00,3.676451324311185154e-01,-8.184519640687057951e-01,9.308313398359437940e-01,4.781876890901519683e-01,5.941499999999902970e-01
3.484999999999727205e+00,4.798024920501307022e-01,8.655288544170176498e-03,1.823720357018304150e-01,5.787291796873915928e+00,3.677349554537161502e-01,-8.184817923892228064e-01,9.294953009112011388e-01,4.800261817622765714e-01,5.956499999999901318e-01
3.489999999999726654e+00,4.816325189457600908e-01,8.836176417251533077e-03,1.782845155339493337e-01,5.881368063528526591e+00,3.678222365252434845e-01,-8.185034982054550934e-01,9.281609191567854467e-01,4.818651159408008366e-01,5.971499999999899666e-01
3.494999999999726104e+00,4.834626773102617681e-01,9.020071428500441024e-03,1.742254124163105655e-01,5.976131142189021972e+00,3.679069951446036213e-01,-8.185175281969298000e-01,9.268285922606379623e-01,4.837044789743913387e-01,5.986499999999898014e-01
3.499999999999725553e+00,4.852929474243508623e-01,9.206995606176465730e-03,1.701946085449499713e-01,6.071571396840993451e+00,3.679892507153537662e-01,-8.185243158733036539e-01,9.254987039817966776e-01,4.855442583089066289e-01,6.001499999999896362e-01
3.504999999999725002e+00,4.871233095887542164e-01,9.396970620554593104e-03,1.661919859591894089e-01,6.167679167386293848e+00,3.680690225492979639e-01,-8.185242813092288294e-01,9.241716248969777947e-01,4.873844414869476505e-01,6.016499999999894710e-01
3.509999999999724452e+00,4.889537441252702066e-01,9.590017781986018633e-03,1.622174265510880897e-01,6.264444775033257251e+00,3.681463298682680074e-01,-8.185178315950051298e-01,9.228477124360002781e-01,4.892250161474043790e-01,6.031499999999893058e-01
3.514999999999723901e+00,4.907842313778595367e-01,9.786158039171983028e-03,1.582708120744318325e-01,6.361858527520870332e+00,3.682211918032915476e-01,-8.185053610359364074e-01,9.215273111710627907e-01,4.910659700250034621e-01,6.046499999999891406e-01
3.519999999999723350e+00,4.926147517137625664e-01,9.985411977645091211e-03,1.543520241535221715e-01,6.459910724178819841e+00,3.682936273943266392e-01,-8.184872514248674458e-01,9.202107530346431696e-01,4.929072909498534716e-01,6.061499999999889754e-01
3.524999999999722800e+00,4.944452855246416201e-01,1.018779981845295730e-02,1.504609442922146267e-01,6.558591660825423553e+00,3.683636555896257492e-01,-8.184638722940510425e-01,9.188983575592234443e-01,4.947489668469876589e-01,6.076499999999888102e-01
3.529999999999722249e+00,4.962758132277453882e-01,1.039334141703896972e-02,1.465974538827734541e-01,6.657891634505512357e+00,3.684312952449921297e-01,-8.184355811442169948e-01,9.175904321402947872e-01,4.965909857359029900e-01,6.091499999999886450e-01
3.534999999999721698e+00,4.981063152670933136e-01,1.060205626231502593e-02,1.427614342148671722e-01,6.757800948070491920e+00,3.684965651232163797e-01,-8.184027237006222810e-01,9.162872722722671393e-01,4.984333357300965162e-01,6.106499999999884798e-01
3.539999999999721148e+00,4.999367721146793508e-01,1.081396347592121325e-02,1.389527664846640920e-01,6.858309914602804369e+00,3.685594838933474726e-01,-8.183656341474768725e-01,9.149891618053148656e-01,5.002760050365979705e-01,6.121499999999883146e-01
3.544999999999720597e+00,5.017671642716925451e-01,1.102908181166729028e-02,1.351713318039272083e-01,6.959408861687118808e+00,3.686200701300668126e-01,-8.183246353657884775e-01,9.136963731975691339e-01,5.021189819554991995e-01,6.136499999999881494e-01
3.549999999999720046e+00,5.035974722697534878e-01,1.124742965515104602e-02,1.314170112090124465e-01,7.061088135530688703e+00,3.686783423131158033e-01,-8.182800391752595992e-01,9.124091677615213669e-01,5.039622548794809864e-01,6.151499999999879842e-01
3.554999999999719495e+00,5.054276766721645942e-01,1.146902502354850764e-02,1.276896856701729976e-01,7.163338104935267125e+00,3.687343188267128147e-01,-8.182321465803262805e-01,9.111277959040705587e-01,5.058058122933356549e-01,6.166499999999878190e-01
3.559999999999718945e+00,5.072577580751733706e-01,1.169388556557105462e-02,1.239892361006834920e-01,7.266149165123144016e+00,3.687880179588949869e-01,-8.181812479907570879e-01,9.098524973893538093e-01,5.076496427734888961e-01,6.181499999999876538e-01
3.564999999999718394e+00,5.090876971092462844e-01,1.192202856158456996e-02,1.203155433658660844e-01,7.369511741419790596e+00,3.688394579010906282e-01,-8.181276234705471273e-01,9.085835015702158346e-01,5.094937349875162669e-01,6.196499999999874886e-01
3.569999999999717843e+00,5.109174744403521817e-01,1.215347092388578167e-02,1.166684882924142602e-01,7.473416292795700855e+00,3.688886567475458400e-01,-8.180715429779805703e-01,9.073210276250602835e-01,5.113380776936591321e-01,6.211499999999873234e-01
3.574999999999717293e+00,5.127470707712542541e-01,1.238822919713094065e-02,1.130479516774000187e-01,7.577853315270116852e+00,3.689356324946942434e-01,-8.180132665814418003e-01,9.060652848151334871e-01,5.131826597403369439e-01,6.226499999999871582e-01
3.579999999999716742e+00,5.145764668428071120e-01,1.262631955891212361e-02,1.094538142975882145e-01,7.682813345179170028e+00,3.689804030407575763e-01,-8.179530447106398983e-01,9.048164727022655063e-01,5.150274700656566340e-01,6.241499999999869930e-01
3.584999999999716191e+00,5.164056434352610747e-01,1.286775782047644943e-02,1.058859569185216370e-01,7.788286962311159023e+00,3.690229861850991555e-01,-8.178911183657882056e-01,9.035747814042129900e-01,5.168724976969198970e-01,6.256499999999868278e-01
3.589999999999715641e+00,5.182345813695673487e-01,1.311255942758356684e-02,1.023442603037373055e-01,7.894264792911654283e+00,3.690633996278386841e-01,-8.178277193591674266e-01,9.023403918128929391e-01,5.187177317501275864e-01,6.271499999999866626e-01
3.594999999999715090e+00,5.200632615086878685e-01,1.336073946149684590e-02,9.882860522387189317e-02,8.000737512561073572e+00,3.691016609692881478e-01,-8.177630705298962743e-01,9.011134758344344631e-01,5.205631614294818910e-01,6.286499999999864974e-01
3.599999999999714539e+00,5.218916647589042501e-01,1.361231264010374226e-02,9.533887246590314057e-02,8.107695848927475524e+00,3.691377877095174953e-01,-8.176973859725034099e-01,8.998941966102114165e-01,5.224087760268860681e-01,6.301499999999863322e-01
3.604999999999713989e+00,5.237197720711275206e-01,1.386729331916085328e-02,9.187494284228764352e-02,8.215130584397245528e+00,3.691717972478431031e-01,-8.176308712466106021e-01,8.986827087513434842e-01,5.242545649214416237e-01,6.316499999999861670e-01
3.609999999999713438e+00,5.255475644422048509e-01,1.412569549365931716e-02,8.843669720013913604e-02,8.323032558586366036e+00,3.692037068824456369e-01,-8.175637235989913210e-01,8.974791585552083228e-01,5.261005175789432720e-01,6.331499999999860018e-01
3.614999999999712887e+00,5.273750229162248448e-01,1.438753279930619737e-02,8.502401643025210565e-02,8.431392670734997097e+00,3.692335338099252962e-01,-8.174961321727631791e-01,8.962836842290156092e-01,5.279466235513723404e-01,6.346499999999858366e-01
3.619999999999712337e+00,5.292021285858172774e-01,1.465281851411760067e-02,8.163678147643051164e-02,8.540201881988044974e+00,3.692612951249217290e-01,-8.174282782260734459e-01,8.950964160979503204e-01,5.297928724763873998e-01,6.361499999999856714e-01
3.624999999999711786e+00,5.310288625934485029e-01,1.492156556011930285e-02,7.827487334452251644e-02,8.649451217564395833e+00,3.692870078196410222e-01,-8.173603353193859000e-01,8.939174768386310976e-01,5.316392540768131170e-01,6.376499999999855062e-01
3.629999999999711235e+00,5.328552061327096467e-01,1.519378650515081433e-02,7.493817311144100601e-02,8.759131768817491448e+00,3.693106887836513086e-01,-8.172924695365916259e-01,8.927469816725323026e-01,5.334857581601273324e-01,6.391499999999853410e-01
3.634999999999710685e+00,5.346811404495983577e-01,1.546949356476881761e-02,7.162656193430089191e-02,8.869234695189913253e+00,3.693323548034785353e-01,-8.172248396835497530e-01,8.915850385756607377e-01,5.353323746179472487e-01,6.406499999999851758e-01
3.639999999999710134e+00,5.365066468437909020e-01,1.574869860424592607e-02,6.833992105948250018e-02,8.979751226064539793e+00,3.693520225622495268e-01,-8.171575974776137397e-01,8.904317484908477187e-01,5.371790934255122885e-01,6.421499999999850106e-01
3.644999999999709583e+00,5.383317066699058184e-01,1.603141314066090783e-02,6.507813183151306413e-02,9.090672662515002500e+00,3.693697086394572837e-01,-8.170908877448467278e-01,8.892872055258572717e-01,5.390259046411671751e-01,6.436499999999848454e-01
3.649999999999709033e+00,5.401563013388479551e-01,1.631764834510662787e-02,6.184107569249825548e-02,9.201990378958411654e+00,3.693854295462546400e-01,-8.170248486168740776e-01,8.881514971404276260e-01,5.408727984059380489e-01,6.451499999999846802e-01
3.654999999999708482e+00,5.419804123188957101e-01,1.660741504490159670e-02,5.862863420729259173e-02,9.313695824711100357e+00,3.693992016021529490e-01,-8.169596119227665598e-01,8.870247041548225964e-01,5.427197649428515680e-01,6.466499999999845150e-01
3.659999999999707931e+00,5.438040211368979637e-01,1.690072372592160699e-02,5.544068907575452204e-02,9.425780525452124081e+00,3.694110410785083065e-01,-8.168953031101297002e-01,8.859069011813679451e-01,5.445667945563812395e-01,6.481499999999843498e-01
3.664999999999707381e+00,5.456271093795900251e-01,1.719758453505305582e-02,5.227712213116540024e-02,9.538236084597107478e+00,3.694209641371611341e-01,-8.168320406751800045e-01,8.847981575727071890e-01,5.464138776320285329e-01,6.496499999999841846e-01
3.669999999999706830e+00,5.474496586948049970e-01,1.749800728268407005e-02,4.913781534781023336e-02,9.651054184583173878e+00,3.694289868417218181e-01,-8.167699378162763812e-01,8.836985361305437214e-01,5.482610046358087352e-01,6.511499999999840194e-01
3.674999999999706279e+00,5.492716507926705960e-01,1.780200144526587411e-02,4.602265084871658141e-02,9.764226588068318335e+00,3.694351251496345023e-01,-8.167091019423349252e-01,8.826080939528377911e-01,5.501081661137373624e-01,6.526499999999838542e-01
3.679999999999705729e+00,5.510930674467764412e-01,1.810957616793820377e-02,4.293151091476226505e-02,9.877745139047529932e+00,3.694393949124145093e-01,-8.166496349145317968e-01,8.815268825407758246e-01,5.519553526912993613e-01,6.541499999999836890e-01
3.684999999999705178e+00,5.529138904953221356e-01,1.842074026721747873e-02,3.986427799407763622e-02,9.991601763888176890e+00,3.694418118748398761e-01,-8.165916331249596372e-01,8.804549480620467161e-01,5.538025550729172020e-01,6.556499999999835238e-01
3.689999999999704627e+00,5.547341018422501380e-01,1.873550223374441381e-02,3.682083471146829767e-02,1.010578847228689447e+01,3.694423916751982118e-01,-8.165351876463469161e-01,8.793923315363518789e-01,5.556497640414183037e-01,6.571499999999833586e-01
3.694999999999704077e+00,5.565536834583615367e-01,1.905387023508826883e-02,3.380106387730201500e-02,1.022029735815041818e+01,3.694411498456862675e-01,-8.164803843835493069e-01,8.783390690124655009e-01,5.574969704575031271e-01,6.586499999999831934e-01
3.699999999999703526e+00,5.583726173824167249e-01,1.937585211860467366e-02,3.080484849623036508e-02,1.033512060040250446e+01,3.694381018129215266e-01,-8.164273042537871783e-01,8.772951917098971153e-01,5.593441652592171520e-01,6.601499999999830282e-01
3.704999999999702975e+00,5.601908857222204219e-01,1.970145541434389566e-02,2.783207177582475503e-02,1.045025046371934963e+01,3.694332628981759625e-01,-8.163760233405974454e-01,8.762607261802257685e-01,5.611913394614230777e-01,6.616499999999828630e-01
3.709999999999702425e+00,5.620084706556869314e-01,2.003068733800638865e-02,2.488261713445324985e-02,1.056567929919554416e+01,3.694266483176292248e-01,-8.163266130428092904e-01,8.752356944668340244e-01,5.630384841552749098e-01,6.631499999999826978e-01
3.714999999999701874e+00,5.638253544318885258e-01,2.036355479394283755e-02,2.195636820958629318e-02,1.068139954494287203e+01,3.694182731826706756e-01,-8.162791402609529401e-01,8.742201142206530440e-01,5.648855905076937134e-01,6.646499999999825326e-01
3.719999999999701323e+00,5.656415193720828460e-01,2.070006437819554498e-02,1.905320886557987717e-02,1.079740372662400283e+01,3.694081524997354649e-01,-8.162336675088632809e-01,8.732139988842275713e-01,5.667326497608425884e-01,6.661499999999823673e-01
3.724999999999700773e+00,5.674569478707204295e-01,2.104022238157847446e-02,1.617302320162808046e-02,1.091368445792318020e+01,3.693963011705868604e-01,-8.161902530840934311e-01,8.722173578105212322e-01,5.685796532316038654e-01,6.676499999999822021e-01
3.729999999999700222e+00,5.692716223964309208e-01,2.138403479279319883e-02,1.331569555947406495e-02,1.103023444095607708e+01,3.693827339922572395e-01,-8.161489511891348858e-01,8.712301964245059427e-01,5.704265923110543035e-01,6.691499999999820369e-01
3.734999999999699671e+00,5.710855254929885216e-01,2.173150730157814500e-02,1.048111053108741197e-02,1.114704646662056220e+01,3.693674656572338844e-01,-8.161098120777865450e-01,8.702525163533063601e-01,5.722734584639427302e-01,6.706499999999818717e-01
3.739999999999699121e+00,5.728986397802550146e-01,2.208264530188853991e-02,7.669152966405537453e-03,1.126411341489078843e+01,3.693505107535300369e-01,-8.160728821834773994e-01,8.692843155680661793e-01,5.741202432281673484e-01,6.721499999999817065e-01
3.744999999999698570e+00,5.747109479551013589e-01,2.243745389510459418e-02,4.879707980697340665e-03,1.138142825505609856e+01,3.693318837648321140e-01,-8.160382042398326430e-01,8.683255885274023811e-01,5.759669382142540428e-01,6.736499999999815413e-01
3.749999999999698019e+00,5.765224327923073044e-01,2.279593789326554015e-02,2.112660962221201300e-03,1.149898404590693524e+01,3.693115990707813712e-01,-8.160058174240573114e-01,8.673763262918957606e-01,5.778135351048349078e-01,6.751499999999813761e-01
3.754999999999697469e+00,5.783330771454384678e-01,2.315810182232715120e-02,-6.321024205948254067e-04,1.161677393586952434e+01,3.692896709470627759e-01,-8.159757574556104620e-01,8.664365166772239890e-01,5.796600256541289964e-01,6.766499999999812109e-01
3.759999999999696918e+00,5.801428639477007598e-01,2.352394992544048005e-02,-3.354696211893951497e-03,1.173479116309114723e+01,3.692661135658300009e-01,-8.159480567403268880e-01,8.655061443558508261e-01,5.815064016874237351e-01,6.781499999999810457e-01
3.764999999999696367e+00,5.819517762127729421e-01,2.389348616624961674e-02,-6.055234161217074029e-03,1.185302905547785812e+01,3.692409409958523625e-01,-8.159227444749057589e-01,8.645851909924406886e-01,5.833526551005573380e-01,6.796499999999808805e-01
3.769999999999695817e+00,5.837597970356158683e-01,2.426671423220624207e-02,-8.733829716534472626e-03,1.197148103068627911e+01,3.692141672028491639e-01,-8.158998467612638139e-01,8.636736353635700025e-01,5.851987778594032186e-01,6.811499999999807153e-01
3.774999999999695266e+00,5.855669095932589663e-01,2.464363753789898179e-02,-1.139059601742460799e-02,1.209014059607130420e+01,3.691858060498498517e-01,-8.158793867233921082e-01,8.627714534691729442e-01,5.870447619993557353e-01,6.826499999999805501e-01
3.779999999999694715e+00,5.873730971455636274e-01,2.502425922839545541e-02,-1.402564588828203972e-02,1.220900134859129516e+01,3.691558712975118173e-01,-8.158613846178307538e-01,8.618786186446975028e-01,5.888905996248174901e-01,6.841499999999803849e-01
3.784999999999694165e+00,5.891783430359638363e-01,2.540858218259507001e-02,-1.663909183175097187e-02,1.232805697467246731e+01,3.691243766044414176e-01,-8.158458579348194517e-01,8.609951016769926690e-01,5.907362829086890699e-01,6.856499999999802197e-01
3.789999999999693614e+00,5.909826306921837080e-01,2.579660901659066446e-02,-1.923104602207613423e-02,1.244730125003400545e+01,3.690913355276008168e-01,-8.158328215085941526e-01,8.601208709055370161e-01,5.925818040918591212e-01,6.871499999999800545e-01
3.794999999999693063e+00,5.927859436269309334e-01,2.618834208703709615e-02,-2.180162029896534279e-02,1.256672803947547301e+01,3.690567615226507114e-01,-8.158222876056666628e-01,8.592558923402686677e-01,5.944271554826976445e-01,6.886499999999798893e-01
3.799999999999692513e+00,5.945882654385687971e-01,2.658378349452510808e-02,-2.435092616117772238e-02,1.268633129662813985e+01,3.690206679444733573e-01,-8.158142660470053542e-01,8.584001297401615549e-01,5.962723294565510646e-01,6.901499999999797241e-01
3.804999999999691962e+00,5.963895798117626601e-01,2.698293508695858572e-02,-2.687907476051014030e-02,1.280610506367152901e+01,3.689830680474130986e-01,-8.158087642786957527e-01,8.575535447380859821e-01,5.981173184552394106e-01,6.916499999999795589e-01
3.809999999999691411e+00,5.981898705181053488e-01,2.738579846293361791e-02,-2.938617689566149285e-02,1.292604347101682016e+01,3.689439749858533513e-01,-8.158057874833931633e-01,8.567160969196973008e-01,5.999621149865543845e-01,6.931499999999793937e-01
3.814999999999690861e+00,5.999891214167183406e-01,2.779237497511773472e-02,-3.187234300659706754e-02,1.304614073695836574e+01,3.689034018145830318e-01,-8.158053386546559871e-01,8.558877439343792748e-01,6.018067116237615366e-01,6.946499999999792285e-01
3.819999999999690310e+00,6.017873164548300791e-01,2.820266573362779569e-02,-3.433768316867769760e-02,1.316639116729479575e+01,3.688613614893870296e-01,-8.158074187085400109e-01,8.550684415639397962e-01,6.036511010051038850e-01,6.961499999999790633e-01
3.824999999999689759e+00,6.035844396683315294e-01,2.861667160940491866e-02,-3.678230708715454766e-02,1.328678915492114676e+01,3.688178668673616767e-01,-8.158120265464201548e-01,8.542581438351328771e-01,6.054952758333074225e-01,6.976499999999788981e-01
3.829999999999689209e+00,6.053804751823083086e-01,2.903439323758506482e-02,-3.920632409168572918e-02,1.340732917939292079e+01,3.687729307075383045e-01,-8.158191591544526888e-01,8.534568030908121772e-01,6.073392288750899537e-01,6.991499999999787329e-01
3.834999999999688658e+00,6.071754072115508327e-01,2.945583102086386795e-02,-4.160984313098907428e-02,1.352800580646390927e+01,3.687265656713231698e-01,-8.158288116769930598e-01,8.526643700823172134e-01,6.091829529606720417e-01,7.006499999999785677e-01
3.839999999999688107e+00,6.089692200610409278e-01,2.988098513285436519e-02,-4.399297276785030242e-02,1.364881368759862212e+01,3.686787843230525663e-01,-8.158409774965997840e-01,8.518807940506842868e-01,6.110264409832902865e-01,7.021499999999784025e-01
3.844999999999687557e+00,6.107618981264163471e-01,3.030985552143629011e-02,-4.635582117377377159e-02,1.376974755946065443e+01,3.686295991305510444e-01,-8.158556483239861601e-01,8.511060227933456845e-01,6.128696858987144891e-01,7.036499999999782373e-01
3.849999999999687006e+00,6.125534258944134169e-01,3.074244191209568253e-02,-4.869849612430610791e-02,1.389080224337820546e+01,3.685790224655380309e-01,-8.158728142429375607e-01,8.503400027713948761e-01,6.147126807247651481e-01,7.051499999999780721e-01
3.854999999999686455e+00,6.143437879432862569e-01,3.117874381125367023e-02,-5.102110499427765788e-02,1.401197264478780724e+01,3.685270666044254684e-01,-8.158924638166270560e-01,8.495826791510882048e-01,6.165554185408358423e-01,7.066499999999779069e-01
3.859999999999685905e+00,6.161329689432055723e-01,3.161876050958321860e-02,-5.332375475303915979e-02,1.413325375265744732e+01,3.684737437287002315e-01,-8.159145841427275503e-01,8.488339958922508366e-01,6.183978924874181660e-01,7.081499999999777417e-01
3.864999999999685354e+00,6.179209536566344640e-01,3.206249108531269293e-02,-5.560655196009296752e-02,1.425464063889014099e+01,3.684190659255144329e-01,-8.159391609153676672e-01,8.480938958256358795e-01,6.202400957656283298e-01,7.096499999999775765e-01
3.869999999999684803e+00,6.197077269386825904e-01,3.250993440751524105e-02,-5.786960276054934488e-02,1.437612845770898673e+01,3.683630451883689871e-01,-8.159661785070317919e-01,8.473623207062261908e-01,6.220820216367379807e-01,7.111499999999774113e-01
3.874999999999684253e+00,6.214932737374398997e-01,3.296108913938292778e-02,-6.011301288121650988e-02,1.449771244502474410e+01,3.683056934176128228e-01,-8.159956200134134141e-01,8.466392112995412278e-01,6.239236634217071309e-01,7.126499999999772461e-01
3.879999999999683702e+00,6.232775790942889360e-01,3.341595374148477460e-02,-6.233688762619459672e-02,1.461938791778690749e+01,3.682470224212019416e-01,-8.160274673470202522e-01,8.459245074152472732e-01,6.257650145007207509e-01,7.141499999999770809e-01
3.884999999999683151e+00,6.250606281441951628e-01,3.387452647500752145e-02,-6.454133187320468257e-02,1.474115027331928296e+01,3.681870439150741747e-01,-8.160617012584115981e-01,8.452181480092707533e-01,6.276060683127281381e-01,7.156499999999769157e-01
3.889999999999682601e+00,6.268424061159779681e-01,3.433680540497840994e-02,-6.672645006947598711e-02,1.486299498864093493e+01,3.681257695240343075e-01,-8.160983014335649877e-01,8.445200712059830472e-01,6.294468183549850604e-01,7.171499999999767505e-01
3.894999999999682050e+00,6.286228983325609088e-01,3.480278840346912733e-02,-6.889234622845762102e-02,1.498491761977345327e+01,3.680632107821598664e-01,-8.161372465136067511e-01,8.438302143943421374e-01,6.312872581825997864e-01,7.186499999999765853e-01
3.899999999999681499e+00,6.304020902112015268e-01,3.527247315278003725e-02,-7.103912392588461466e-02,1.510691380103540915e+01,3.679993791336878539e-01,-8.161785141939408295e-01,8.431485142409911315e-01,6.331273814080820017e-01,7.201499999999764201e-01
3.904999999999680949e+00,6.321799672637007372e-01,3.574585714860387814e-02,-7.316688629666262544e-02,1.522897924432484196e+01,3.679342859333543103e-01,-8.162220812284701754e-01,8.424749067947365777e-01,6.349671817008943897e-01,7.216499999999762549e-01
3.909999999999680398e+00,6.339565150965944529e-01,3.622293770316834666e-02,-7.527573603153837889e-02,1.535110973839057991e+01,3.678679424473671467e-01,-8.162679235257700450e-01,8.418093274956107708e-01,6.368066527870079874e-01,7.231499999999760897e-01
3.914999999999679847e+00,6.357317194113242254e-01,3.670371194835674727e-02,-7.736577537374152158e-02,1.547330114809333779e+01,3.678003598538236996e-01,-8.163160161752984756e-01,8.411517112504927063e-01,6.386457884484612046e-01,7.246499999999759245e-01
3.919999999999679297e+00,6.375055660043891237e-01,3.718817683880600022e-02,-7.943710611629849205e-02,1.559554941365704650e+01,3.677315492434404254e-01,-8.163663334887785172e-01,8.405019924902845663e-01,6.404845825229210643e-01,7.261499999999757593e-01
3.924999999999678746e+00,6.392780407674797383e-01,3.767632915498161927e-02,-8.148982959903557088e-02,1.571785054991159036e+01,3.676615216203798497e-01,-8.164188490790759145e-01,8.398601051863229250e-01,6.423230289032492157e-01,7.276499999999755941e-01
3.929999999999678195e+00,6.410491296875929779e-01,3.816816550622881277e-02,-8.352404670558935540e-02,1.584020064552727902e+01,3.675902879026805015e-01,-8.164735358777452934e-01,8.392259829249886227e-01,6.441611215370699473e-01,7.291499999999754289e-01
3.934999999999677645e+00,6.428188188471288811e-01,3.866368233379909730e-02,-8.553985786126237778e-02,1.596259586224201676e+01,3.675178589230461701e-01,-8.165303661740913599e-01,8.385995589577152076e-01,6.459988544263425281e-01,7.306499999999752637e-01
3.939999999999677094e+00,6.445870944239704414e-01,3.916287591385238936e-02,-8.753736303018649911e-02,1.608503243408176786e+01,3.674442454297036087e-01,-8.165893116996852941e-01,8.379807662025123838e-01,6.478362216269361040e-01,7.321499999999750985e-01
3.944999999999676543e+00,6.463539426915446695e-01,3.966574236043338836e-02,-8.951666171311595255e-02,1.620750666657489703e+01,3.673694580867324366e-01,-8.166503436186038911e-01,8.373695373368581496e-01,6.496732172482095891e-01,7.336499999999749333e-01
3.949999999999675993e+00,6.481193500188672241e-01,4.017227762842226491e-02,-9.147785294502953912e-02,1.633001493596115594e+01,3.672935074750445228e-01,-8.167134326009697354e-01,8.367658048043982166e-01,6.515098354525930002e-01,7.351499999999747681e-01
3.954999999999675442e+00,6.498833028705703896e-01,4.068247751645904381e-02,-9.342103529324681521e-02,1.645255368839585230e+01,3.672164040929378759e-01,-8.167785488393300986e-01,8.361695008760136050e-01,6.533460704551736775e-01,7.366499999999746029e-01
3.959999999999674891e+00,6.516457878069139564e-01,4.119633766984139717e-02,-9.534630685526185312e-02,1.657511943914970587e+01,3.671381583569339746e-01,-8.168456621106101601e-01,8.355805576625958686e-01,6.551819165232852793e-01,7.381499999999744377e-01
3.964999999999674341e+00,6.534067914837806690e-01,4.171385358339530641e-02,-9.725376525700950292e-02,1.669770877180521040e+01,3.670587806023016264e-01,-8.169147417860859184e-01,8.349989071771198867e-01,6.570173679761008856e-01,7.396499999999742725e-01
3.969999999999673790e+00,6.551663006526553534e-01,4.223502060431828797e-02,-9.914350765108623231e-02,1.682031833744980531e+01,3.669782810839101739e-01,-8.169857568863523323e-01,8.344244813491468182e-01,6.588524191842293209e-01,7.411499999999741073e-01
3.974999999999673239e+00,6.569243021605878363e-01,4.275983393499498131e-02,-1.010156307149852328e-01,1.694294485386633298e+01,3.668966699768257955e-01,-8.170586761030810274e-01,8.338572120699937473e-01,6.606870645693145860e-01,7.426499999999739421e-01
3.979999999999672688e+00,6.586807829501420963e-01,4.328828863578457198e-02,-1.028702306498301133e-01,1.706558510472183698e+01,3.668139573770557993e-01,-8.171334678258200812e-01,8.332970312303812355e-01,6.625212986036393970e-01,7.441499999999737769e-01
3.984999999999672138e+00,6.604357300593299840e-01,4.382037962778013301e-02,-1.047074031788529924e-01,1.718823593875434241e+01,3.667301533023606952e-01,-8.172101001953638866e-01,8.327438707291375808e-01,6.643551158097323883e-01,7.456499999999736117e-01
3.989999999999671587e+00,6.621891306215297313e-01,4.435610169553923232e-02,-1.065272435461454698e-01,1.731089426895882966e+01,3.666452676927831611e-01,-8.172885411101580289e-01,8.321976625265039562e-01,6.661885107599779809e-01,7.471499999999734465e-01
3.994999999999671036e+00,6.639409718653913606e-01,4.489544948978579919e-02,-1.083298465155278084e-01,1.743355707177246572e+01,3.665593104114745482e-01,-8.173687582662165774e-01,8.316583386616480666e-01,6.680214780762304683e-01,7.486499999999732813e-01
3.999999999999670486e+00,6.656912411147272168e-01,4.543841753008307643e-02,-1.101153063694406270e-01,1.755622138625962592e+01,3.664722912453778347e-01,-8.174507191837609987e-01,8.311258312812443982e-01,6.698540124294322107e-01,7.501499999999731161e-01
4.004999999999672156e+00,6.674399258471750418e-01,4.598500048818095903e-02,-1.118837376563762004e-01,1.767887607157684116e+01,3.663843038804470709e-01,-8.151702576863194549e-01,8.282359391288459660e-01,6.716861086808444403e-01,7.516454999999735431e-01
4.009999999999673825e+00,6.691870149679954860e-01,4.653519409484550839e-02,-1.136355041762684287e-01,1.780147707359910569e+01,3.662958520696631970e-01,-7.971482226179362751e-01,8.412932596807929375e-01,6.735177633763897997e-01,7.531334999999740321e-01
4.014999999999675495e+00,6.709330736167924414e-01,4.708917836881511970e-02,-1.154368524271235097e-01,1.792397756706112588e+01,3.664081868709327394e-01,-7.791809322979154073e-01,8.544735204121275407e-01,6.753495780545105687e-01,7.546139999999745829e-01
4.019999999999677165e+00,6.726790514746971983e-01,4.764725911991587320e-02,-1.173979530590468917e-01,1.804633537496784612e+01,3.667220377537084852e-01,-7.631265578480513900e-01,8.658991589028647295e-01,6.771825588407036633e-01,7.560869999999750846e-01
4.024999999999678835e+00,6.744258328257335400e-01,4.820972530401516215e-02,-1.196216097050332022e-01,1.816851196243675659e+01,3.672144499337687829e-01,-7.517099613636719635e-01,8.728295560800769515e-01,6.790176444451402338e-01,7.575524999999755371e-01
4.029999999999680504e+00,6.761740929493749164e-01,4.877680189662194493e-02,-1.221869137783411358e-01,1.829047179143256940e+01,3.678278883625846207e-01,-7.448548015890245066e-01,8.753284267519126916e-01,6.808555550301026438e-01,7.590104999999759405e-01
4.034999999999682174e+00,6.779242357049074519e-01,4.934862791673984284e-02,-1.251421476058298121e-01,1.841218184175736639e+01,3.685058151177704189e-01,-7.418516854256593795e-01,8.740946332465708846e-01,6.826967260650887992e-01,7.604609999999764058e-01
4.039999999999683844e+00,6.796764218130630919e-01,4.992526366980731822e-02,-1.285080227142454956e-01,1.853361124346475108e+01,3.692007352899264738e-01,-7.415229902023761088e-01,8.702970006318386798e-01,6.845413374619634395e-01,7.619039999999769330e-01
4.044999999999685514e+00,6.814306292240733809e-01,5.050670885056792597e-02,-1.322845676437669205e-01,1.865473097140066017e+01,3.698801217924584384e-01,-7.427550914734014631e-01,8.650417949199796785e-01,6.863893765748104725e-01,7.633394999999774111e-01
4.049999999999687184e+00,6.831867221662207834e-01,5.109292411393069611e-02,-1.364589994958989305e-01,1.877551358296861750e+01,3.705255755225885239e-01,-7.446607338879287497e-01,8.592101707155583856e-01,6.882407105227061894e-01,7.647674999999778400e-01
4.054999999999688853e+00,6.849445101475689635e-01,5.168384995188849557e-02,-1.410124444435631175e-01,1.889593298997086279e+01,3.711299236904783139e-01,-7.466557517761175378e-01,8.533812852510748170e-01,6.900951481235575447e-01,7.661879999999783308e-01
4.059999999999690523e+00,6.867037902849133513e-01,5.227942053333125422e-02,-1.459247529284701250e-01,1.901596426212982394e+01,3.716933509720627415e-01,-7.484294598900574913e-01,8.478617508338072151e-01,6.919524844153399634e-01,7.676009999999787725e-01
4.064999999999692193e+00,6.884643722797241239e-01,5.287957208100215606e-02,-1.511773329750354111e-01,1.913558346135693711e+01,3.722199155806827364e-01,-7.498781675983751116e-01,8.427519646529536557e-01,6.938125269870790701e-01,7.690064999999792761e-01
4.069999999999693863e+00,6.902260892525580172e-01,5.348424667568023316e-02,-1.567543691087722180e-01,1.925476750554178551e+01,3.727149180967521680e-01,-7.510276834865676765e-01,8.380234551431802181e-01,6.956751074488671804e-01,7.704044999999797305e-01
4.074999999999695532e+00,6.919887989106591197e-01,5.409339285444866169e-02,-1.626429384704577430e-01,1.937349405950966386e+01,3.731832607739112295e-01,-7.519666773070881050e-01,8.335853841560694200e-01,6.975400827185016528e-01,7.717949999999801358e-01
4.079999999999697202e+00,6.937523793671391825e-01,5.470696437808748175e-02,-1.688325178239271640e-01,1.949174144979611967e+01,3.736286569421417569e-01,-7.527986229593518486e-01,8.293324865028833814e-01,6.994073306561409131e-01,7.731779999999806030e-01
4.084999999999698872e+00,6.955167229715309984e-01,5.532491826995372675e-02,-1.753142655670419936e-01,1.960948859931623289e+01,3.740534522682930629e-01,-7.536133426588534912e-01,8.251734290586519860e-01,7.012767435826018358e-01,7.745534999999810211e-01
4.089999999999700542e+00,6.972817303375945519e-01,5.594721286553214212e-02,-1.820803286062638859e-01,1.972671497793290385e+01,3.744588072662810019e-01,-7.544746286799258739e-01,8.210431128345926366e-01,7.031482219884783724e-01,7.759214999999815010e-01
4.094999999999702212e+00,6.990473056912194227e-01,5.657380626874223412e-02,-1.891233023224112852e-01,1.984340056524439788e+01,3.748450358565978413e-01,-7.554189218723305066e-01,8.169039367042588706e-01,7.050216696244232528e-01,7.772819999999819318e-01
4.099999999999703881e+00,7.008133538710432653e-01,5.720465534737292912e-02,-1.964358813960040417e-01,1.995952582246620466e+01,3.752119591120011699e-01,-7.564601475295094080e-01,8.127409190823147167e-01,7.068969903299914259e-01,7.786349999999824245e-01
4.104999999999705551e+00,7.025797788263609123e-01,5.783971523113361213e-02,-2.040106833713041801e-01,2.007507167091978673e+01,3.755591959620936393e-01,-7.575968704302389334e-01,8.085545123500814668e-01,7.087740864421104847e-01,7.799804999999828681e-01
4.109999999999707221e+00,7.043464832276130627e-01,5.847893919174509264e-02,-2.118402005833735224e-01,2.019001947525783081e+01,3.758863616192019697e-01,-7.588192538992396541e-01,8.043536220610961740e-01,7.106528583801539067e-01,7.813184999999832625e-01
4.114999999999708891e+00,7.061133687592535679e-01,5.912227876296397705e-02,-2.199168308852299802e-01,2.030435103008097641e+01,3.761931765344077583e-01,-7.601145179764865478e-01,8.001501332580700510e-01,7.125332049546070357e-01,7.826489999999837188e-01
4.119999999999710560e+00,7.078803367265706914e-01,5.976968397504178743e-02,-2.282329447321022886e-01,2.041804854901105415e+01,3.764795052706952361e-01,-7.614704980018281999e-01,7.959553406428102607e-01,7.144150240101354576e-01,7.839719999999841260e-01
4.124999999999712230e+00,7.096472887148022046e-01,6.042110361209479530e-02,-2.367809584710140469e-01,2.053109465558237900e+01,3.767453496934619062e-01,-7.628774693599847945e-01,7.917781154842046254e-01,7.162982131258653906e-01,7.852874999999845951e-01
4.129999999999713900e+00,7.114141271484112350e-01,6.107648543751628689e-02,-2.455533962924344726e-01,2.064347237551201886e+01,3.769908187016289269e-01,-7.643286733162608648e-01,7.876243734349070991e-01,7.181826702111627769e-01,7.865954999999850150e-01
4.134999999999715570e+00,7.131807556874387721e-01,6.173577636336689822e-02,-2.545429335610104871e-01,2.075516513003478991e+01,3.772160910993928029e-01,-7.658200361726333893e-01,7.834973504867840388e-01,7.200682939294147378e-01,7.878959999999853858e-01
4.139999999999717240e+00,7.149470794588193012e-01,6.239892256144340815e-02,-2.637424212667802137e-01,2.086615673007955962e+01,3.774213820461422286e-01,-7.673495064736404192e-01,7.793982619272785684e-01,7.219549839470488228e-01,7.891889999999858185e-01
4.144999999999718909e+00,7.167130051527560441e-01,6.306586952567982962e-02,-2.731448950612824222e-01,2.097643137108886791e+01,3.776069178215301636e-01,-7.689163166391472792e-01,7.753270377846961381e-01,7.238426410393743460e-01,7.904744999999863131e-01
4.149999999999720579e+00,7.184784410268424404e-01,6.373656210062733640e-02,-2.827435737925713122e-01,2.108597362833770106e+01,3.777729198435522129e-01,-7.705203441766743655e-01,7.712829595480383826e-01,7.257311670984004648e-01,7.917524999999867585e-01
4.154999999999722249e+00,7.202432968580195771e-01,6.441094449030131119e-02,-2.925318521600449029e-01,2.119476845261147702e+01,3.779195968995048283e-01,-7.721616544122011927e-01,7.672651158914227665e-01,7.276204650851866296e-01,7.930229999999871549e-01
4.159999999999723919e+00,7.220074838741261658e-01,6.508896025899602034e-02,-3.025032911460013296e-01,2.130280116614450847e+01,3.780471430900899654e-01,-7.738402239692663276e-01,7.632726782425511836e-01,7.295104389605320261e-01,7.942859999999875020e-01
4.164999999999725588e+00,7.237709146854454101e-01,6.577055233171517912e-02,-3.126516085713344495e-01,2.141005745872436705e+01,3.781557392415714758e-01,-7.755558185283896178e-01,7.593050225199587944e-01,7.314009936157925829e-01,7.955414999999879111e-01
4.169999999999727258e+00,7.255335032269346618e-01,6.645566299836747071e-02,-3.229706710013184323e-01,2.151652338388978691e+01,3.782455558269415818e-01,-7.773079736453679667e-01,7.553617481706024206e-01,7.332920348152890400e-01,7.967894999999883821e-01
4.174999999999728928e+00,7.272951647144766385e-01,6.714423392315231609e-02,-3.334544873772727902e-01,2.162218535516623064e+01,3.783167560908304305e-01,-7.790960341885008189e-01,7.514426388649367849e-01,7.351834691539295141e-01,7.980299999999888039e-01
4.179999999999730598e+00,7.290558156139863577e-01,6.783620615883528826e-02,-3.440972042291399746e-01,2.172703014229745122e+01,3.783694986396138882e-01,-7.809192161315717806e-01,7.475476010411289396e-01,7.370752040288520712e-01,7.992629999999891766e-01
4.184999999999732267e+00,7.308153736200639905e-01,6.853152016474904629e-02,-3.548931020769290345e-01,2.183104486744369055e+01,3.784039392197677820e-01,-7.827766673825127253e-01,7.436766035593653790e-01,7.389671476215790014e-01,8.004884999999896111e-01
4.189999999999733937e+00,7.325737576404445228e-01,6.923011582712924883e-02,-3.658365925788237272e-01,2.193421700132628871e+01,3.784202317036656216e-01,-7.846675154061489854e-01,7.398296306614752238e-01,7.408592088866837733e-01,8.017064999999899966e-01
4.194999999999735607e+00,7.343308877830282411e-01,6.993193248055522282e-02,-3.769222160474248740e-01,2.203653435930614890e+01,3.784185284567425644e-01,-7.865908979070636020e-01,7.360066519350260128e-01,7.427512975435279774e-01,8.029169999999904439e-01
4.199999999999737277e+00,7.360866853432352919e-01,7.063690892959917367e-02,-3.881446390649632705e-01,2.213798509738847287e+01,3.783989803062481339e-01,-7.885459780435432053e-01,7.322076077859324128e-01,7.446433240686374244e-01,8.041199999999908421e-01
4.204999999999738947e+00,7.378410727903997879e-01,7.134498347014732456e-02,-3.994986520463703061e-01,2.223855770815004007e+01,3.783617363119315957e-01,-7.905319480038413005e-01,7.284324065710092722e-01,7.465351996873268448e-01,8.053154999999911912e-01
4.209999999999740616e+00,7.395939737527212898e-01,7.205609391016003229e-02,-4.109791666884097805e-01,2.233824101658785111e+01,3.783069434892465943e-01,-7.925480256475923024e-01,7.246809286758877366e-01,7.484268363640336208e-01,8.065034999999916021e-01
4.214999999999742286e+00,7.413453130008187397e-01,7.277017758984617724e-02,-4.225812133084692057e-01,2.243702417588932008e+01,3.782347465750539595e-01,-7.945934478450542571e-01,7.209530338978256125e-01,7.503181467913956348e-01,8.076839999999919639e-01
4.219999999999743956e+00,7.430950164302240202e-01,7.348717140134453096e-02,-4.342999381089445721e-01,2.253489666312570705e+01,3.781452878790018679e-01,-7.966674634475555683e-01,7.172485691945923447e-01,7.522090443784129610e-01,8.088569999999923876e-01
4.224999999999745626e+00,7.448430110432410212e-01,7.420701180804861741e-02,-4.461306004146076698e-01,2.263184827487093642e+01,3.780387072260610326e-01,-7.987693273943108352e-01,7.135673752903977096e-01,7.540994432381402657e-01,8.100224999999927622e-01
4.229999999999747295e+00,7.465892249305700057e-01,7.492963486370492199e-02,-4.580685699271463962e-01,2.272786912274863269e+01,3.779151419762872832e-01,-8.008982966335151943e-01,7.099092914578861713e-01,7.559892581753241414e-01,8.111804999999931987e-01
4.234999999999748965e+00,7.483335872530544330e-01,7.565497623141165251e-02,-4.701093240375375792e-01,2.282294962890986412e+01,3.777747271083788938e-01,-8.030536278689874852e-01,7.062741584656813121e-01,7.578784046743595182e-01,8.123309999999935860e-01
4.239999999999750635e+00,7.500760282235254817e-01,7.638297120245818306e-02,-4.822484451905167391e-01,2.291708052144882757e+01,3.776175952944713643e-01,-8.052345771033582178e-01,7.026618196995186860e-01,7.597667988875178580e-01,8.134739999999939242e-01
4.244999999999752305e+00,7.518164790892128968e-01,7.711355471522465810e-02,-4.944816183546855703e-01,2.301025282975438913e+01,3.774438770505883500e-01,-8.074403990023439892e-01,6.990721224712774795e-01,7.616543576239556135e-01,8.146094999999943242e-01
4.249999999999753975e+00,7.535548721144949003e-01,7.784666137400057806e-02,-5.068046285706888643e-01,2.310245787980655052e+01,3.772537008481494647e-01,-8.096703487482151962e-01,6.955049167996195658e-01,7.635409983392387190e-01,8.157374999999946752e-01
4.254999999999755644e+00,7.552911405640465592e-01,7.858222546774222550e-02,-5.192133585823079933e-01,2.319368728942087898e+01,3.770471932200250009e-01,-8.119236827568697690e-01,6.919600553124501952e-01,7.654266391254379576e-01,8.168579999999950880e-01
4.259999999999757314e+00,7.570252186863407617e-01,7.932018098873788725e-02,-5.317037865443943190e-01,2.328393296344610874e+01,3.768244788606819884e-01,-8.141996598304651611e-01,6.884373926909815866e-01,7.673111987017366964e-01,8.179709999999954517e-01
4.264999999999758984e+00,7.587570416974684928e-01,8.006046165115655866e-02,-5.442719838024074885e-01,2.337318708891962871e+01,3.765856807149231544e-01,-8.164975420943093587e-01,6.849367853053557331e-01,7.691945964055059148e-01,8.190764999999957663e-01
4.269999999999760654e+00,7.604865457652396632e-01,8.080300090945484459e-02,-5.569141127380603518e-01,2.346144213018629188e+01,3.763309200579201264e-01,-8.188165958187185733e-01,6.814580909397767172e-01,7.710767521837956773e-01,8.201744999999961427e-01
4.274999999999762323e+00,7.622136679935379577e-01,8.154773197662197604e-02,-5.696264246767828165e-01,2.354869082398603908e+01,3.760603165679124449e-01,-8.211560920746134862e-01,6.780011686572802176e-01,7.729575865852051919e-01,8.212649999999965811e-01
4.279999999999763993e+00,7.639383464069089413e-01,8.229458784224714940e-02,-5.824052578536809133e-01,2.363492617451553812e+01,3.757739883935543035e-01,-8.235153072745166059e-01,6.745658787516622956e-01,7.748370207521003694e-01,8.223479999999969703e-01
4.284999999999765663e+00,7.656605199353657687e-01,8.304350129039698991e-02,-5.952470354357263238e-01,2.372014144846967909e+01,3.754720522172012576e-01,-8.258935236309612460e-01,6.711520827538770551e-01,7.767149764131562328e-01,8.234234999999973104e-01
4.289999999999767333e+00,7.673801283994056144e-01,8.379440491729410467e-02,-6.081482635975269391e-01,2.380433017006813046e+01,3.751546233149993248e-01,-8.282900295785022848e-01,6.677596434463184405e-01,7.785913758762051939e-01,8.244914999999976013e-01
4.294999999999769003e+00,7.690971124952278304e-01,8.454723114878924528e-02,-6.211055296498152467e-01,2.388748611607276473e+01,3.748218156140363244e-01,-8.307041201240396022e-01,6.643884249200396885e-01,7.804661420213780954e-01,8.255519999999979541e-01
4.299999999999770672e+00,7.708114137801775900e-01,8.530191225762996654e-02,-6.341155002215554948e-01,2.396960331080249063e+01,3.744737417534310664e-01,-8.331350972237709929e-01,6.610382925685760469e-01,7.823391982945530065e-01,8.266049999999982578e-01
4.304999999999772342e+00,7.725229746583146540e-01,8.605838038048985172e-02,-6.471749194846631026e-01,2.405067602114648295e+01,3.741105131255591520e-01,-8.355822702336428431e-01,6.577091129989753870e-01,7.842104687010001962e-01,8.276504999999986234e-01
4.309999999999774012e+00,7.742317383661901919e-01,8.681656753478335375e-02,-6.602806074285734184e-01,2.413069875158489097e+01,3.737322399156414732e-01,-8.380449559585335662e-01,6.544007543231261659e-01,7.860798777993045494e-01,8.286884999999989398e-01
4.314999999999775682e+00,7.759376489588247772e-01,8.757640563525995181e-02,-6.734294581842267258e-01,2.420966623922279126e+01,3.733390311702379782e-01,-8.405224791731491507e-01,6.511130859038998242e-01,7.879473506955496642e-01,8.297189999999993182e-01
4.319999999999777351e+00,7.776406512958585759e-01,8.833782651036750644e-02,-6.866184383921296597e-01,2.428757344884023439e+01,3.729309948444761158e-01,-8.430141728655619060e-01,6.478459783627300572e-01,7.898128130377295442e-01,8.307419999999996474e-01
4.324999999999779021e+00,7.793406910278922739e-01,8.910076191838509074e-02,-6.998445856170462109e-01,2.436441556796564001e+01,3.725082378324570120e-01,-8.455193784493129083e-01,6.445993036317891889e-01,7.916761910103961020e-01,8.317574999999999275e-01
4.329999999999780691e+00,7.810377145829563439e-01,8.986514356330864428e-02,-7.131050068000901465e-01,2.444018800197260788e+01,3.720708660079205532e-01,-8.480374463364648285e-01,6.413729345937193571e-01,7.935374113294769716e-01,8.327655000000002694e-01
4.334999999999782361e+00,7.827316691531293058e-01,9.063090311049160075e-02,-7.263968767516005842e-01,2.451488636920705488e+01,3.716189842580308045e-01,-8.505677358893725115e-01,6.381667453186624650e-01,7.953964012372748416e-01,8.337660000000005622e-01
4.339999999999784031e+00,7.844225026813278490e-01,9.139797220204648465e-02,-7.397174366843197735e-01,2.458850649615038009e+01,3.711526965239661524e-01,-8.531096156792379315e-01,6.349806109603415294e-01,7.972530884976671839e-01,8.347590000000009169e-01
4.344999999999785700e+00,7.861101638481799991e-01,9.216628247197990176e-02,-7.530639927782227794e-01,2.466104441261676783e+01,3.706721058206303709e-01,-8.556624636983032328e-01,6.318144077064522524e-01,7.991074013914097884e-01,8.357445000000012225e-01
4.349999999999787370e+00,7.877946020590603782e-01,9.293576556108533449e-02,-7.664339147834563493e-01,2.473249634699385879e+01,3.701773142700400809e-01,-8.582256672939622133e-01,6.286680129580771714e-01,8.009592687116194876e-01,8.367225000000014790e-01
4.354999999999789040e+00,7.894757674312614659e-01,9.370635313158547086e-02,-7.798246346588948441e-01,2.480285872152802895e+01,3.696684231277074795e-01,-8.607986233885991378e-01,6.255413052223126602e-01,8.028086197594029860e-01,8.376930000000017973e-01
4.359999999999790710e+00,7.911536107813033070e-01,9.447797688152598239e-02,-7.932336452447518171e-01,2.487212814765849345e+01,3.691455328273040570e-01,-8.633807386274939821e-01,6.224341639924623193e-01,8.046553843396321293e-01,8.386560000000021775e-01
4.364999999999792379e+00,7.928280836123884345e-01,9.525056855892068131e-02,-8.066584989696176100e-01,2.494030142140355011e+01,3.686087429783325708e-01,-8.659714293404746632e-01,6.193464699278862229e-01,8.064994927568637229e-01,8.396115000000025086e-01
4.369999999999794049e+00,7.944991381019278487e-01,9.602405997563130680e-02,-8.200968065840125165e-01,2.500737551879509013e+01,3.680581524116417480e-01,-8.685701219804349282e-01,6.162781043903593492e-01,8.083408758113258541e-01,8.405595000000027905e-01
4.374999999999795719e+00,7.961667270892353043e-01,9.679838302100471359e-02,-8.335462359283015710e-01,2.507334759137486202e+01,3.674938591893730511e-01,-8.711762526606768864e-01,6.132289499601940586e-01,8.101794647950641970e-01,8.415000000000030234e-01
4.379999999999797389e+00,7.978308040633163012e-01,9.757346967525229453e-02,-8.470045107281695129e-01,2.513821496174627157e+01,3.669159606281868213e-01,-8.737892675532572540e-01,6.101988900471697619e-01,8.120151914881683641e-01,8.424330000000033181e-01
4.384999999999799059e+00,7.994913231507725371e-01,9.834925202257839560e-02,-8.604694094180252995e-01,2.520197511918643940e+01,3.663245533164214973e-01,-8.764086227709717569e-01,6.071878090029765307e-01,8.138479881550965134e-01,8.433585000000036747e-01
4.389999999999800728e+00,8.011482391038160511e-01,9.912566226405700176e-02,-8.739387639915758843e-01,2.526462571532052337e+01,3.657197331316154321e-01,-8.790337843625778413e-01,6.041955921057190482e-01,8.156777875410869960e-01,8.442765000000039821e-01
4.394999999999802398e+00,8.028015072883918357e-01,9.990263273025992707e-02,-8.874104588787304904e-01,2.532616455985988324e+01,3.651015952568439360e-01,-8.816642282860804869e-01,6.012221255522036678e-01,8.175045228686533827e-01,8.451870000000042404e-01
4.399999999999804068e+00,8.044510836724095837e-01,1.006800958936390072e-01,-9.008824298480414550e-01,2.538658961640605582e+01,3.644702341960265324e-01,-8.842994403705861650e-01,5.982672964478024102e-01,8.193281278341592033e-01,8.460900000000045607e-01
4.404999999999805738e+00,8.060969248140782417e-01,1.014579843806648063e-01,-9.143526629333491584e-01,2.544589899832152113e+01,3.638257437867558064e-01,-8.869389162714553798e-01,5.953309927978926996e-01,8.211485366044641854e-01,8.469855000000048317e-01
4.409999999999807407e+00,8.077389878503491438e-01,1.022362309837265004e-01,-9.278191933856477780e-01,2.550409096467056358e+01,3.631682172221966654e-01,-8.895821613653333015e-01,5.924131034848584276e-01,8.229656838136424346e-01,8.478735000000051647e-01
4.414999999999809077e+00,8.093772304854619515e-01,1.030147686727966444e-01,-9.412801046474297273e-01,2.556116391622983386e+01,3.624977470411093194e-01,-8.922286907309346926e-01,5.895135183381177146e-01,8.247795045597684505e-01,8.487540000000054485e-01
4.419999999999810747e+00,8.110116109795648676e-01,1.037935306068605568e-01,-9.547335273475416884e-01,2.561711639156746045e+01,3.618144251728248051e-01,-8.948780291467699488e-01,5.866321278180728349e-01,8.265899344017360040e-01,8.496270000000056832e-01
4.424999999999812417e+00,8.126420881374692984e-01,1.045724501451272409e-01,-9.681776383214960591e-01,2.567194706320438158e+01,3.611183429140411016e-01,-8.975297106187094531e-01,5.837688235706663953e-01,8.283969093561728281e-01,8.504925000000059798e-01
4.429999999999814086e+00,8.142686212974643567e-01,1.053514608580167627e-01,-9.816106596496070313e-01,2.572565473384467083e+01,3.604095909627778038e-01,-9.001832787731725016e-01,5.809234977594646132e-01,8.302003658943711839e-01,8.513505000000062273e-01
4.434999999999815756e+00,8.158911703202192944e-01,1.061304965379363807e-01,-9.950308577149978850e-01,2.577823833268547205e+01,3.596882594091834751e-01,-9.028382863178590068e-01,5.780960435313942103e-01,8.320002409392673881e-01,8.522010000000065366e-01
4.439999999999817426e+00,8.175096955777608754e-01,1.069094912098535882e-01,-1.008436542281336168e+00,2.582969691180899474e+01,3.589544377511247886e-01,-9.054942950246651634e-01,5.752863548019038209e-01,8.337964718624537586e-01,8.530440000000067968e-01
4.444999999999819096e+00,8.191241579425218022e-01,1.076883791416801545e-01,-1.021826065587496890e+00,2.588002964266074102e+01,3.582082148959178092e-01,-9.081508754849993981e-01,5.724943263025765727e-01,8.355889964812243109e-01,8.538795000000071189e-01
4.449999999999820766e+00,8.207345187764374383e-01,1.084670948544764479e-01,-1.035197821459846290e+00,2.592923581261703703e+01,3.574496791625921266e-01,-9.108076068405144277e-01,5.697198536016108150e-01,8.373777530556323345e-01,8.547075000000073919e-01
4.454999999999822435e+00,8.223407399200749479e-01,1.092455731324947638e-01,-1.048550244438332779e+00,2.597731482164907391e+01,3.566789182813867032e-01,-9.134640765488277747e-01,5.669628330438047925e-01,8.391626802855527423e-01,8.555280000000076157e-01
4.459999999999824105e+00,8.239427836817685424e-01,1.100237490330805284e-01,-1.061881808915597691e+00,2.602426617909164719e+01,3.558960193885957191e-01,-9.161198799412744176e-01,5.642231618419299988e-01,8.409437173077278782e-01,8.563410000000079014e-01
4.464999999999825775e+00,8.255406128267261945e-01,1.108015578964584719e-01,-1.075191028286599515e+00,2.607008950052764362e+01,3.551010690168996398e-01,-9.187746197637154388e-01,5.615007381129619723e-01,8.427208036927764656e-01,8.571465000000081380e-01
4.469999999999827445e+00,8.271341905660609672e-01,1.115789353554389740e-01,-1.088476454104869040e+00,2.611478450480139557e+01,3.542941530792583782e-01,-9.214279055863933143e-01,5.587954609590718436e-01,8.444938794421348316e-01,8.579445000000084365e-01
4.474999999999829114e+00,8.287234805456840103e-01,1.123558173450935199e-01,-1.101736675242378727e+00,2.615835101117817629e+01,3.534753568451339256e-01,-9.240793530092057395e-01,5.561072306510645991e-01,8.462628849848946588e-01,8.587350000000086858e-01
4.479999999999830784e+00,8.303084468349818392e-01,1.131321401124710524e-01,-1.114970317047324633e+00,2.620078893666787323e+01,3.526447649097747550e-01,-9.267285827166747980e-01,5.534359488474817068e-01,8.480277611744941879e-01,8.595180000000088860e-01
4.484999999999832454e+00,8.318890539151840846e-01,1.139078402264665918e-01,-1.128176040498122923e+00,2.624209829353565127e+01,3.518024611592285855e-01,-9.293752192006100588e-01,5.507815190155985752e-01,8.497884492852290084e-01,8.602935000000091481e-01
4.489999999999834124e+00,8.334652666673275645e-01,1.146828545880214378e-01,-1.141352541350923122e+00,2.628227918702295440e+01,3.509485287408115606e-01,-9.320188893281402542e-01,5.481438468165220623e-01,8.515448910085748890e-01,8.610615000000094721e-01
4.494999999999835794e+00,8.350370503597226435e-01,1.154571204409425567e-01,-1.154498549285968734e+00,2.632133181331919047e+01,3.500830500489936492e-01,-9.346592204363690648e-01,5.455228404667826769e-01,8.532970284493633928e-01,8.618220000000097469e-01
4.499999999999837463e+00,8.366043706347864317e-01,1.162305753837710037e-01,-1.167612827060834801e+00,2.635925645789214400e+01,3.492061067089046178e-01,-9.372958374541028315e-01,5.429184098204934417e-01,8.550448041218828843e-01,8.625750000000099726e-01
4.504999999999839133e+00,8.381671935506856963e-01,1.170031573577236944e-01,-1.180694177596464778e+00,2.639606179543780584e+01,3.483178004931382632e-01,-9.422920910287162499e-01,5.426941954354078668e-01,8.567881609843519541e-01,8.633205000000101492e-01
4.509999999999840803e+00,8.397254912771351387e-01,1.177748075229712033e-01,-1.193742107846626377e+00,2.643178725135973295e+01,3.474229006078093374e-01,-9.472097764096346628e-01,5.424117695575177978e-01,8.585270488212354278e-01,8.640585000000103877e-01
4.514999999999842473e+00,8.412792703543360284e-01,1.185454831704367273e-01,-1.206759993550297505e+00,2.646647616738161801e+01,3.465220887510447878e-01,-9.519724302642802449e-01,5.420123847025901664e-01,8.602614552974023887e-01,8.647890000000106880e-01
4.519999999999844142e+00,8.428284811823361089e-01,1.193151133916554585e-01,-1.219744777722721718e+00,2.650021393073388865e+01,3.456042304251721320e-01,-9.567385227895782718e-01,5.412010541253436946e-01,8.619913051764418466e-01,8.655120000000109393e-01
4.524999999999845812e+00,8.443730645899913956e-01,1.200836257834636406e-01,-1.232692393130326636e+00,2.653307572592042973e+01,3.446693509360788110e-01,-9.612855901740269271e-01,5.402908212263117793e-01,8.637165139149702853e-01,8.662275000000111413e-01
4.529999999999847482e+00,8.459129660533329931e-01,1.208509534575979427e-01,-1.245599408275958053e+00,2.656512289415121941e+01,3.437197048289649115e-01,-9.655794408289866126e-01,5.393772880353768784e-01,8.654370035244836057e-01,8.669355000000114053e-01
4.534999999999849152e+00,8.474481403244955580e-01,1.216170369530281958e-01,-1.258463594596571422e+00,2.659640713492802178e+01,3.427576923866999525e-01,-9.696513784236606703e-01,5.384716856281179798e-01,8.671527075755997016e-01,8.676360000000116202e-01
4.539999999999850822e+00,8.489785505018629941e-01,1.223818233982592596e-01,-1.271283808730201192e+00,2.662697324844483404e+01,3.417851958227672293e-01,-9.735601317473853156e-01,5.375455096830593638e-01,8.688635699989381012e-01,8.683290000000118969e-01
4.544999999999852491e+00,8.505041651747123899e-01,1.231452647590299959e-01,-1.284059637904815920e+00,2.665686095302052649e+01,3.408033199523947121e-01,-9.773601267513137847e-01,5.365663640484436003e-01,8.705695417534424774e-01,8.690145000000121245e-01
4.549999999999854161e+00,8.520249553398885345e-01,1.239073160227011916e-01,-1.296791017530952272e+00,2.668610610959478180e+01,3.398124923923332430e-01,-9.810910749460690639e-01,5.355110538860790026e-01,8.722705772614481878e-01,8.696925000000123029e-01
4.554999999999855831e+00,8.535408920308145131e-01,1.246679337857243275e-01,-1.309477936222354755e+00,2.671474155835378284e+01,3.388126719319857760e-01,-9.847756785141168479e-01,5.343696323691720096e-01,8.739666316603440510e-01,8.703630000000125433e-01
4.559999999999857501e+00,8.550519449007801809e-01,1.254270753596344601e-01,-1.322120257819641376e+00,2.674279769976643095e+01,3.378035729561710832e-01,-9.884228409647403124e-01,5.331433471668846069e-01,8.756576591390413666e-01,8.710260000000127345e-01
4.564999999999859170e+00,8.565580816652258456e-01,1.261846983419483703e-01,-1.334717648715741944e+00,2.677030290621810948e+01,3.367848421098484923e-01,-9.920324092460420795e-01,5.318406625167307888e-01,8.773436122501893086e-01,8.716815000000129876e-01
4.569999999999860840e+00,8.580592681499701335e-01,1.269407605194843025e-01,-1.347269579539728923e+00,2.679728382111532170e+01,3.357561712242590479e-01,-9.955997240218938948e-01,5.304732148869530928e-01,8.790244419126593822e-01,8.723295000000131916e-01
4.574999999999862510e+00,8.595554686749851125e-01,1.276952199632449270e-01,-1.359775368168253395e+00,2.682376558283958090e+01,3.347173508974951583e-01,-9.991190117151798056e-01,5.290527576714845193e-01,8.807000977995345092e-01,8.729700000000134574e-01
4.579999999999864180e+00,8.610466465531309010e-01,1.284480351994352620e-01,-1.372234237127997192e+00,2.684977199788706059e+01,3.336682805310531297e-01,-1.002585438041290633e+00,5.275893353502655314e-01,8.823705288627369248e-01,8.736030000000136742e-01
4.584999999999865850e+00,8.625327645582653302e-01,1.291991653794064554e-01,-1.384645367613386302e+00,2.687532567880613499e+01,3.326089524039171907e-01,-1.005996005210705757e+00,5.260905448051388378e-01,8.840356838295959641e-01,8.742285000000138417e-01
4.589999999999867519e+00,8.640137852883513769e-01,1.299485704077225634e-01,-1.397007941019850374e+00,2.690044815683203794e+01,3.315394247507221226e-01,-1.009349642291303306e+00,5.245615601081243806e-01,8.856955115866098627e-01,8.748465000000140712e-01
4.594999999999869189e+00,8.654896714033518679e-01,1.306962110154363532e-01,-1.409321165500437179e+00,2.692515997549269713e+01,3.304597941949835582e-01,-1.012646842692152216e+00,5.230055828536392948e-01,8.873499614265735191e-01,8.754570000000142516e-01
4.599999999999870859e+00,8.669603857513379364e-01,1.314420487832019258e-01,-1.421584289145302771e+00,2.694948076925427216e+01,3.293701732934906645e-01,-1.015889133430568636e+00,5.214244428811176668e-01,8.889989831731672787e-01,8.760600000000144938e-01
4.604999999999872529e+00,8.684258914118901940e-01,1.321860461272680309e-01,-1.433796603292540439e+00,2.697342932999103127e+01,3.282706752817684537e-01,-1.019078562912819841e+00,5.198191680207885357e-01,8.906425272148593697e-01,8.766555000000146869e-01
4.609999999999874198e+00,8.698861516886027268e-01,1.329281662632126326e-01,-1.445957439810008571e+00,2.699702366334397752e+01,3.271614057181944646e-01,-1.022217304198050014e+00,5.181904288195269270e-01,8.922805444832319077e-01,8.772435000000148309e-01
4.614999999999875868e+00,8.713411300777038626e-01,1.336683731601996938e-01,-1.458066165607428966e+00,2.702028103662692260e+01,3.260424594896644268e-01,-1.025307402071375051e+00,5.165388315477330572e-01,8.939129864056137853e-01,8.778240000000150367e-01
4.619999999999877538e+00,8.727907902318939870e-01,1.344066314947975627e-01,-1.470122176677197912e+00,2.704321801969320660e+01,3.249139212881086980e-01,-1.028350650174964187e+00,5.148650742694396154e-01,8.955398048531584276e-01,8.783970000000151934e-01
4.624999999999879208e+00,8.742350959304922009e-01,1.351429066095284626e-01,-1.482124892990098308e+00,2.706585051999594427e+01,3.237758678518294353e-01,-1.031348564322810857e+00,5.131700006653570068e-01,8.971609520965986295e-01,8.789625000000154120e-01
4.629999999999880878e+00,8.756740110604936955e-01,1.358771644781677779e-01,-1.494073754788965758e+00,2.708819381291761985e+01,3.226283707064805384e-01,-1.034302414294834493e+00,5.114545900839573278e-01,8.987763807747060074e-01,8.795205000000155815e-01
4.634999999999882547e+00,8.771074996087736553e-01,1.366093716776880240e-01,-1.505968220293389059e+00,2.711026256829205749e+01,3.214714986289107790e-01,-1.037213282026712813e+00,5.097199166755965738e-01,9.003860438756233764e-01,8.800710000000157018e-01
4.639999999999884217e+00,8.785355256632940701e-01,1.373394953656001116e-01,-1.517807764545340721e+00,2.713207087389347549e+01,3.203053194723061714e-01,-1.040082123332590536e+00,5.079671012288409226e-01,9.019898947285980295e-01,8.806140000000158841e-01
4.644999999999885887e+00,8.799580534069487703e-01,1.380675032523561441e-01,-1.529591877399164135e+00,2.715363225041446427e+01,3.191298936444965650e-01,-1.042909861121765980e+00,5.061973103101073956e-01,9.035878869868434471e-01,8.811495000000160172e-01
4.649999999999887557e+00,8.813750471296849520e-01,1.387933635849748215e-01,-1.541320063733666812e+00,2.717495967260212453e+01,3.179452975989909280e-01,-1.045697277068571518e+00,5.044116168442822623e-01,9.051799746317182871e-01,8.816775000000162121e-01
4.654999999999889226e+00,8.827864599282324587e-01,1.395170392643217128e-01,-1.552990540657439356e+00,2.719606067228790636e+01,3.167441718801329853e-01,-1.048484639218373760e+00,5.026508589296005969e-01,9.067660992339569015e-01,8.821980000000163580e-01
4.659999999999890896e+00,8.841922150378885847e-01,1.402384780680330512e-01,-1.564598092277382557e+00,2.721693232009704388e+01,3.155306289441213163e-01,-1.051235306872083441e+00,5.008798848322062458e-01,9.083461688817185964e-01,8.827110000000165657e-01
4.664999999999892566e+00,8.855922960149870127e-01,1.409576594320322285e-01,-1.576144450925024421e+00,2.723760074761955252e+01,3.143130248547654770e-01,-1.053652689063598658e+00,4.993084488163065937e-01,9.099201597743460379e-01,8.832165000000167243e-01
4.669999999999894236e+00,8.869866921066511534e-01,1.416745661490908803e-01,-1.587632052263861393e+00,2.725808762444880529e+01,3.130925458539534079e-01,-1.056082213166771755e+00,4.976289480878116067e-01,9.114880546974333253e-01,8.837145000000168338e-01
4.674999999999895905e+00,8.883753890814224397e-01,1.423891796988916436e-01,-1.599062948535912465e+00,2.727840934904874359e+01,3.118671030120290233e-01,-1.058567541978410631e+00,4.958202255775513989e-01,9.130498327336514786e-01,8.842050000000170051e-01
4.679999999999897575e+00,8.897583636548692665e-01,1.431014773707466603e-01,-1.610438110891518226e+00,2.729857909619342493e+01,3.106347248938494121e-01,-1.061117525212205148e+00,4.938871432161928143e-01,9.146054629903624944e-01,8.846880000000171274e-01
4.684999999999899245e+00,8.911355844235446799e-01,1.438114327001747961e-01,-1.621757532885616859e+00,2.731860799386216954e+01,3.093937218109244491e-01,-1.063694542391200759e+00,4.918759976333885175e-01,9.161549056305100525e-01,8.851635000000173115e-01
4.689999999999900915e+00,8.925070142627418157e-01,1.445190166557402123e-01,-1.633020516292712498e+00,2.733850580311245437e+01,3.081431172484727643e-01,-1.066261498771739813e+00,4.898296488616017963e-01,9.176981145482848712e-01,8.856315000000174464e-01
4.694999999999902585e+00,8.938726132224626975e-01,1.452241990902383706e-01,-1.644226019739214895e+00,2.735828131507626537e+01,3.068825447310287169e-01,-1.068789050291985010e+00,4.877815120504303548e-01,9.192350406086622350e-01,8.860920000000175323e-01
4.699999999999904254e+00,8.952323408291316120e-01,1.459269498948244648e-01,-1.655372935897757358e+00,2.737794258618762200e+01,3.056120927937734377e-01,-1.071261189275705572e+00,4.857506654664943690e-01,9.207656342225618573e-01,8.865450000000176800e-01
4.704999999999905924e+00,8.965861575719642484e-01,1.466272397401250649e-01,-1.666460269846653297e+00,2.739749708078450752e+01,3.043321023364944367e-01,-1.073673176047813538e+00,4.837443167478866490e-01,9.222898470079934352e-01,8.869905000000178896e-01
4.709999999999907594e+00,8.979340255975081231e-01,1.473250404136969838e-01,-1.677487221280820506e+00,2.741695176044834525e+01,3.030430046127092214e-01,-1.076028142045925229e+00,4.817614281665862919e-01,9.238076325623911789e-01,8.874285000000180501e-01
4.714999999999909264e+00,8.992759088222803676e-01,1.480203248598812860e-01,-1.688453196115632382e+00,2.743631314259389598e+01,3.017452108591678894e-01,-1.078333258578251463e+00,4.797966795283214458e-01,9.253189465813269621e-01,8.878590000000181615e-01
4.719999999999910933e+00,9.006117726982471039e-01,1.487130670417498302e-01,-1.699357776087258909e+00,2.745558734119093103e+01,3.004390555316495681e-01,-1.080596763072153577e+00,4.778435181375519369e-01,9.268237465871039804e-01,8.882820000000182237e-01
4.724999999999912603e+00,9.019415838342869085e-01,1.494032417292976700e-01,-1.710200671091881119e+00,2.747478009699996093e+01,2.991247800282069158e-01,-1.082826050431567655e+00,4.758961119303838361e-01,9.283219914955167518e-01,8.886975000000183478e-01
4.729999999999914273e+00,9.032653096137800430e-01,1.500908242860342079e-01,-1.720981671316026418e+00,2.749389680154966342e+01,2.978025420432799941e-01,-1.085026775601460214e+00,4.739502732651237893e-01,9.298136411784080346e-01,8.891055000000185338e-01
4.734999999999915943e+00,9.045829178857704989e-01,1.507757904940350280e-01,-1.731700608550183373e+00,2.751294251727267692e+01,2.964724369487144462e-01,-1.087202692315263786e+00,4.720036362027533738e-01,9.312986561092178039e-01,8.895060000000186706e-01
4.739999999999917613e+00,9.058943767570091232e-01,1.514581164317177486e-01,-1.742357329965691370e+00,2.753192199517868488e+01,2.951345214542421824e-01,-1.089355930584389398e+00,4.700553891803748163e-01,9.327769971223335288e-01,8.898990000000187583e-01
4.744999999999919282e+00,9.071996544795715156e-01,1.521377784017483858e-01,-1.752951683660703086e+00,2.755083969085283613e+01,2.937888337950091411e-01,-1.091487458277347722e+00,4.681058202599507889e-01,9.342486252803415825e-01,8.902845000000189080e-01
4.749999999999920952e+00,9.084987194121793008e-01,1.528147528978661962e-01,-1.763483513270585279e+00,2.756969977923395732e+01,2.924354080483835827e-01,-1.093597551482169861e+00,4.661558516727171697e-01,9.357135018246021119e-01,8.906625000000190084e-01
4.754999999999922622e+00,9.097915400288265619e-01,1.534890165970121956e-01,-1.773952658398318283e+00,2.758850616844247838e+01,2.910742824662946315e-01,-1.095686176737216355e+00,4.642066613516241946e-01,9.371715881794484559e-01,8.910330000000191708e-01
4.759999999999924292e+00,9.110780849511710411e-01,1.541605463645734919e-01,-1.784358957976827753e+00,2.760726251282631338e+01,2.897055029604877485e-01,-1.097753250562905514e+00,4.622594264409918274e-01,9.386228459835006532e-01,8.913960000000192840e-01
4.764999999999925961e+00,9.123583229873826195e-01,1.548293192637497928e-01,-1.794702254446314482e+00,2.762597222533773689e+01,2.883291233178853497e-01,-1.099798782049278056e+00,4.603151832580525959e-01,9.400672371285960782e-01,8.917515000000193481e-01
4.769999999999927631e+00,9.136322231669407046e-01,1.554953125635536448e-01,-1.804982397461070143e+00,2.764463848932306433e+01,2.869452036430344410e-01,-1.101822925117198704e+00,4.583747772189815106e-01,9.415047237944765834e-01,8.920995000000194741e-01
4.774999999999929301e+00,9.148997547665940200e-01,1.561585037429160938e-01,-1.815199246544686229e+00,2.766326426978848119e+01,2.855538081781511806e-01,-1.103825972481365270e+00,4.564388707831402714e-01,9.429352684738254720e-01,8.924400000000195510e-01
4.779999999999930971e+00,9.161608873267002018e-01,1.568188704904488751e-01,-1.825352672599321657e+00,2.768185232419224207e+01,2.841550032380543156e-01,-1.105808320305317061e+00,4.545079804844670557e-01,9.443588339867519110e-01,8.927730000000196897e-01
4.784999999999932641e+00,9.174155906594445575e-01,1.574763907006008767e-01,-1.835442558453534989e+00,2.770040521280395751e+01,2.827488556254533769e-01,-1.107770424567417811e+00,4.525825220790365422e-01,9.457753834863954490e-01,8.930985000000197793e-01
4.789999999999934310e+00,9.186638348513416208e-01,1.581310424674223225e-01,-1.845468798744595240e+00,2.771892530866282556e+01,2.813354316240838093e-01,-1.109712762074914316e+00,4.506628509128364213e-01,9.471848804583419268e-01,8.934165000000199308e-01
4.794999999999935980e+00,9.199055902624176939e-01,1.587828040771502580e-01,-1.855431299426524960e+00,2.773741480716031305e+01,2.799147965035825303e-01,-1.111635802086578417e+00,4.487492915844547015e-01,9.485872887165431866e-01,8.937270000000200332e-01
4.799999999999937650e+00,9.211408275239841847e-01,1.594316540005763783e-01,-1.865329977137362816e+00,2.775587573526597041e+01,2.784870143959192745e-01,-1.113539989333511615e+00,4.468421561423772115e-01,9.499825723978765346e-01,8.940300000000200864e-01
4.804999999999939320e+00,9.223695175362667253e-01,1.600775708858236113e-01,-1.875164758577660962e+00,2.777430996041114852e+01,2.770521483950405539e-01,-1.115425736783377086e+00,4.449417524944763169e-01,9.513706959567563848e-01,8.943255000000202015e-01
4.809999999999940989e+00,9.235916314665556515e-01,1.607205335518485656e-01,-1.884935579980164366e+00,2.779271919904121191e+01,2.756102607540181215e-01,-1.117293425072010349e+00,4.430483861227277331e-01,9.527516241605369363e-01,8.946135000000202675e-01
4.814999999999942659e+00,9.248071407480960016e-01,1.613605209827514431e-01,-1.894642386695005953e+00,2.781110502484446201e+01,2.741614130942987559e-01,-1.119143405753652898e+00,4.411623579633758285e-01,9.541253220859358120e-01,8.948940000000203954e-01
4.819999999999944329e+00,9.260160170796526424e-01,1.619975123228308556e-01,-1.904285132880743081e+00,2.782946887666443558e+01,2.727056665785903555e-01,-1.120976006004050340e+00,4.392839608252960271e-01,9.554917551163960576e-01,8.951670000000204741e-01
4.824999999999945999e+00,9.272182324255533459e-01,1.626314868722519014e-01,-1.913863781275193299e+00,2.784781206610093918e+01,2.712430820293488809e-01,-1.122791533258886254e+00,4.374134758675408685e-01,9.568508889401480255e-01,8.954325000000205037e-01
4.829999999999947669e+00,9.284137590159805553e-01,1.632624240831819507e-01,-1.923378303016440194e+00,2.786613578480540099e+01,2.697737199942061292e-01,-1.124590278975659663e+00,4.355511699488405775e-01,9.582026895487042450e-01,8.956905000000205952e-01
4.834999999999949338e+00,9.296025693473213281e-01,1.638903035562679633e-01,-1.932828677489604630e+00,2.788444111147536120e+01,2.682976407699259047e-01,-1.126372521255251336e+00,4.336972941120170177e-01,9.595471232355575752e-01,8.959410000000207486e-01
4.839999999999951008e+00,9.307846361824351211e-01,1.645151050373616086e-01,-1.942214892180212260e+00,2.790272901855373533e+01,2.668149043996860814e-01,-1.128138526480613857e+00,4.318520830439675495e-01,9.608841565949188812e-01,8.961840000000208528e-01
4.844999999999952678e+00,9.319599325507669230e-01,1.651368084144324011e-01,-1.951536942525573526e+00,2.792100037863824014e+01,2.653255706563267258e-01,-1.129888550102422284e+00,4.300157553789690223e-01,9.622137565203984222e-01,8.964195000000209079e-01
4.849999999999954348e+00,9.331284317482766433e-01,1.657553937146360457e-01,-1.960794831758315926e+00,2.793925597060751898e+01,2.638296990224367478e-01,-1.131622837055167530e+00,4.281885143591111498e-01,9.635358902035949802e-01,8.966475000000209139e-01
4.854999999999956017e+00,9.342901073371925325e-01,1.663708411015244748e-01,-1.969988570743088419e+00,2.795749648546989974e+01,2.623273486718949998e-01,-1.133341621841625901e+00,4.263705488113302966e-01,9.648505251325891763e-01,8.968680000000209818e-01
4.859999999999957687e+00,9.354449331456082817e-01,1.669831308723947749e-01,-1.979118177807681844e+00,2.797572253194215008e+01,2.608185784569648225e-01,-1.135045128645784995e+00,4.245620340783705093e-01,9.661576290903609587e-01,8.970810000000211115e-01
4.864999999999959357e+00,9.365928832669553339e-01,1.675922434557781393e-01,-1.988183678571969759e+00,2.799393464176495883e+01,2.593034469004139586e-01,-1.136733571444310309e+00,4.227631329313594200e-01,9.674571701531581303e-01,8.972865000000211921e-01
4.869999999999961027e+00,9.377339320593753857e-01,1.681981594090709575e-01,-1.997185105776827729e+00,2.801213327476295589e+01,2.577820121925155084e-01,-1.138407154253736842e+00,4.209739963247197680e-01,9.687491166888402283e-01,8.974845000000212236e-01
4.874999999999962697e+00,9.388680541450137307e-01,1.688008594163076526e-01,-2.006122499115364999e+00,2.803031882365678840e+01,2.562543321910309424e-01,-1.140066071442344064e+00,4.191947640627392557e-01,9.700334373552159661e-01,8.976750000000213170e-01
4.879999999999964366e+00,9.399952244092496523e-01,1.694003242860726011e-01,-2.014995905067250348e+00,2.804849161863513984e+01,2.547204644231875204e-01,-1.141710508139586189e+00,4.174255653434270630e-01,9.713101010983863359e-01,8.978580000000213612e-01
4.884999999999966036e+00,9.411154179998709735e-01,1.699965349495460298e-01,-2.023805376737533468e+00,2.806665193169473937e+01,2.531804660882422953e-01,-1.143340640661552943e+00,4.156665192599991454e-01,9.725790771511003685e-01,8.980335000000214674e-01
4.889999999999967706e+00,9.422286103261987567e-01,1.705894724586775602e-01,-2.032550973698601826e+00,2.808479998075635464e+01,2.516343940602668861e-01,-1.144956637005408506e+00,4.139177352060980364e-01,9.738403350311233275e-01,8.982015000000215244e-01
4.894999999999969376e+00,9.433347770581635983e-01,1.711791179844797672e-01,-2.041232761836949017e+00,2.810293593356497865e+01,2.500823048901041346e-01,-1.146558657250728697e+00,4.121793133461633118e-01,9.750938445396168941e-01,8.983620000000215322e-01
4.899999999999971045e+00,9.444338941253360709e-01,1.717654528154347604e-01,-2.049850813202807931e+00,2.812105991138215444e+01,2.485242548075203284e-01,-1.148146854060798194e+00,4.104513449574146988e-01,9.763395757595296764e-01,8.985150000000216020e-01
4.904999999999972715e+00,9.455259377159103140e-01,1.723484583560058458e-01,-2.058405205863242493e+00,2.813917199247863721e+01,2.469602997220991525e-01,-1.149721373055641038e+00,4.087339128714430059e-01,9.775774990539943810e-01,8.986605000000216226e-01
4.909999999999974385e+00,9.466108842756424391e-01,1.729281161252478605e-01,-2.066896023758347578e+00,2.815727221543490444e+01,2.453904952243434190e-01,-1.151282353223558985e+00,4.070270918486002532e-01,9.788075850647302012e-01,8.987985000000215940e-01
4.914999999999976055e+00,9.476887105067468564e-01,1.735044077555100150e-01,-2.075323356559606758e+00,2.817536058225821094e+01,2.438148965863125295e-01,-1.152829927299079404e+00,4.053309489573030389e-01,9.800298047104499810e-01,8.989290000000216274e-01
4.919999999999977724e+00,9.487593933667499702e-01,1.740773149912246964e-01,-2.083687299531451043e+00,2.819343706132275074e+01,2.422335587620464414e-01,-1.154364222078221980e+00,4.036455439876833196e-01,9.812441291852689318e-01,8.990520000000217227e-01
4.924999999999979394e+00,9.498229150865247217e-01,1.746468224410703540e-01,-2.091988538492763450e+00,2.821150395343267547e+01,2.406481832998180470e-01,-1.155875986632472152e+00,4.019615576278354752e-01,9.824505356816335411e-01,8.991675000000217688e-01
4.929999999999981064e+00,9.508792728435818686e-01,1.752129229316025938e-01,-2.100229478363600855e+00,2.822957016571933764e+01,2.390637118739597500e-01,-1.157356225074853917e+00,4.002337995706530260e-01,9.836490184453465790e-01,8.992755000000217658e-01
4.934999999999982734e+00,9.519284633459241807e-01,1.757756091574145807e-01,-2.108412442920108543e+00,2.824764365512178088e+01,2.374759808928862126e-01,-1.158882904326525187e+00,3.984342742051574793e-01,9.848395712436541771e-01,8.993760000000217136e-01
4.939999999999984404e+00,9.529704493717692237e-01,1.763348553475602432e-01,-2.116535765429126137e+00,2.826571812960827401e+01,2.358768482939616606e-01,-1.160536793308491355e+00,3.965596113938839595e-01,9.860221492129930265e-01,8.994690000000217234e-01
4.944999999999986073e+00,9.540051868828074433e-01,1.768906319845248432e-01,-2.124596932468204358e+00,2.828378761099943617e+01,2.342672806198416724e-01,-1.162149580206597310e+00,3.947470947232191163e-01,9.871966997094924201e-01,8.995545000000217950e-01
4.949999999999987743e+00,9.550326367281894990e-01,1.774429121107641005e-01,-2.132593969958271440e+00,2.830184925560601883e+01,2.326488817827304101e-01,-1.163651516063899161e+00,3.930536255729670247e-01,9.883631756038170346e-01,8.996325000000218175e-01
4.954999999999989413e+00,9.560527677027635951e-01,1.779916729758448668e-01,-2.140525834497063684e+00,2.831990179140651165e+01,2.310236120265020399e-01,-1.165052293590733479e+00,3.914631923201830621e-01,9.895215387546887342e-01,8.997030000000217909e-01
4.959999999999991083e+00,9.570655560924528071e-01,1.785368958036817055e-01,-2.148392365019774264e+00,2.833794470872448201e+01,2.293930091582871977e-01,-1.166383837911492583e+00,3.899408291636675128e-01,9.906717594981886421e-01,8.997660000000218261e-01
4.964999999999992752e+00,9.580709834263836377e-01,1.790785645988353658e-01,-2.156194010449542287e+00,2.835597785407969695e+01,2.277580364166267024e-01,-1.167681555064283838e+00,3.884497368664491801e-01,9.918138141025942822e-01,8.998215000000218122e-01
4.969999999999994422e+00,9.590690340391259117e-01,1.796166648452336700e-01,-2.163931532339520736e+00,2.837400123100136895e+01,2.261191145624963095e-01,-1.168971883582110793e+00,3.869628729173790194e-01,9.929476820050393560e-01,8.998695000000218602e-01
4.974999999999996092e+00,9.600596930870597401e-01,1.801511824492483260e-01,-2.171605763002023792e+00,2.839201489919197030e+01,2.244762736124024660e-01,-1.170269935625786628e+00,3.854649603624806797e-01,9.940733435638856585e-01,8.999100000000218591e-01
4.979999999999997762e+00,9.610429452921070981e-01,1.806821030664291783e-01,-2.179217452538542155e+00,2.841001892549071783e+01,2.228293275112971927e-01,-1.171580765475073616e+00,3.839509592802102245e-01,9.951907786334144301e-01,8.999430000000218088e-01
4.984999999999999432e+00,9.620187743562527150e-01,1.812094117853647601e-01,-2.186767198051371430e+00,2.842801335803957841e+01,2.211780121339307625e-01,-1.172902590055738159e+00,3.824227924271733636e-01,9.962999658984417195e-01,8.999685000000218205e-01
4.990000000000001101e+00,9.629871628736461631e-01,1.817330930786856258e-01,-2.194255433841626690e+00,2.844599821194518441e+01,2.195220805674695796e-01,-1.174230095658809647e+00,3.808859812613564766e-01,9.974008827736905447e-01,8.999865000000217830e-01
4.995000000000002771e+00,9.639480925348453688e-01,1.822531309119940768e-01,-2.201682457353225431e+00,2.846397346060297906e+01,2.178613515234148479e-01,-1.175557026982060549e+00,3.793470304644584457e-01,9.984935056352566285e-01,8.999970000000218073e-01
5.000000000000004441e+00,9.649015444533124430e-01,1.827695089187826860e-01,-2.209048469917295421e+00,2.848193903160235863e+01,2.161957232635391968e-01,-1.176877817986530461e+00,3.778117743549327945e-01,9.995778101909994495e-01,9.000000000000217826e-01
5.005000000000006111e+00,9.658474994952873649e-01,1.832822105774954136e-01,-2.216353617707139012e+00,2.849989480610002346e+01,2.145251657287251812e-01,-1.178188364027203727e+00,3.762845870777749013e-01,1.000653771854919993e+00,9.000000000000217826e-01
5.010000000000007780e+00,9.667859385474071310e-01,1.837912193553451201e-01,-2.223598024876420887e+00,2.851784062079044801e+01,2.128497023061098059e-01,-1.195328423551369035e+00,3.589259678392469621e-01,1.001721366050965845e+00,9.000000000000217826e-01
5.015000000000009450e+00,9.677163117993143882e-01,1.842962305815781243e-01,-2.230716213035633277e+00,2.853578473041730490e+01,2.109681114897683785e-01,-1.212458036219963065e+00,3.414991465085450706e-01,1.002779964327354723e+00,9.000000000000217826e-01
5.020000000000011120e+00,9.686377164311477106e-01,1.847967473228704083e-01,-2.237599168391761761e+00,2.855373878944573462e+01,2.088804257618812610e-01,-1.227734228246137871e+00,3.258620097727193965e-01,1.003828536259078419e+00,9.000000000000217826e-01
5.025000000000012790e+00,9.695493114853733774e-01,1.852923053498923556e-01,-2.244145556039451872e+00,2.857171111512414186e+01,2.066099447924450716e-01,-1.238450734356931759e+00,3.147405024186436528e-01,1.004866121388787281e+00,9.000000000000217826e-01
5.030000000000014460e+00,9.704504489502795428e-01,1.857825444917982627e-01,-2.250277828904957644e+00,2.858970547870409362e+01,2.042141958361081144e-01,-1.244708544085499691e+00,3.080618526575764071e-01,1.005891978472274406e+00,9.000000000000217826e-01
5.035000000000016129e+00,9.713407299253800087e-01,1.862672394488581185e-01,-2.255949079405344282e+00,2.860772127813458354e+01,2.017492622563522575e-01,-1.247229438294794601e+00,3.051262971455018791e-01,1.006905649539910463e+00,9.000000000000217826e-01
5.040000000000017799e+00,9.722199774343422973e-01,1.867462853241025622e-01,-2.261139613170823015e+00,2.862575483896821282e+01,1.992619269705298291e-01,-1.247190513516339472e+00,3.047712885474876399e-01,1.007906929100450322e+00,9.000000000000217826e-01
5.045000000000019469e+00,9.730881803295510224e-01,1.872196673637305797e-01,-2.265849978243434482e+00,2.864380083125787380e+01,1.967839290894678184e-01,-1.245692752194198283e+00,3.059024760644793450e-01,1.008895800404855381e+00,9.000000000000217826e-01
5.050000000000021139e+00,9.739454298241215779e-01,1.876874265843060385e-01,-2.270093108125450510e+00,2.866185347546303674e+01,1.943329749459306310e-01,-1.243603783065254653e+00,3.076529563165734116e-01,1.009872363268370155e+00,9.000000000000217826e-01
5.055000000000022808e+00,9.747918657522277597e-01,1.881496305985305428e-01,-2.273887685413251258e+00,2.867990735129884783e+01,1.919157399784658657e-01,-1.241486193457800535e+00,3.094571860798289165e-01,1.010836772922529603e+00,9.000000000000217826e-01
5.060000000000024478e+00,9.756276384137267943e-01,1.886063528552942292e-01,-2.277253442410497097e+00,2.869795781940330315e+01,1.895317709789258454e-01,-1.239631260272429536e+00,3.110193067241839304e-01,1.011789196577811856e+00,9.000000000000217826e-01
5.065000000000026148e+00,9.764528864107956396e-01,1.890576605488407114e-01,-2.280208442922694534e+00,2.871600113740450055e+01,1.871769488560509620e-01,-1.238127758775939613e+00,3.122458021928850580e-01,1.012729788176845780e+00,9.000000000000217826e-01
5.070000000000027818e+00,9.772677273655528962e-01,1.895036095299026113e-01,-2.282767956322063529e+00,2.873403438068678994e+01,1.848460680536290202e-01,-1.236940136369552912e+00,3.131681882658023941e-01,1.013658677808676023e+00,9.000000000000217826e-01
5.075000000000029488e+00,9.780722573263482822e-01,1.899442439527899984e-01,-2.284944403139089530e+00,2.875205526749192586e+01,1.825344163120557750e-01,-1.235974604181788949e+00,3.138772724179316742e-01,1.014575971018571554e+00,9.000000000000217826e-01
5.080000000000031157e+00,9.788665548821074980e-01,1.903795984980235223e-01,-2.286747879070316181e+00,2.877006196249037018e+01,1.802385109700286592e-01,-1.235125998127430735e+00,3.144762954527023369e-01,1.015481753484309024e+00,9.000000000000217826e-01
5.085000000000032827e+00,9.796506869309151710e-01,1.908097015079227299e-01,-2.288186879865007128e+00,2.878805290379473547e+01,1.779562383159514205e-01,-1.234304880392579129e+00,3.150536400628552447e-01,1.016376097581869642e+00,9.000000000000217826e-01
5.090000000000034497e+00,9.804247141488328099e-01,1.912345779678181479e-01,-2.289268986075538859e+00,2.880602667362229141e+01,1.756866485309220571e-01,-1.233448742737999204e+00,3.156713688392506212e-01,1.017259068614054573e+00,9.000000000000217826e-01
5.095000000000036167e+00,9.811886951831831905e-01,1.916542517972413540e-01,-2.290001387812119038e+00,2.882398191534000276e+01,1.734296090452822070e-01,-1.232522496851611082e+00,3.163644869694645645e-01,1.018130729588897276e+00,9.000000000000217826e-01
5.100000000000037836e+00,9.819426893097973341e-01,1.920687473055777417e-01,-2.290391218061785583e+00,2.884191728962627366e+01,1.711854527355090860e-01,-1.231513177193832131e+00,3.171460454629221881e-01,1.018991144249509651e+00,9.000000000000217826e-01
5.105000000000039506e+00,9.826867577263289633e-01,1.924780899035822557e-01,-2.290445716482829130e+00,2.885983145850167020e+01,1.689546944710006160e-01,-1.230422632186698451e+00,3.180143209163402984e-01,1.019840378550203930e+00,9.000000000000217826e-01
5.110000000000041176e+00,9.834209638490034600e-01,1.928823062698542534e-01,-2.290172269549834549e+00,2.887772308602454530e+01,1.667378413699575346e-01,-1.229260617955228341e+00,3.189596513530954525e-01,1.020678500996749838e+00,9.000000000000217826e-01
5.115000000000042846e+00,9.841453730100778730e-01,1.932814241886798567e-01,-2.289578376448655916e+00,2.889559084664587019e+01,1.645352913938576966e-01,-1.228039497653852230e+00,3.199697103588364233e-01,1.021505582303150916e+00,9.000000000000217826e-01
5.120000000000044516e+00,9.848600518892193234e-01,1.936754722413326080e-01,-2.288671582063634968e+00,2.891343343513504749e+01,1.623472996439750682e-01,-1.226770864033859487e+00,3.210328854904409002e-01,1.022321694744660503e+00,9.000000000000217826e-01
5.125000000000046185e+00,9.855650679108384216e-01,1.940644794779950721e-01,-2.287459405790702061e+00,2.893124957471443892e+01,1.601739877427098835e-01,-1.225463868049643024e+00,3.221399641614013931e-01,1.023126911471630818e+00,9.000000000000217826e-01
5.130000000000047855e+00,9.862604887388022323e-01,1.944484751425739066e-01,-2.285949282414418526e+00,2.894903802212675714e+01,1.580153745058209547e-01,-1.224124794862515353e+00,3.232845756718707442e-01,1.023921305934183401e+00,9.000000000000217826e-01
5.135000000000049525e+00,9.869463819198749377e-01,1.948274884788330497e-01,-2.284148521361228035e+00,2.896679756969278685e+01,1.558714119945310561e-01,-1.222757392396187415e+00,3.244628783669558647e-01,1.024704951476388182e+00,9.000000000000217826e-01
5.140000000000051195e+00,9.876228146741528047e-01,1.952015486171091163e-01,-2.282064284070411730e+00,2.898452704508967770e+01,1.537420173641947108e-01,-1.221363537647313091e+00,3.256729041929921631e-01,1.025477921098078671e+00,9.000000000000217826e-01
5.145000000000052864e+00,9.882898538027348190e-01,1.955706845253989967e-01,-2.279703575769616464e+00,2.900222530976935076e+01,1.516270962209436690e-01,-1.219943951452512110e+00,3.269138496822062145e-01,1.026240287350415725e+00,9.000000000000217826e-01
5.150000000000054534e+00,9.889475656738102582e-01,1.959349250035472001e-01,-2.277073246832116649e+00,2.901989125683540394e+01,1.495265568847714832e-01,-1.218498797909310483e+00,3.281854781383685138e-01,1.026992122320936396e+00,9.000000000000217826e-01
5.155000000000056204e+00,9.895960162512204006e-01,1.962942987007712803e-01,-2.274179999261707774e+00,2.903752380896465368e+01,1.474403170409753772e-01,-1.217028103785795956e+00,3.294876991052659854e-01,1.027733497667068230e+00,9.000000000000217826e-01
5.160000000000057874e+00,9.902352711382166328e-01,1.966488341414859009e-01,-2.271030394933021501e+00,2.905512191670669253e+01,1.453683050805932575e-01,-1.215531999437225785e+00,3.308203249578237637e-01,1.028464484666959722e+00,9.000000000000217826e-01
5.165000000000059543e+00,9.908653956191544321e-01,1.969985597498832286e-01,-2.267630863460365021e+00,2.907268455728443257e+01,1.433104584062626918e-01,-1.214010817587151347e+00,3.321829693006974615e-01,1.029185154267905800e+00,9.000000000000217826e-01
5.170000000000061213e+00,9.914864546906100307e-01,1.973435038685406040e-01,-2.263987708653015130e+00,2.909021073387427947e+01,1.412667205130634374e-01,-1.212465097606452158e+00,3.335750401967355616e-01,1.029895577122629469e+00,9.000000000000217826e-01
5.175000000000062883e+00,9.920985130797221885e-01,1.976836947698191460e-01,-2.260107113298234882e+00,2.910769947526680568e+01,1.392370380448368639e-01,-1.210895539470329130e+00,3.349957843560197324e-01,1.030595823610895190e+00,9.000000000000217826e-01
5.180000000000064553e+00,9.927016352513292619e-01,1.980191606609068011e-01,-2.255995142475989201e+00,2.912514983578367023e+01,1.372213584626923999e-01,-1.209302940931480164e+00,3.364443488051622744e-01,1.031285963848245446e+00,9.000000000000217826e-01
5.185000000000066223e+00,9.932958854071335386e-01,1.983499296842902992e-01,-2.251657745816770806e+00,2.914256089533291316e+01,1.352196285351290883e-01,-1.207688138853423743e+00,3.379198389991688312e-01,1.031966067685546218e+00,9.000000000000217826e-01
5.190000000000067892e+00,9.938813274803324216e-01,1.986760299155654053e-01,-2.247100759133324299e+00,2.915993175951227201e+01,1.332317935929082930e-01,-1.206051965226287326e+00,3.394213626942493844e-01,1.032636204703282212e+00,9.000000000000217826e-01
5.195000000000069562e+00,9.944580251285600747e-01,1.989974893601715034e-01,-2.242329905785620081e+00,2.917726155969909030e+01,1.312577973585250246e-01,-1.204395220054774951e+00,3.409480572248025365e-01,1.033296444203851028e+00,9.000000000000217826e-01
5.200000000000071232e+00,9.950260417270723190e-01,1.993143359501382272e-01,-2.237350798021702225e+00,2.919454945309350080e+01,1.292975821329844788e-01,-1.202718659252433486e+00,3.424991019121445546e-01,1.033946855204077808e+00,9.000000000000217826e-01
5.205000000000072902e+00,9.955854403632264926e-01,1.996265975414427685e-01,-2.232168938426899452e+00,2.921179462270191252e+01,1.273510891470160111e-01,-1.201022993153033847e+00,3.440737198946675623e-01,1.034587506429160086e+00,9.000000000000217826e-01
5.210000000000074571e+00,9.961362838326074387e-01,1.999343019121898046e-01,-2.226789721529535804e+00,2.922899627726129879e+01,1.254182589402512704e-01,-1.199308891268787702e+00,3.456711736911562416e-01,1.035218466308449159e+00,9.000000000000217826e-01
5.215000000000076241e+00,9.966786346279266073e-01,2.002374767573971703e-01,-2.221218434557670207e+00,2.924615364740513002e+01,1.234990279963720100e-01,-1.197577009330786924e+00,3.472907775470285840e-01,1.035839802963270717e+00,9.000000000000217826e-01
5.220000000000077911e+00,9.972125549474685213e-01,2.005361496935304522e-01,-2.215460260400209602e+00,2.926326599022990038e+01,1.215933407959021578e-01,-1.195827910797274019e+00,3.489318466781035077e-01,1.036451584216564914e+00,9.000000000000217826e-01
5.225000000000079581e+00,9.977381067095866252e-01,2.008303482644287763e-01,-2.209520281138576792e+00,2.928033259412807965e+01,1.197011381095898497e-01,-1.194062144121037061e+00,3.505937597169247466e-01,1.037053877608482333e+00,9.000000000000217826e-01
5.230000000000081251e+00,9.982553458503149457e-01,2.011200966710813554e-01,-2.203402807984600198e+00,2.929735022112288334e+01,1.178187792724164351e-01,-1.192299806562295394e+00,3.522951991476582223e-01,1.037646743823180007e+00,9.000000000000217826e-01
5.235000000000082920e+00,9.987642935961780211e-01,2.014053993847358948e-01,-2.197108008080623787e+00,2.931430183766239850e+01,1.159405365712798397e-01,-1.190561090043374515e+00,3.540608104320481231e-01,1.038230203617285241e+00,9.000000000000217826e-01
5.240000000000084590e+00,9.992650170546080179e-01,2.016862872397880424e-01,-2.190641400674468553e+00,2.933119475136476950e+01,1.140813187381823635e-01,-1.188573024376785359e+00,3.559884445926455032e-01,1.038804330657373542e+00,9.000000000000217826e-01
5.245000000000086260e+00,9.997576012246659483e-01,2.019628013301644209e-01,-2.184010583170168829e+00,2.934804025897677704e+01,1.122410280161728058e-01,-1.186521912123642997e+00,3.579304785542027356e-01,1.039369219230769970e+00,9.000000000000217826e-01
5.250000000000087930e+00,1.000242128030485400e+00,2.022349810476446186e-01,-2.177222756710095908e+00,2.936484458855877477e+01,1.104184811060567040e-01,-1.184552002581842789e+00,3.597642626467681404e-01,1.039924960107477148e+00,9.000000000000217826e-01
5.255000000000089599e+00,1.000718671465313125e+00,2.025028613907910446e-01,-2.170284105639065597e+00,2.938161114506185001e+01,1.086114006511803287e-01,-1.182666888747206713e+00,3.614982201412678675e-01,1.040471634988526572e+00,9.000000000000217826e-01
5.260000000000091269e+00,1.001187296658995640e+00,2.027664724486530901e-01,-2.163199673759454544e+00,2.939834177352420141e+01,1.068179006817224497e-01,-1.180840934957373856e+00,3.631645925763169469e-01,1.041009315440147631e+00,9.000000000000217826e-01
5.265000000000092939e+00,1.001648062048892562e+00,2.030258406208157174e-01,-2.155973631190907458e+00,2.941503746864388802e+01,1.050366751746559524e-01,-1.179034132834093640e+00,3.648069668890552841e-01,1.041538065384076672e+00,9.000000000000217826e-01
5.270000000000094609e+00,1.002101022090137183e+00,2.032809901409471376e-01,-2.148609610347674170e+00,2.943169877053209049e+01,1.032670741178503410e-01,-1.177214285930504811e+00,3.664594320452740361e-01,1.042057944206740139e+00,9.000000000000217826e-01
5.275000000000096279e+00,1.002546229679007306e+00,2.035319444414315226e-01,-2.141111007107148634e+00,2.944832598343550245e+01,1.015089410368455874e-01,-1.175361097152053169e+00,3.681432508869540987e-01,1.042569009540482927e+00,9.000000000000217826e-01
5.280000000000097948e+00,1.002983737805567710e+00,2.037787270862963795e-01,-2.133481186469305957e+00,2.946491929473137716e+01,9.976242529592374564e-02,-1.173466395792856609e+00,3.698670592677832936e-01,1.043071319161404054e+00,9.000000000000217826e-01
5.285000000000099618e+00,1.003413600424490015e+00,2.040213622648777148e-01,-2.125723591168067639e+00,2.948147883815430603e+01,9.802780738190369769e-02,-1.171530818418036857e+00,3.716304230549238308e-01,1.043564931990422107e+00,9.000000000000217826e-01
5.290000000000101288e+00,1.003835872701344556e+00,2.042598749335948205e-01,-2.117841772775231668e+00,2.949800472616093217e+01,9.630537586262984118e-02,-1.169560089992176977e+00,3.734276878313403381e-01,1.044049908377504332e+00,9.000000000000217826e-01
5.295000000000102958e+00,1.004250610861971094e+00,2.044942907332829019e-01,-2.109839373617143909e+00,2.951449706552490682e+01,9.459535707426751372e-02,-1.167561795209230757e+00,3.752512780463981290e-01,1.044526309929910468e+00,9.000000000000217826e-01
5.300000000000104627e+00,1.004657871851682094e+00,2.047246357982875076e-01,-2.101720085224624057e+00,2.953095596406727452e+01,9.289788885802256757e-02,-1.165543197613475801e+00,3.770939146201813807e-01,1.044994199121628942e+00,9.000000000000217826e-01
5.305000000000106297e+00,1.005057712957260874e+00,2.049509365435657482e-01,-2.093487602318878871e+00,2.954738153289727975e+01,9.121302355169874643e-02,-1.163510082667660095e+00,3.789497900778457939e-01,1.045453638859602075e+00,9.000000000000217826e-01
5.310000000000107967e+00,1.005450191482718525e+00,2.051732194812979360e-01,-2.085145583615919396e+00,2.956377388652690996e+01,8.954074637931375147e-02,-1.161466409575181880e+00,3.808149250471233316e-01,1.045904692111270906e+00,9.000000000000217826e-01
5.315000000000109637e+00,1.005835364517653208e+00,2.053915110891825491e-01,-2.076697624232783035e+00,2.958013314209027200e+01,8.788099851356155623e-02,-1.159414476001733529e+00,3.826870068118085055e-01,1.046347421638166963e+00,9.000000000000217826e-01
5.320000000000111307e+00,1.006213288800832828e+00,2.056058377321440256e-01,-2.068147239983935570e+00,2.959645941827406190e+01,8.623369808623479460e-02,-1.157355330267451077e+00,3.845649779854664607e-01,1.046781889838684476e+00,9.000000000000217826e-01
5.325000000000112976e+00,1.006584020661563494e+00,2.058162256277970004e-01,-2.059497861360917614e+00,2.961275283423304217e+01,8.459875592912073639e-02,-1.155289236233605354e+00,3.864485714564040442e-01,1.047208158680096091e+00,9.000000000000217826e-01
5.330000000000114646e+00,1.006947616014072233e+00,2.060227008418063221e-01,-2.050752834091879251e+00,2.962901350859666394e+01,8.297608536921213807e-02,-1.153216074392602764e+00,3.883379087654997841e-01,1.047626289691432122e+00,9.000000000000217826e-01
5.335000000000116316e+00,1.007304130381156737e+00,2.062252892997990250e-01,-2.041915423311152722e+00,2.964524155859572119e+01,8.136560690758899705e-02,-1.151135629469250299e+00,3.902332119013787737e-01,1.048036343989981578e+00,9.000000000000217826e-01
5.340000000000117986e+00,1.007653618928641359e+00,2.064240168054309876e-01,-2.032988819036918748e+00,2.966143709930740258e+01,7.976724924594648380e-02,-1.149047760149950470e+00,3.921346330001965752e-01,1.048438382320224127e+00,9.000000000000217826e-01
5.345000000000119655e+00,1.007996136498690687e+00,2.066189090578656462e-01,-2.023976141469907564e+00,2.967760024300803323e+01,7.818094817413355491e-02,-1.146952472345815988e+00,3.940421805643006259e-01,1.048832465091481980e+00,9.000000000000217826e-01
5.350000000000121325e+00,1.008331737635895786e+00,2.068099916652229031e-01,-2.014880445358926409e+00,2.969373109862345927e+01,7.660664455151161567e-02,-1.144849926572720999e+00,3.959557116080624217e-01,1.049218652407291508e+00,9.000000000000217826e-01
5.355000000000122995e+00,1.008660476604370082e+00,2.069972901530039988e-01,-2.005704723219070118e+00,2.970982977126859481e+01,7.504428221925224518e-02,-1.142740409012516611e+00,3.978749601540904623e-01,1.049597004084476870e+00,9.000000000000217826e-01
5.360000000000124665e+00,1.008982407396755043e+00,2.071808299679960275e-01,-1.996451907517997615e+00,2.972589636187015572e+01,7.349380630065996400e-02,-1.140624289210826925e+00,3.997995791169328128e-01,1.049967579662953732e+00,9.000000000000217826e-01
5.365000000000126334e+00,1.009297583737245319e+00,2.073606364788547485e-01,-1.987124872096845740e+00,2.974193096686710192e+01,7.195516205316550284e-02,-1.138501979284317622e+00,4.017291807000007431e-01,1.050330438408692224e+00,9.000000000000217826e-01
5.370000000000128004e+00,1.009606059080969453e+00,2.075367349746871370e-01,-1.977726433119402438e+00,2.975793367798327083e+01,7.042829424680735473e-02,-1.136373902210399134e+00,4.036633677355145333e-01,1.050685639312522124e+00,9.000000000000217826e-01
5.375000000000129674e+00,1.009907886611700167e+00,2.077091506627538608e-01,-1.968259349795596469e+00,2.977390458206610191e+01,6.891314694901722049e-02,-1.134240471427724772e+00,4.056017537433686537e-01,1.051033241087050207e+00,9.000000000000217826e-01
5.380000000000131344e+00,1.010203119239279523e+00,2.078779086660747510e-01,-1.958726325053809614e+00,2.978984376098486209e+01,6.740966356880449817e-02,-1.132102080494833185e+00,4.075439729653617116e-01,1.051373302163277845e+00,9.000000000000217826e-01
5.385000000000133014e+00,1.010491809597549251e+00,2.080430340213826612e-01,-1.949130006259002679e+00,2.980575129158122749e+01,6.591778703085938995e-02,-1.129959100322668775e+00,4.094896828612429873e-01,1.051705880687833439e+00,9.000000000000217826e-01
5.390000000000134683e+00,1.010774010043100191e+00,2.082045516775994087e-01,-1.939472986016396838e+00,2.982162724566507350e+01,6.443745998280039911e-02,-1.127811880865461580e+00,4.114385621824498962e-01,1.052031034521172081e+00,9.000000000000217826e-01
5.395000000000136353e+00,1.011049772654841750e+00,2.083624864948275257e-01,-1.929757803060146770e+00,2.983747169004855238e+01,6.296862497914348933e-02,-1.125660754940511099e+00,4.133903069515829642e-01,1.052348821236742227e+00,9.000000000000217826e-01
5.400000000000138023e+00,1.011319149234221726e+00,2.085168632437556790e-01,-1.919986943205269636e+00,2.985328468661208490e+01,6.151122461552983173e-02,-1.123506042378393355e+00,4.153446261435205233e-01,1.052659298120922182e+00,9.000000000000217826e-01
5.405000000000139693e+00,1.011582191305876455e+00,2.086677066053449492e-01,-1.910162840335756229e+00,2.986906629239625488e+01,6.006520160971566547e-02,-1.121348053498211872e+00,4.173012380702610380e-01,1.052962522173468640e+00,9.000000000000217826e-01
5.410000000000141362e+00,1.011838950118504110e+00,2.088150411706727605e-01,-1.900287877402167869e+00,2.988481655971470730e+01,5.863049883853895666e-02,-1.119187091593267125e+00,4.192598677805468022e-01,1.053258550108237657e+00,9.000000000000217826e-01
5.415000000000143032e+00,1.012089476645809949e+00,2.089588914408403719e-01,-1.890364387410329972e+00,2.990053553628358074e+01,5.720705934392594783e-02,-1.117023454318146092e+00,4.212202455797829370e-01,1.053547438353996668e+00,9.000000000000217826e-01
5.420000000000144702e+00,1.012333821587424909e+00,2.090992818268853637e-01,-1.880394654389223597e+00,2.991622326536361598e+01,5.579482632223762423e-02,-1.114857434308636597e+00,4.231821063356295820e-01,1.053829243055218079e+00,9.000000000000217826e-01
5.425000000000146372e+00,1.012572035369755374e+00,2.092362366496686166e-01,-1.870380914331493116e+00,2.993187978591181420e+01,5.439374310689458480e-02,-1.112689319252699205e+00,4.251451893481906219e-01,1.054104020072797576e+00,9.000000000000217826e-01
5.430000000000148042e+00,1.012804168146754780e+00,2.093697801397277070e-01,-1.860325356107896067e+00,2.994750513274028592e+01,5.300375315135289617e-02,-1.110519391614187779e+00,4.271092385806050107e-01,1.054371824984689843e+00,9.000000000000217826e-01
5.435000000000149711e+00,1.013030269800628380e+00,2.094999364371013251e-01,-1.850230122354995510e+00,2.996309933667926018e+01,5.162480001687795583e-02,-1.108347928404378679e+00,4.290740028529165806e-01,1.054632713086468332e+00,9.000000000000217826e-01
5.440000000000151381e+00,1.013250389942496499e+00,2.096267295911351247e-01,-1.840097310341141323e+00,2.997866242474349363e+01,5.025682736449480631e-02,-1.106175200832674177e+00,4.310392361660037586e-01,1.054886739391843076e+00,9.000000000000217826e-01
5.445000000000153051e+00,1.013464577913033793e+00,2.097501835602795239e-01,-1.829928972812377541e+00,2.999419442029965666e+01,4.889977895264928376e-02,-1.104001474189074461e+00,4.330046978014694958e-01,1.055133958633148961e+00,9.000000000000217826e-01
5.450000000000154721e+00,1.013672882783105855e+00,2.098703222118893097e-01,-1.819727118821450995e+00,3.000969534323408183e+01,4.755359863760601907e-02,-1.101827007741813746e+00,4.349701524127824737e-01,1.055374425261834670e+00,9.000000000000217826e-01
5.455000000000156390e+00,1.013875353354411812e+00,2.099871693220301816e-01,-1.809493714541453357e+00,3.002516521011925477e+01,4.621823037639043175e-02,-1.099652054775415833e+00,4.369353699813202652e-01,1.055608193448960952e+00,9.000000000000217826e-01
5.460000000000158060e+00,1.014072038160142020e+00,2.101007485752960646e-01,-1.799230684064682562e+00,3.004060403437880566e+01,4.489361823047974265e-02,-1.097476862675767606e+00,4.389001257297314162e-01,1.055835317085713765e+00,9.000000000000217826e-01
5.465000000000159730e+00,1.014262985465651523e+00,2.102110835646379405e-01,-1.788939910188627636e+00,3.005601182644986125e+01,4.357970636964749594e-02,-1.095301673024956957e+00,4.408642000290943774e-01,1.056055849783938072e+00,9.000000000000217826e-01
5.470000000000161400e+00,1.014448243269149286e+00,2.103181977912043921e-01,-1.778623235187363205e+00,3.007138859394252250e+01,4.227643907583990279e-02,-1.093126721792309519e+00,4.428273782127378766e-01,1.056269844876690067e+00,9.000000000000217826e-01
5.475000000000163070e+00,1.014627859302400292e+00,2.104221146641916951e-01,-1.768282461570591435e+00,3.008673434179603490e+01,4.098376074585335926e-02,-1.090952239406179247e+00,4.447894505116157249e-01,1.056477355418806052e+00,9.000000000000217826e-01
5.480000000000164739e+00,1.014801881031439645e+00,2.105228575007037084e-01,-1.757919352828082094e+00,3.010204907243111805e+01,3.970161589433798821e-02,-1.088778450956223054e+00,4.467502118610290340e-01,1.056678434187485749e+00,9.000000000000217826e-01
5.485000000000166409e+00,1.014970355657296430e+00,2.106204495256190079e-01,-1.747535634161651474e+00,3.011733278589842300e+01,3.842994915544842988e-02,-1.086605576240859961e+00,4.487094618636455756e-01,1.056873133682884491e+00,9.000000000000217826e-01
5.490000000000168079e+00,1.015133330116723132e+00,2.107149138714658199e-01,-1.737132993202844533e+00,3.013258548002301040e+01,3.716870528511639904e-02,-1.084433829940824268e+00,4.506670046275299546e-01,1.057061506128718520e+00,9.000000000000217826e-01
5.495000000000169749e+00,1.015290851082934598e+00,2.108062735783038100e-01,-1.726713080718109028e+00,3.014780715054448379e+01,3.591782916231484740e-02,-1.082263421659529046e+00,4.526226487383117614e-01,1.057243603472875826e+00,9.000000000000217826e-01
5.500000000000171418e+00,1.015442964966349004e+00,2.108945515936122561e-01,-1.716277511300436043e+00,3.016299779125282043e+01,3.467726579100629397e-02,-1.080094556064536526e+00,4.545762071309210617e-01,1.057419477388039430e+00,9.000000000000217826e-01
5.505000000000173088e+00,1.015589717915339252e+00,2.109797707721854099e-01,-1.705827864048798936e+00,3.017815739411998877e+01,3.344696030146408067e-02,-1.077927432944169261e+00,4.565274970467511628e-01,1.057589179272312219e+00,9.000000000000217826e-01
5.510000000000174758e+00,1.015731155816985920e+00,2.110619538760346303e-01,-1.695365683234115739e+00,3.019328594942706445e+01,3.222685795203598241e-02,-1.075762247334335342e+00,4.584763399210308732e-01,1.057752760249856205e+00,9.000000000000217826e-01
5.515000000000176428e+00,1.015867324297838881e+00,2.111411235742971793e-01,-1.684892478953860184e+00,3.020838344588705837e+01,3.101690413043492814e-02,-1.073599189548228861e+00,4.604225613676605211e-01,1.057910271171535133e+00,9.000000000000217826e-01
5.520000000000178098e+00,1.015998268724681575e+00,2.112173024431524271e-01,-1.674409727774224255e+00,3.022344987076326817e+01,2.981704435578228646e-02,-1.071438445322703714e+00,4.623659910476131674e-01,1.058061762615567059e+00,9.000000000000217826e-01
5.525000000000179767e+00,1.016124034205304616e+00,2.112905129657450809e-01,-1.663918873360192174e+00,3.023848520998337719e+01,2.862722427989213350e-02,-1.069280195875872641e+00,4.643064626263062045e-01,1.058207284888186051e+00,9.000000000000217826e-01
5.530000000000181437e+00,1.016244665589282059e+00,2.113607775321155735e-01,-1.653421327094975801e+00,3.025348944824940745e+01,2.744738968891754019e-02,-1.067124617978875367e+00,4.662438137169174768e-01,1.058346888024307209e+00,9.000000000000217826e-01
5.535000000000183107e+00,1.016360207468754773e+00,2.114281184391373358e-01,-1.642918468686773492e+00,3.026846256914291899e+01,2.627748650515862594e-02,-1.064971884096245214e+00,4.681778857552078565e-01,1.058480621788207232e+00,9.000000000000217826e-01
5.540000000000184777e+00,1.016470704179219142e+00,2.114925578904610359e-01,-1.632411646765637991e+00,3.028340455522652874e+01,2.511746078813796232e-02,-1.062822162387618175e+00,4.701085240130232212e-01,1.058608535674205431e+00,9.000000000000217826e-01
5.545000000000186446e+00,1.016576199800318658e+00,2.115541179964658125e-01,-1.621902179468794003e+00,3.029831538814098835e+01,2.396725873670186094e-02,-1.060675616869846571e+00,4.720355774513723679e-01,1.058730678907356282e+00,9.000000000000217826e-01
5.550000000000188116e+00,1.016676738156646609e+00,2.116128207742172529e-01,-1.611391355015278748e+00,3.031319504869819070e+01,2.282682669007480084e-02,-1.058532407455184288e+00,4.739588986974375140e-01,1.058847100444149314e+00,9.000000000000217826e-01
5.555000000000189786e+00,1.016772362818547437e+00,2.116686881474317827e-01,-1.600880432270132658e+00,3.032804351697023293e+01,2.169611112943991768e-02,-1.056392690038645554e+00,4.758783439722971687e-01,1.058957848973215210e+00,9.000000000000217826e-01
5.560000000000191456e+00,1.016863117102926761e+00,2.117217419464475781e-01,-1.590370641298358922e+00,3.034286077237440438e+01,2.057505867939699723e-02,-1.054256616579994699e+00,4.777937730239437131e-01,1.059062972916039236e+00,9.000000000000217826e-01
5.565000000000193126e+00,1.016949044074065167e+00,2.117720039082016947e-01,-1.579863183908781998e+00,3.035764679375446207e+01,1.946361610935053166e-02,-1.052124335186900073e+00,4.797050490589764848e-01,1.059162520427682441e+00,9.000000000000217826e-01
5.570000000000194795e+00,1.017030186544437997e+00,2.118194956762135817e-01,-1.569359234187355678e+00,3.037240155945783471e+01,1.836173033479607947e-02,-1.049995990193683948e+00,4.816120386785672780e-01,1.059256539397509744e+00,9.000000000000217826e-01
5.575000000000196465e+00,1.017106587075536916e+00,2.118642388005741173e-01,-1.558859939021649987e+00,3.038712504740949782e+01,1.726934841854594130e-02,-1.047871722200954814e+00,4.835146118533212301e-01,1.059345077449922456e+00,9.000000000000217826e-01
5.580000000000198135e+00,1.017178287978700357e+00,2.119062547379409189e-01,-1.548366418614860018e+00,3.040181723518186274e+01,1.618641757237642906e-02,-1.045751668206999829e+00,4.854126418061759374e-01,1.059428181945100578e+00,9.000000000000217826e-01
5.585000000000199805e+00,1.017245331315944412e+00,2.119455648515394808e-01,-1.537879766991240071e+00,3.041647810006132602e+01,1.511288515790645652e-02,-1.043635961623321284e+00,4.873060050109263019e-01,1.059505899979749310e+00,9.000000000000217826e-01
5.590000000000201474e+00,1.017307758900801273e+00,2.119821904111695576e-01,-1.527401052491541122e+00,3.043110761911139051e+01,1.404869868817549411e-02,-1.041524732399783604e+00,4.891945810808540074e-01,1.059578278387852679e+00,9.000000000000217826e-01
5.595000000000203144e+00,1.017365612299158784e+00,2.120161525932173219e-01,-1.516931318259739703e+00,3.044570576923233673e+01,1.299380582849953697e-02,-1.039418107045515960e+00,4.910782527613474224e-01,1.059645363741433810e+00,9.000000000000217826e-01
5.600000000000204814e+00,1.017418932830108647e+00,2.120474724806724887e-01,-1.506471582721065294e+00,3.046027252721770040e+01,1.194815439792567234e-02,-1.037316208722367517e+00,4.929569058496541256e-01,1.059707202351319433e+00,9.000000000000217826e-01
5.605000000000206484e+00,1.017467761566793971e+00,2.120761710631514085e-01,-1.496022840050746261e+00,3.047480786980773715e+01,1.091169237033805424e-02,-1.035219157321408234e+00,4.948304291312706216e-01,1.059763840267911483e+00,9.000000000000217826e-01
5.610000000000208153e+00,1.017512139337263255e+00,2.121022692369243789e-01,-1.485586060634818351e+00,3.048931177373962242e+01,9.884367875418735572e-03,-1.033127069496695194e+00,4.966987143587489051e-01,1.059815323281964927e+00,9.000000000000217826e-01
5.615000000000209823e+00,1.017552106725329253e+00,2.121257878049487566e-01,-1.475162191522089161e+00,3.050378421579489796e+01,8.866129199993844773e-03,-1.031040058770027468e+00,4.985616561591660334e-01,1.059861696925368468e+00,9.000000000000217826e-01
5.620000000000211493e+00,1.017587704071429622e+00,2.121467474769065109e-01,-1.464752156867716204e+00,3.051822517284395531e+01,7.856924788840565291e-03,-1.028958235566454160e+00,5.004191520105065738e-01,1.059903006471935250e+00,9.000000000000217826e-01
5.625000000000213163e+00,1.017618971473491341e+00,2.121651688692465232e-01,-1.454356858369396210e+00,3.053263462188795785e+01,6.856703245827482952e-03,-1.026881707271729560e+00,5.022711021957098065e-01,1.059939296938192888e+00,9.000000000000217826e-01
5.630000000000214833e+00,1.017645948787800458e+00,2.121810725052321878e-01,-1.443977175694527881e+00,3.054701254009794198e+01,5.865413335090271379e-03,-1.024810578336031508e+00,5.041174097101178697e-01,1.059970613084184610e+00,9.000000000000217826e-01
5.635000000000216502e+00,1.017668675629873620e+00,2.121944788149927319e-01,-1.433613966900846304e+00,3.056135890485152373e+01,4.883003981636412257e-03,-1.022744950268183350e+00,5.059579802780473923e-01,1.059996999414270391e+00,9.000000000000217826e-01
5.640000000000218172e+00,1.017687191375334477e+00,2.122054081355799759e-01,-1.423268068847883372e+00,3.057567369376714339e+01,3.909424272767384086e-03,-1.020684921776008780e+00,5.077927222228446613e-01,1.060018500177936085e+00,9.000000000000217826e-01
5.645000000000219842e+00,1.017701535160790094e+00,2.122138807110287850e-01,-1.412940297602450990e+00,3.058995688473601149e+01,2.944623458429902925e-03,-1.018630588728895336e+00,5.096215465143775214e-01,1.060035159370605884e+00,9.000000000000217826e-01
5.650000000000221512e+00,1.017711745884714913e+00,2.122199166924223224e-01,-1.402631448835488293e+00,3.060420845595177042e+01,1.988550952761708457e-03,-1.016582044313808275e+00,5.114443666226905494e-01,1.060047020734458334e+00,9.000000000000217826e-01
5.655000000000223181e+00,1.017717862208335156e+00,2.122235361379612995e-01,-1.392342298212327911e+00,3.061842838593813809e+01,1.041156334336973150e-03,-1.014539379009571807e+00,5.132610985530379200e-01,1.060054127759250564e+00,9.000000000000217826e-01
5.660000000000224851e+00,1.017719922556515666e+00,2.122247590130374173e-01,-1.382073601775680283e+00,3.063261665357439156e+01,1.023893474287802829e-04,-1.012502680688539547e+00,5.150716607531518054e-01,1.060056523683141849e+00,9.000000000000217826e-01
5.665000000000226521e+00,1.017717965118650758e+00,2.122236051903110821e-01,-1.371826096321501431e+00,3.064677323811903520e+01,-8.278000973603207155e-04,-1.010472034656121787e+00,5.168759740822881366e-01,1.060054251493524502e+00,9.000000000000217826e-01
5.670000000000228191e+00,1.017712027849557499e+00,2.122200944497929231e-01,-1.361600499768038874e+00,3.066089811923156105e+01,-1.749461922314880184e-03,-1.008447523697959536e+00,5.186739617722786466e-01,1.060047353927857205e+00,9.000000000000217826e-01
5.675000000000229861e+00,1.017702148470370771e+00,2.122142464789293637e-01,-1.351397511518324546e+00,3.067499127699245420e+01,-2.662645881781848436e-03,-1.006429228133819187e+00,5.204655493815066869e-01,1.060035873474503454e+00,9.000000000000217826e-01
5.680000000000231530e+00,1.017688364469441886e+00,2.122060808726921322e-01,-1.341217812815886257e+00,3.068905269192150698e+01,-3.567401561404573863e-03,-1.004417225878736497e+00,5.222506647412790137e-01,1.060019852373572657e+00,9.000000000000217826e-01
5.685000000000233200e+00,1.017670713103238755e+00,2.121956171336714381e-01,-1.331062067093938817e+00,3.070308234499471212e+01,-4.463778377520045450e-03,-1.002411592482272518e+00,5.240292379237551090e-01,1.059999332617766132e+00,9.000000000000217826e-01
5.690000000000234870e+00,1.017649231397248055e+00,2.121828746721730885e-01,-1.320930920318202473e+00,3.071708021765937957e+01,-5.351825576451891588e-03,-1.000412401176559385e+00,5.258012012007639013e-01,1.059974355953224201e+00,9.000000000000217826e-01
5.695000000000236540e+00,1.017623956146880726e+00,2.121678728063188524e-01,-1.310825001323598471e+00,3.073104629184807735e+01,-6.231592233824191120e-03,-9.984197229239321070e-01,5.275664890026917631e-01,1.059944963880379953e+00,9.000000000000217826e-01
5.700000000000238209e+00,1.017594923918378358e+00,2.121506307621508769e-01,-1.300744922144593918e+00,3.074498054999110153e+01,-7.103127253902858686e-03,-9.964336264712952973e-01,5.293250378703385772e-01,1.059911197654812121e+00,9.000000000000217826e-01
5.705000000000239879e+00,1.017562171049721353e+00,2.121311676737392682e-01,-1.290691278339732628e+00,3.075888297502772062e+01,-7.966479369062749380e-03,-9.944541783835295634e-01,5.310767864274169581e-01,1.059873098288105719e+00,9.000000000000217826e-01
5.710000000000241549e+00,1.017525733651538866e+00,2.121095025832935854e-01,-1.280664649309888770e+00,3.077275355041619775e+01,-8.821697139123268333e-03,-9.924814431019721717e-01,5.328216753276913131e-01,1.059830706548711143e+00,9.000000000000217826e-01
5.715000000000243219e+00,1.017485647608022514e+00,2.120856544412771383e-01,-1.270665598611377733e+00,3.078659226014266537e+01,-9.668828950885412915e-03,-9.905154829665349103e-01,5.345596472381822784e-01,1.059784062962809914e+00,9.000000000000217826e-01
5.720000000000244889e+00,1.017441948577838540e+00,2.120596421065252257e-01,-1.260694674262195836e+00,3.080039908872902643e+01,-1.050792301741542215e-02,-9.885563582999397081e-01,5.362906467599770632e-01,1.059733207815180211e+00,9.000000000000217826e-01
5.725000000000246558e+00,1.017394671995042854e+00,2.120314843463661780e-01,-1.250752409044092905e+00,3.081417402123974014e+01,-1.133902737788184192e-02,-9.866041273783896504e-01,5.380146204623441619e-01,1.059678181150067511e+00,9.000000000000217826e-01
5.730000000000248228e+00,1.017343853069998305e+00,2.120011998367459516e-01,-1.240839320797963996e+00,3.082791704328773719e+01,-1.216218989650155388e-02,-9.846588465628594022e-01,5.397315167559511018e-01,1.059619022772055219e+00,9.000000000000217826e-01
5.735000000000249898e+00,1.017289526790291943e+00,2.119688071623558046e-01,-1.230955912714315481e+00,3.084162814103948591e+01,-1.297745826266393475e-02,-9.827205702631286455e-01,5.414412859331084737e-01,1.059555772246939975e+00,9.000000000000217826e-01
5.740000000000251568e+00,1.017231727921653395e+00,2.119343248167629978e-01,-1.221102673618654100e+00,3.085530730121913834e+01,-1.378487999009842500e-02,-9.807893510123655290e-01,5.431438800972101522e-01,1.059488468902607838e+00,9.000000000000217826e-01
5.745000000000253237e+00,1.017170491008875910e+00,2.118977712025446880e-01,-1.211280078251061543e+00,3.086895451111198696e+01,-1.458450241651496580e-02,-9.788652395155703623e-01,5.448392531180847875e-01,1.059417151829914028e+00,9.000000000000217826e-01
5.750000000000254907e+00,1.017105850376736509e+00,2.118591646314247068e-01,-1.201488587541097441e+00,3.088256975856715769e+01,-1.537637270338940501e-02,-9.769482846523034336e-01,5.465273606328482359e-01,1.059341859883562664e+00,9.000000000000217826e-01
5.755000000000256577e+00,1.017037840130918580e+00,2.118185233244132271e-01,-1.191728648877686814e+00,3.089615303199964202e+01,-1.616053783531930937e-02,-9.750385335422427913e-01,5.482081599836966523e-01,1.059262631682989397e+00,9.000000000000217826e-01
5.760000000000258247e+00,1.016966494158933809e+00,2.117758654119497319e-01,-1.182000696373637583e+00,3.090970432039179983e+01,-1.693704461976459213e-02,-9.731360315796304672e-01,5.498816101866155215e-01,1.059179505613247807e+00,9.000000000000217826e-01
5.765000000000259917e+00,1.016891846131045885e+00,2.117312089340482317e-01,-1.172305151126209699e+00,3.092322361329406277e+01,-1.770593968678293995e-02,-9.712408224437421023e-01,5.515476719238785464e-01,1.059092519825894474e+00,9.000000000000217826e-01
5.770000000000261586e+00,1.016813929501194425e+00,2.116845718404458954e-01,-1.162642421471555165e+00,3.093671090082536423e+01,-1.846726948846243513e-02,-9.693529481884520793e-01,5.532063074572427519e-01,1.059001712239878268e+00,9.000000000000217826e-01
5.775000000000263256e+00,1.016732777507920016e+00,2.116359719907537906e-01,-1.153012903236052322e+00,3.095016617367290124e+01,-1.922108029907283397e-02,-9.674724491915408509e-01,5.548574806812435201e-01,1.058907120542429192e+00,9.000000000000217826e-01
5.780000000000264926e+00,1.016648423175288141e+00,2.115854271546108167e-01,-1.143416979981604742e+00,3.096358942309150564e+01,-1.996741821414766901e-02,-9.655993642867439775e-01,5.565011569935525149e-01,1.058808782189949893e+00,9.000000000000217826e-01
5.785000000000266596e+00,1.016560899313815769e+00,2.115329550118401347e-01,-1.133855023247610116e+00,3.097698064090251080e+01,-2.070632915084792344e-02,-9.637337307031113021e-01,5.581373033579000165e-01,1.058706734408908945e+00,9.000000000000217826e-01
5.790000000000268265e+00,1.016470238521396618e+00,2.114785731526082069e-01,-1.124327392787796587e+00,3.099033981949240513e+01,-2.143785884714422343e-02,-9.618755841738944046e-01,5.597658881972709111e-01,1.058601014196734136e+00,9.000000000000217826e-01
5.795000000000269935e+00,1.016376473184226858e+00,2.114222990775863897e-01,-1.114834436803060713e+00,3.100366695181089582e+01,-2.216205286200069458e-02,-9.600249589197510369e-01,5.613868814126695694e-01,1.058491658322707973e+00,9.000000000000217826e-01
5.800000000000271605e+00,1.016279635477731480e+00,2.113641501981150528e-01,-1.105376492169808378e+00,3.101696203136892294e+01,-2.287895657495515531e-02,-9.581818877043790650e-01,5.630002543292911277e-01,1.058378703328863413e+00,9.000000000000217826e-01
5.805000000000273275e+00,1.016179757367490444e+00,2.113041438363700564e-01,-1.095953884664296440e+00,3.103022505223609784e+01,-2.358861518603381363e-02,-9.563464018484575391e-01,5.646059796842781697e-01,1.058262185530882471e+00,9.000000000000217826e-01
5.810000000000274945e+00,1.016076870610163496e+00,2.112422972255317000e-01,-1.086566929182675834e+00,3.104345600903811686e+01,-2.429107371547230623e-02,-9.545185312717388015e-01,5.662040315861693873e-01,1.058142141018993287e+00,9.000000000000217826e-01
5.815000000000276614e+00,1.015971006754418093e+00,2.111786275099562238e-01,-1.077215929957264118e+00,3.105665489695369175e+01,-2.498637700361190303e-02,-9.526983045095281932e-01,5.677943854998747097e-01,1.058018605658868960e+00,9.000000000000217826e-01
5.820000000000278284e+00,1.015862197141853551e+00,2.111131517453493922e-01,-1.067901180768727754e+00,3.106982171171160800e+01,-2.567456971065006782e-02,-9.508857487577244694e-01,5.693770182029376237e-01,1.057891615092528825e+00,9.000000000000217826e-01
5.825000000000279954e+00,1.015750472907927637e+00,2.110458868989426862e-01,-1.058622965154360385e+00,3.108295644958708692e+01,-2.635569631661795198e-02,-9.490808898919513847e-01,5.709519077676477039e-01,1.057761204739238403e+00,9.000000000000217826e-01
5.830000000000281624e+00,1.015635864982881609e+00,2.109768498496714106e-01,-1.049381556612306143e+00,3.109605910739852774e+01,-2.702980112125938708e-02,-9.472837524953074961e-01,5.725190335343839365e-01,1.057627409796410012e+00,9.000000000000217826e-01
5.835000000000283293e+00,1.015518404092664362e+00,2.109060573883551060e-01,-1.040177218802692316e+00,3.110912968250367427e+01,-2.769692824392946950e-02,-9.454943598706807562e-01,5.740783761003395158e-01,1.057490265240505600e+00,9.000000000000217826e-01
5.840000000000284963e+00,1.015398120759858136e+00,2.108335262178803737e-01,-1.031010205744297137e+00,3.112216817279582415e+01,-2.835712162332160169e-02,-9.437127341068461961e-01,5.756299172543467568e-01,1.057349805827938471e+00,9.000000000000217826e-01
5.845000000000286633e+00,1.015275045304600887e+00,2.107592729533854792e-01,-1.021880762008369636e+00,3.113517457669998123e+01,-2.901042501771804172e-02,-9.419388960551378087e-01,5.771736400010496482e-01,1.057206066095975228e+00,9.000000000000217826e-01
5.850000000000288303e+00,1.015149207845511325e+00,2.106833141224474792e-01,-1.012789122907945982e+00,3.114814889316867053e+01,-2.965688200462415769e-02,-9.401728654042902367e-01,5.787095284868435385e-01,1.057059080363640824e+00,9.000000000000217826e-01
5.855000000000289972e+00,1.015020638300609512e+00,2.106056661652706830e-01,-1.003735514684831465e+00,3.116109112167799822e+01,-3.029653598105166989e-02,-9.384146606445675776e-01,5.802375680364295629e-01,1.056908882732618959e+00,9.000000000000217826e-01
5.860000000000291642e+00,1.014889366388241010e+00,2.105263454348780539e-01,-9.947201546922659343e-01,3.117400126222329959e+01,-3.092943016303712975e-02,-9.366642991644444916e-01,5.817577450567630315e-01,1.056755507088157575e+00,9.000000000000217826e-01
5.865000000000293312e+00,1.014755421627996590e+00,2.104453681973039447e-01,-9.857432515745295776e-01,3.118687931531499302e+01,-3.155560758610138211e-02,-9.349217972163579304e-01,5.832700470718605867e-01,1.056598987099971909e+00,9.000000000000217826e-01
5.870000000000294982e+00,1.014618833341632831e+00,2.103627506317889140e-01,-9.768050054433853324e-01,3.119972528197415684e+01,-3.217511110497629084e-02,-9.331871699626335115e-01,5.847744626773812016e-01,1.056439356223147330e+00,9.000000000000217826e-01
5.875000000000296652e+00,1.014479630653992714e+00,2.102785088309764849e-01,-9.679056080510637372e-01,3.121253916372838333e+01,-3.278798339363320907e-02,-9.314604315039394233e-01,5.862709815125888291e-01,1.056276647699043281e+00,9.000000000000217826e-01
5.880000000000298321e+00,1.014337842493922670e+00,2.101926588011119312e-01,-9.590452429602626117e-01,3.122532096260727030e+01,-3.339426694539497642e-02,-9.297415948886940118e-01,5.877595942513631488e-01,1.056110894556196556e+00,9.000000000000217826e-01
5.885000000000299991e+00,1.014193497595191173e+00,2.101052164622425056e-01,-9.502240857108230632e-01,3.123807068113805485e+01,-3.399400407289161069e-02,-9.280306721478159826e-01,5.892402925677731051e-01,1.055942129611225244e+00,9.000000000000217826e-01
5.890000000000301661e+00,1.014046624497404236e+00,2.100161976484199167e-01,-9.414423039834680651e-01,3.125078832234125414e+01,-3.458723690819061336e-02,-9.263276743033663774e-01,5.907130691277349133e-01,1.055770385469730899e+00,9.000000000000217826e-01
5.895000000000303331e+00,1.013897251546921785e+00,2.099256181079042494e-01,-9.327000577606344711e-01,3.126347388972631336e+01,-3.517400740277271814e-02,-9.246326113982681338e-01,5.921779175595367484e-01,1.055595694527202033e+00,9.000000000000217826e-01
5.900000000000305000e+00,1.013745406897771595e+00,2.098334935033697446e-01,-9.239974994839667000e-01,3.127612738728713282e+01,-3.575435732762767549e-02,-9.229454925225337725e-01,5.936348324278315491e-01,1.055418088969914958e+00,9.000000000000217826e-01
5.905000000000306670e+00,1.013591118512562339e+00,2.097398394121121612e-01,-9.153347742094235517e-01,3.128874881949782605e+01,-3.632832827343063231e-02,-9.212663258108229059e-01,5.950838092362498166e-01,1.055237600775838169e+00,9.000000000000217826e-01
5.910000000000308340e+00,1.013434414163395081e+00,2.096446713262579975e-01,-9.067120197591134190e-01,3.130133819130825756e+01,-3.689596165043666082e-02,-9.195951184943806922e-01,5.965248443756081542e-01,1.055054261715532515e+00,9.000000000000217826e-01
5.915000000000310010e+00,1.013275321432774101e+00,2.095480046529752116e-01,-8.981293668707364120e-01,3.131389550813979028e+01,-3.745729868879553448e-02,-9.179318768932247519e-01,5.979579351318309310e-01,1.054868103353052033e+00,9.000000000000217826e-01
5.920000000000311680e+00,1.013113867714515504e+00,2.094498547146856071e-01,-8.895869393437005890e-01,3.132642077588101159e+01,-3.801238043852397941e-02,-9.162766064618996786e-01,5.993830796402797034e-01,1.054679157046845894e+00,9.000000000000217826e-01
5.925000000000313349e+00,1.012950080214655824e+00,2.093502367492785787e-01,-8.810848541830292868e-01,3.133891400088340973e+01,-3.856124776982898517e-02,-9.146293117721151500e-01,6.008002769031792756e-01,1.054487453950656128e+00,9.000000000000217826e-01
5.930000000000315019e+00,1.012783985952357302e+00,2.092491659103264956e-01,-8.726232217406379998e-01,3.135137518995720285e+01,-3.910394137297560496e-02,-9.129899965623964331e-01,6.022095267399958374e-01,1.054293025014418683e+00,9.000000000000217826e-01
5.935000000000316689e+00,1.012615611760813161e+00,2.091466572673019164e-01,-8.642021458536534029e-01,3.136380435036729608e+01,-3.964050175856945191e-02,-9.113586637543261704e-01,6.036108297703838277e-01,1.054095900985161371e+00,9.000000000000217826e-01
5.940000000000318359e+00,1.012444984288151106e+00,2.090427258057957483e-01,-8.558217239803973531e-01,3.137620148982905732e+01,-4.017096925782467909e-02,-9.097353154502728634e-01,6.050041874163970546e-01,1.053896112407901375e+00,9.000000000000217826e-01
5.945000000000320028e+00,1.012272129998333714e+00,2.089373864277371540e-01,-8.474820473338637861e-01,3.138856661650416413e+01,-4.069538402253806281e-02,-9.081199529681779348e-01,6.063896018741016247e-01,1.053693689626541863e+00,9.000000000000217826e-01
5.950000000000321698e+00,1.012097075172060379e+00,2.088306539516147364e-01,-8.391832010128547070e-01,3.140089973899643283e+01,-4.121378602537334457e-02,-9.065125768514634697e-01,6.077670760930595772e-01,1.053488662784769048e+00,9.000000000000217826e-01
5.955000000000323368e+00,1.011919845907665039e+00,2.087225431126993325e-01,-8.309252641303486175e-01,3.141320086634784658e+01,-4.172621506000362412e-02,-9.049131868977443593e-01,6.091366137544941273e-01,1.053281061826946141e+00,9.000000000000217826e-01
5.960000000000325038e+00,1.011740468122011460e+00,2.086130685632678339e-01,-8.227083099396571564e-01,3.142547000803491386e+01,-4.223271074143983977e-02,-9.033217821523052971e-01,6.104982192748188430e-01,1.053070916499008414e+00,9.000000000000217826e-01
5.965000000000326708e+00,1.011558967551389410e+00,2.085022448728283684e-01,-8.145324059586532828e-01,3.143770717396470715e+01,-4.273331250606502568e-02,-9.017383609358350371e-01,6.118518977789594304e-01,1.052858256349355592e+00,9.000000000000217826e-01
5.970000000000328377e+00,1.011375369752408604e+00,2.083900865283471460e-01,-8.063976140910940060e-01,3.144991237447102606e+01,-4.322805961182556167e-02,-9.001629208827232054e-01,6.131976550619450128e-01,1.052643110729744480e+00,9.000000000000217826e-01
5.975000000000330047e+00,1.011189700102888667e+00,2.082766079344761934e-01,-7.983039907459492657e-01,3.146208562031068823e+01,-4.371699113871678477e-02,-8.985954589194529163e-01,6.145354976103889477e-01,1.052425508796179798e+00,9.000000000000217826e-01
5.980000000000331717e+00,1.011001983802748860e+00,2.081618234137822265e-01,-7.902515869545204685e-01,3.147422692265982391e+01,-4.420014598879953155e-02,-8.970359712975819466e-01,6.158654325693884157e-01,1.052205479509803254e+00,9.000000000000217826e-01
5.985000000000333387e+00,1.010812245874896043e+00,2.080457472069770775e-01,-7.822404484856316786e-01,3.148633629311007454e+01,-4.467756288645241547e-02,-8.954844536062628313e-01,6.171874677299024059e-01,1.051983051637783495e+00,9.000000000000217826e-01
5.990000000000335056e+00,1.010620511166110624e+00,2.079283934731493422e-01,-7.742706159581951297e-01,3.149841374366536684e+01,-4.514928037859926302e-02,-8.939409008014628233e-01,6.185016114993741043e-01,1.051758253754202288e+00,9.000000000000217826e-01
5.995000000000336726e+00,1.010426804347930085e+00,2.078097762899966949e-01,-7.663421249522720524e-01,3.151045928673794805e+01,-4.561533683513001314e-02,-8.924053071902584566e-01,6.198078729173608359e-01,1.051531114240942033e+00,9.000000000000217826e-01
6.000000000000338396e+00,1.010231149917530935e+00,2.076899096540598955e-01,-7.584550061174483160e-01,3.152247293514524529e+01,-4.607577044894186485e-02,-8.908776664817361635e-01,6.211062616044757956e-01,1.051301661288569056e+00,9.000000000000217826e-01
6.005000000000340066e+00,1.010033572198607787e+00,2.075688074809574624e-01,-7.506092852797607851e-01,3.153445470210629153e+01,-4.653061923645883391e-02,-8.893579717604979118e-01,6.223967877887756073e-01,1.051069922897218456e+00,9.000000000000217826e-01
6.010000000000341736e+00,1.009834095342252214e+00,2.074464836056215677e-01,-7.428049835463744754e-01,3.154640460123840739e+01,-4.697992103763986432e-02,-8.878462155366372288e-01,6.236794622556515177e-01,1.050835926877476290e+00,9.000000000000217826e-01
6.015000000000343405e+00,1.009632743327827376e+00,2.073229517825351531e-01,-7.350421174083475728e-01,3.155832264655401076e+01,-4.742371351646013089e-02,-8.863423897400835028e-01,6.249542963533574191e-01,1.050599700851258866e+00,9.000000000000217826e-01
6.020000000000345075e+00,1.009429539963843103e+00,2.071982256859698224e-01,-7.273206988413892793e-01,3.157020885245721331e+01,-4.786203416115397680e-02,-8.848464857374920278e-01,6.262213019760061172e-01,1.050361272252693379e+00,9.000000000000217826e-01
6.025000000000346745e+00,1.009224508888825422e+00,2.070723189102248174e-01,-7.196407354051356231e-01,3.158206323374072966e+01,-4.829492028451250196e-02,-8.833584943384560351e-01,6.274804915572216313e-01,1.050120668328994533e+00,9.000000000000217826e-01
6.030000000000348415e+00,1.009017673572186968e+00,2.069452449698669927e-01,-7.120022303400231900e-01,3.159388580558278647e+01,-4.872240902410230473e-02,-8.818784058315463081e-01,6.287318780339803403e-01,1.049877916141342071e+00,9.000000000000217826e-01
6.035000000000350084e+00,1.008809057315094293e+00,2.068170172999716783e-01,-7.044051826628440205e-01,3.160567658354394993e+01,-4.914453734278957653e-02,-8.804062099619627269e-01,6.299754748688366490e-01,1.049633042565755181e+00,9.000000000000217826e-01
6.040000000000351754e+00,1.008598683251331840e+00,2.066876492563646250e-01,-6.968495872601497831e-01,3.161743558356421957e+01,-4.956134202882472861e-02,-8.789418959749539795e-01,6.312112960063793743e-01,1.049386074293964910e+00,9.000000000000217826e-01
6.045000000000353424e+00,1.008386574348165698e+00,2.065571541158644497e-01,-6.893354349804202696e-01,3.162916282195992324e+01,-4.997285969633358943e-02,-8.774854526025679391e-01,6.324393558863732334e-01,1.049137037834286135e+00,9.000000000000217826e-01
6.050000000000355094e+00,1.008172753407202915e+00,2.064255450765267175e-01,-6.818627127238469088e-01,3.164085831542093885e+01,-5.037912678549075207e-02,-8.760368681073860131e-01,6.336596693998921559e-01,1.048885959512487753e+00,9.000000000000217826e-01
6.055000000000356764e+00,1.007957243065250807e+00,2.062928352578879687e-01,-6.744314035310259303e-01,3.165252208100775633e+01,-5.078017956310910269e-02,-8.745961302517374358e-01,6.348722519200044045e-01,1.048632865472660214e+00,9.000000000000217826e-01
6.060000000000358433e+00,1.007740065795171391e+00,2.061590377012113007e-01,-6.670414866697405021e-01,3.166415413614865315e+01,-5.117605412269209814e-02,-8.731632263467536959e-01,6.360771192525995765e-01,1.048377781678082599e+00,9.000000000000217826e-01
6.065000000000360103e+00,1.007521243906736030e+00,2.060241653697322817e-01,-6.596929377201918854e-01,3.167575449863691617e+01,-5.156678638497620704e-02,-8.717381432446248413e-01,6.372742876440379289e-01,1.048120733912087266e+00,9.000000000000217826e-01
6.070000000000361773e+00,1.007300799547476755e+00,2.058882311489060590e-01,-6.523857286583917281e-01,3.168732318662811664e+01,-5.195241209823609624e-02,-8.703208673553798347e-01,6.384637737642534505e-01,1.047861747778922714e+00,9.000000000000217826e-01
6.075000000000363443e+00,1.007078754703533585e+00,2.057512478466546890e-01,-6.451198279386375356e-01,3.169886021863741732e+01,-5.233296683867123128e-02,-8.689113846419547205e-01,6.396455947115946561e-01,1.047600848704614229e+00,9.000000000000217826e-01
6.080000000000365112e+00,1.006855131200503184e+00,2.056132281936159101e-01,-6.378952005737610342e-01,3.171036561353713168e+01,-5.270848601059720251e-02,-8.675096806694094775e-01,6.408197679634902721e-01,1.047338061937824749e+00,9.000000000000217826e-01
6.085000000000366782e+00,1.006629950704279741e+00,2.054741848433921936e-01,-6.307118082141159876e-01,3.172183939055375035e+01,-5.307900484713862221e-02,-8.661157405717549995e-01,6.419863114095667456e-01,1.047073412550710847e+00,9.000000000000217826e-01
6.090000000000368452e+00,1.006403234721899631e+00,2.053341303728001832e-01,-6.235696092252958067e-01,3.173328156926567800e+01,-5.344455841036881844e-02,-8.647295490797406448e-01,6.431452433237418997e-01,1.046806925439779379e+00,9.000000000000217826e-01
6.095000000000370122e+00,1.006175004602378520e+00,2.051930772821217164e-01,-6.164685587642705356e-01,3.174469216960058660e+01,-5.380518159168223846e-02,-8.633510905406062141e-01,6.442965823444070095e-01,1.046538625326740357e+00,9.000000000000217826e-01
6.100000000000371791e+00,1.005945281537548697e+00,2.050510379953547624e-01,-6.094086088537815638e-01,3.175607121183297110e+01,-5.416090911229710231e-02,-8.619803489199713287e-01,6.454403474724499379e-01,1.046268536759360490e+00,9.000000000000217826e-01
6.105000000000373461e+00,1.005714086562893073e+00,2.049080248604651100e-01,-6.023897084560100312e-01,3.176741871658176564e+01,-5.451177552366125167e-02,-8.606173077931988935e-01,6.465765580798128465e-01,1.045996684112310726e+00,9.000000000000217826e-01
6.110000000000375131e+00,1.005481440558376738e+00,2.047640501496390264e-01,-5.954118035441448020e-01,3.177873470480784590e+01,-5.485781520763077096e-02,-8.592619503952252380e-01,6.477052338596001047e-01,1.045723091588016462e+00,9.000000000000217826e-01
6.115000000000376801e+00,1.005247364249276965e+00,2.046191260595361661e-01,-5.884748371732501093e-01,3.179001919781167373e+01,-5.519906237717086411e-02,-8.579142595837322416e-01,6.488263948628377742e-01,1.045447783217501314e+00,9.000000000000217826e-01
6.120000000000378471e+00,1.005011878207008102e+00,2.044732647115432012e-01,-5.815787495493065506e-01,3.180127221723100561e+01,-5.553555107647055455e-02,-8.565742178900490611e-01,6.499400614475057125e-01,1.045170782861233327e+00,9.000000000000217826e-01
6.125000000000380140e+00,1.004775002849946919e+00,2.043264781520280071e-01,-5.747234780973917712e-01,3.181249378503860115e+01,-5.586731518159919474e-02,-8.552418074947533144e-01,6.510462543028786575e-01,1.044892114209966083e+00,9.000000000000217826e-01
6.130000000000381810e+00,1.004536758444253941e+00,2.041787783525944311e-01,-5.679089575279528956e-01,3.182368392353984632e+01,-5.619438840074003627e-02,-8.539170102652101635e-01,6.521449944119416253e-01,1.044611800785577138e+00,9.000000000000217826e-01
6.135000000000383480e+00,1.004297165104691469e+00,2.040301772103372546e-01,-5.611351199027213577e-01,3.183484265537062186e+01,-5.651680427479770924e-02,-8.525998077241607742e-01,6.532363030827443851e-01,1.044329865941907354e+00,9.000000000000217826e-01
6.140000000000385150e+00,1.004056242795441145e+00,2.038806865480982389e-01,-5.544018946984787810e-01,3.184597000349500107e+01,-5.683459617749762188e-02,-8.512901811136817098e-01,6.543202018844027634e-01,1.044046332865596227e+00,9.000000000000217826e-01
6.145000000000386819e+00,1.003814011330916189e+00,2.037303181147221698e-01,-5.477092088704009765e-01,3.185706599120311822e+01,-5.714779731620212716e-02,-8.499881113448966019e-01,6.553967126973447854e-01,1.043761224576916113e+00,9.000000000000217826e-01
6.150000000000388489e+00,1.003570490376573643e+00,2.035790835853137082e-01,-5.410569869135766208e-01,3.186813064210900492e+01,-5.745644073197932883e-02,-8.486935790571574767e-01,6.564658576540944868e-01,1.043474563930602450e+00,9.000000000000217826e-01
6.155000000000390159e+00,1.003325699449721942e+00,2.034269945614944342e-01,-5.344451509239103171e-01,3.187916398014840524e+01,-5.776055930033203306e-02,-8.474065645837750571e-01,6.575276591735083054e-01,1.043186373616683760e+00,9.000000000000217826e-01
6.160000000000391829e+00,1.003079657920328049e+00,2.032740625716603633e-01,-5.278736206573809708e-01,3.189016602957671864e+01,-5.806018573138837374e-02,-8.461270479957427870e-01,6.585821399170270762e-01,1.042896676161308767e+00,9.000000000000217826e-01
6.165000000000393499e+00,1.002832385011818817e+00,2.031202990712401568e-01,-5.213423135887307325e-01,3.190113681496689679e+01,-5.835535257055769059e-02,-8.448550090765929443e-01,6.596293228137899423e-01,1.042605493927571070e+00,9.000000000000217826e-01
6.170000000000395168e+00,1.002583899801882117e+00,2.029657154429532762e-01,-5.148511449682663388e-01,3.191207636120732971e+01,-5.864609219876892876e-02,-8.435904273653712648e-01,6.606692310176517369e-01,1.042312849116332707e+00,9.000000000000217826e-01
6.175000000000396838e+00,1.002334221223265098e+00,2.028103229970688315e-01,-5.084000278785503202e-01,3.192298469349986334e+01,-5.893243683316835152e-02,-8.423332821144733362e-01,6.617018879493234973e-01,1.042018763767043721e+00,9.000000000000217826e-01
6.180000000000398508e+00,1.002083368064568436e+00,2.026541329716647910e-01,-5.019888732892632266e-01,3.193386183735776029e+01,-5.921441852718460630e-02,-8.410835523577471218e-01,6.627273172282550640e-01,1.041723259758560838e+00,9.000000000000217826e-01
6.185000000000400178e+00,1.001831358971039698e+00,2.024971565328874956e-01,-4.956175901114595606e-01,3.194470781860363573e+01,-5.949206917137946776e-02,-8.398412168676537837e-01,6.637455427154784759e-01,1.041426358809963482e+00,9.000000000000217826e-01
6.190000000000401847e+00,1.001578212445361826e+00,2.023394047752112845e-01,-4.892860852503290170e-01,3.195552266336760283e+01,-5.976542049365966836e-02,-8.386062541924363956e-01,6.647565884764190525e-01,1.041128082481368011e+00,9.000000000000217826e-01
6.195000000000403517e+00,1.001323946848440061e+00,2.021808887216987871e-01,-4.829942636577887471e-01,3.196630639808510210e+01,-6.003450405988097760e-02,-8.373786426320035670e-01,6.657604788050346389e-01,1.040828452174738405e+00,9.000000000000217826e-01
6.200000000000405187e+00,1.001068580400187980e+00,2.020216193242615199e-01,-4.767420283829069683e-01,3.197705904949520317e+01,-6.029935127405792322e-02,-8.361583602964189899e-01,6.667572381652985269e-01,1.040527489134696282e+00,9.000000000000217826e-01
6.205000000000406857e+00,1.000812131180306652e+00,2.018616074639201508e-01,-4.705292806227139857e-01,3.198778064463839144e+01,-6.055999337924126980e-02,-8.349453850387958953e-01,6.677468912583449656e-01,1.040225214449327806e+00,9.000000000000217826e-01
6.210000000000408527e+00,1.000554617129064683e+00,2.017008639510660117e-01,-4.643559197708025388e-01,3.199847121085492674e+01,-6.081646145745306375e-02,-8.337396945474698784e-01,6.687294629302741322e-01,1.039921649050987495e+00,9.000000000000217826e-01
6.215000000000410196e+00,1.000296056048074256e+00,2.015393995257220572e-01,-4.582218434659256490e-01,3.200913077578272237e+01,-6.106878643072471968e-02,-8.325412662712381451e-01,6.697049782469528534e-01,1.039616813717101573e+00,9.000000000000217826e-01
6.220000000000411866e+00,1.000036465716525269e+00,2.013772246729922388e-01,-4.521269476299014656e-01,3.201975936654994825e+01,-6.131699909528753878e-02,-8.313500818597193698e-01,6.706734667985153608e-01,1.039310729070881623e+00,9.000000000000217826e-01
6.225000000000413536e+00,9.997758637573961327e-01,2.012143498387845841e-01,-4.460711265134340575e-01,3.203035701103494404e+01,-6.156113002668677642e-02,-8.301661107603430789e-01,6.716349467562401365e-01,1.039003415582167911e+00,9.000000000000217826e-01
6.230000000000415206e+00,9.995142674741918087e-01,2.010507856925582704e-01,-4.400542727662885567e-01,3.204092373933364968e+01,-6.180120965714168413e-02,-8.289893282131659547e-01,6.725894438221831084e-01,1.038694893568409494e+00,9.000000000000217826e-01
6.235000000000416875e+00,9.992516940729040398e-01,2.008865427735512799e-01,-4.340762774758866183e-01,3.205145958120441918e+01,-6.203726825910574338e-02,-8.278197135247862271e-01,6.735369848144812099e-01,1.038385183195354999e+00,9.000000000000217826e-01
6.240000000000418545e+00,9.989881606461028518e-01,2.007216315177488830e-01,-4.281370302089353430e-01,3.206196456608290646e+01,-6.226933595679606109e-02,-8.266572451616566175e-01,6.744775967648893866e-01,1.038074304477837106e+00,9.000000000000217826e-01
6.245000000000420215e+00,9.987236841642321838e-01,2.005560622732442677e-01,-4.222364190500704773e-01,3.207243872323467571e+01,-6.249744272180239590e-02,-8.255019009535912167e-01,6.754113064225121255e-01,1.037762277280525947e+00,9.000000000000217826e-01
6.250000000000421885e+00,9.984582814710102339e-01,2.003898453090339760e-01,-4.163743306403971389e-01,3.208288208191907387e+01,-6.272161837326382938e-02,-8.243536579306768308e-01,6.763381404479787973e-01,1.037449121318692491e+00,9.000000000000217826e-01
6.255000000000423555e+00,9.981919692811767053e-01,2.002229908200657271e-01,-4.105506502171885619e-01,3.209329467153048654e+01,-6.294189257574685226e-02,-8.232124924394964571e-01,6.772581254490289693e-01,1.037134856158976381e+00,9.000000000000217826e-01
6.260000000000425224e+00,9.979247641795794266e-01,2.000555089301582767e-01,-4.047652616533482517e-01,3.210367652170634045e+01,-6.315829483760712626e-02,-8.220783803267874834e-01,6.781712879793511117e-01,1.036819501220163753e+00,9.000000000000217826e-01
6.265000000000426894e+00,9.976566826210186978e-01,1.998874096937169609e-01,-3.990180474979591052e-01,3.211402766240211548e+01,-6.337085451048282692e-02,-8.209512970398004095e-01,6.790776546102975653e-01,1.036503075773970384e+00,9.000000000000217826e-01
6.270000000000428564e+00,9.973877409305167419e-01,1.997187030967740862e-01,-3.933088890153285666e-01,3.212434812393725991e+01,-6.357960078890703692e-02,-8.198312178049815824e-01,6.799772518971065605e-01,1.036185598945826625e+00,9.000000000000217826e-01
6.275000000000430234e+00,9.971179553038200805e-01,1.995493990576538978e-01,-3.876376662248397498e-01,3.213463793701821913e+01,-6.378456271121374366e-02,-8.187181176363174107e-01,6.808701064837963113e-01,1.035867089715658551e+00,9.000000000000217826e-01
6.280000000000431903e+00,9.968473418080255888e-01,1.993795074274342105e-01,-3.820042579390798831e-01,3.214489713274435445e+01,-6.398576915975380530e-02,-8.176119714804275240e-01,6.817562450411518427e-01,1.035547566918670004e+00,9.000000000000217826e-01
6.285000000000433573e+00,9.965759163822694999e-01,1.992090379902994868e-01,-3.764085418013699558e-01,3.215512574260157663e+01,-6.418324886236945193e-02,-8.165127541890916385e-01,6.826356943512007502e-01,1.035227049246117303e+00,9.000000000000217826e-01
6.290000000000435243e+00,9.963036948384447200e-01,1.990380004638398204e-01,-3.708503943223369070e-01,3.216532379844861111e+01,-6.437703039308205477e-02,-8.154204405603695527e-01,6.835084813018488248e-01,1.034905555246079523e+00,9.000000000000217826e-01
6.295000000000436913e+00,9.960306928619276912e-01,1.988664044993250501e-01,-3.653296909156650840e-01,3.217549133249878679e+01,-6.456714217301397218e-02,-8.143350053407352185e-01,6.843746329040287790e-01,1.034583103324225872e+00,9.000000000000217826e-01
6.300000000000438583e+00,9.957569260123083632e-01,1.986942596819699647e-01,-3.598463059329551350e-01,3.218562837730001291e+01,-6.475361247115121732e-02,-8.132564232306607188e-01,6.852341762931688507e-01,1.034259711744576649e+00,9.000000000000217826e-01
6.305000000000440252e+00,9.954824097241147252e-01,1.985215755311980912e-01,-3.544001126977847638e-01,3.219573496571478444e+01,-6.493646940507326326e-02,-8.121846688788301183e-01,6.860871387333786764e-01,1.033935398630261959e+00,9.000000000000217826e-01
6.310000000000441922e+00,9.952071593075327849e-01,1.983483615009074552e-01,-3.489909835390388460e-01,3.220581113090143788e+01,-6.511574094156101500e-02,-8.111197168777286581e-01,6.869335476145190800e-01,1.033610181964277563e+00,9.000000000000217826e-01
6.315000000000443592e+00,9.949311899491221078e-01,1.981746269797398097e-01,-3.436187898233303839e-01,3.221585690629719068e+01,-6.529145489713999995e-02,-8.100615417593308720e-01,6.877734304457296943e-01,1.033284079590236271e+00,9.000000000000217826e-01
6.320000000000445262e+00,9.946545167125253606e-01,1.980003812913532224e-01,-3.382834019875370357e-01,3.222587232560408665e+01,-6.546363893858367367e-02,-8.090101179775249784e-01,6.886068148604670425e-01,1.032957109213118896e+00,9.000000000000217826e-01
6.325000000000446931e+00,9.943771545391740796e-01,1.978256336946971894e-01,-3.329846895696934594e-01,3.223585742277649757e+01,-6.563232058321971651e-02,-8.079654199508475854e-01,6.894337285608448385e-01,1.032629288400020107e+00,9.000000000000217826e-01
6.330000000000448601e+00,9.940991182489905542e-01,1.976503933842893301e-01,-3.277225212399260679e-01,3.224581223201203528e+01,-6.579752719981581122e-02,-8.069274219968751716e-01,6.902541993707067558e-01,1.032300634580895604e+00,9.000000000000217826e-01
6.335000000000450271e+00,9.938204225410854908e-01,1.974746694904929711e-01,-3.224967648308733614e-01,3.225573678774394182e+01,-6.595928600865405556e-02,-8.058960983733839401e-01,6.910682551830090725e-01,1.031971165049302641e+00,9.000000000000217826e-01
6.340000000000451941e+00,9.935410819944541227e-01,1.972984710797951180e-01,-3.173072873670972904e-01,3.226563112463608007e+01,-6.611762408215882125e-02,-8.048714232779939914e-01,6.918759239500739122e-01,1.031640896963140985e+00,9.000000000000217826e-01
6.345000000000453610e+00,9.932611110686695444e-01,1.971218071550832618e-01,-3.121539550939610441e-01,3.227549527757907555e+01,-6.627256834553582610e-02,-8.038533708237881603e-01,6.926772336994541091e-01,1.031309847345391217e+00,9.000000000000217826e-01
6.350000000000455280e+00,9.929805241045731590e-01,1.969446866559216303e-01,-3.070366335066236907e-01,3.228532928168825578e+01,-6.642414557710638046e-02,-8.028419150433993012e-01,6.934722125228917067e-01,1.030978033084848589e+00,9.000000000000217826e-01
6.355000000000456950e+00,9.926993353249641272e-01,1.967671184588262179e-01,-3.019551873773423378e-01,3.229513317230250635e+01,-6.657238240869306489e-02,-8.018370299294064196e-01,6.942608885305125987e-01,1.030645470936856656e+00,9.000000000000217826e-01
6.360000000000458620e+00,9.924175588352860400e-01,1.965891113775377619e-01,-2.969094807834330996e-01,3.230490698498392987e+01,-6.671730532651247436e-02,-8.008386893664868333e-01,6.950432899146686827e-01,1.030312177524037587e+00,9.000000000000217826e-01
6.365000000000460290e+00,9.921352086243122592e-01,1.964106741632938025e-01,-2.918993771336483301e-01,3.231465075551812305e+01,-6.685894067117939543e-02,-7.998468672099121601e-01,6.958194448686885192e-01,1.029978169337020022e+00,9.000000000000217826e-01
6.370000000000461959e+00,9.918522985648291490e-01,1.962318155050985224e-01,-2.869247391948001602e-01,3.232436451991478776e+01,-6.699731463869178227e-02,-7.988615372201138820e-01,6.965893816506195657e-01,1.029643462735162274e+00,9.000000000000217826e-01
6.375000000000463629e+00,9.915688424143173085e-01,1.960525440299914490e-01,-2.819854291174531125e-01,3.233404831440856952e+01,-6.713245328054461003e-02,-7.978826731170105546e-01,6.973531285280996084e-01,1.029308073947278634e+00,9.000000000000217826e-01
6.380000000000465299e+00,9.912848538156313616e-01,1.958728683033146012e-01,-2.770813084610445620e-01,3.234370217545983195e+01,-6.726438250450408884e-02,-7.969102485544324876e-01,6.981107138038352700e-01,1.028972019072356137e+00,9.000000000000217826e-01
6.385000000000466969e+00,9.910003462976763045e-01,1.956927968289783326e-01,-2.722122382190669820e-01,3.235332613975564442e+01,-6.739312807501313118e-02,-7.959442371223620638e-01,6.988621658138024495e-01,1.028635314080274199e+00,9.000000000000217826e-01
6.390000000000468638e+00,9.907153332760838538e-01,1.955123380497260643e-01,-2.673780788429944710e-01,3.236292024420996682e+01,-6.751871561358270546e-02,-7.949846123832590150e-01,6.996075128917976782e-01,1.028297974812518945e+00,9.000000000000217826e-01
6.395000000000470308e+00,9.904298280538847976e-01,1.953315003473978795e-01,-2.625786902663632127e-01,3.237248452596461590e+01,-6.764117059960364498e-02,-7.940313478284976023e-01,7.003467834140678638e-01,1.027960016982895741e+00,9.000000000000217826e-01
6.400000000000471978e+00,9.901438438221786820e-01,1.951502920431932298e-01,-2.578139319278256458e-01,3.238201902238921548e+01,-6.776051837055424576e-02,-7.930844169232842411e-01,7.010800057556942910e-01,1.027621456178238635e+00,9.000000000000217826e-01
6.405000000000473648e+00,9.898573936608027202e-01,1.949687213979330591e-01,-2.530836627944287875e-01,3.239152377108116809e+01,-6.787678412273730200e-02,-7.921437930738619571e-01,7.018072083247337556e-01,1.027282307859118671e+00,9.000000000000217826e-01
6.410000000000475318e+00,9.895704905389969275e-01,1.947867966123211780e-01,-2.483877413837611292e-01,3.240099880986537073e+01,-6.798999291155127800e-02,-7.912094496748246497e-01,7.025284195162621037e-01,1.026942587360548664e+00,9.000000000000217826e-01
6.415000000000476987e+00,9.892831473160672573e-01,1.946045258272049439e-01,-2.437260257859016344e-01,3.241044417679369616e+01,-6.810016965232217057e-02,-7.902813600696256824e-01,7.032436677531719305e-01,1.026602309892684195e+00,9.000000000000217826e-01
6.420000000000478657e+00,9.889953767420450736e-01,1.944219171238357191e-01,-2.390983736852923258e-01,3.241985991014426105e+01,-6.820733912058485338e-02,-7.893594975720999996e-01,7.039529814658752604e-01,1.026261490541524601e+00,9.000000000000217826e-01
6.425000000000480327e+00,9.887071914583448473e-01,1.942389785241289135e-01,-2.345046423813881287e-01,3.242924604842039571e+01,-6.831152595259772087e-02,-7.884438354893020806e-01,7.046563890705975775e-01,1.025920144269609535e+00,9.000000000000217826e-01
6.430000000000481997e+00,9.884186039984192984e-01,1.940557179909234709e-01,-2.299446888097266828e-01,3.243860263034958535e+01,-6.841275464610820090e-02,-7.875343470771291043e-01,7.053539190147398719e-01,1.025578285916712629e+00,9.000000000000217826e-01
6.435000000000483666e+00,9.881296267884105422e-01,1.938721434282414113e-01,-2.254183695620226580e-01,3.244792969488214140e+01,-6.851104956050850514e-02,-7.866310055965977099e-01,7.060455997214780677e-01,1.025235930200534940e+00,9.000000000000217826e-01
6.440000000000485336e+00,9.878402721477993476e-01,1.936882626815469022e-01,-2.209255409060250086e-01,3.245722728118975908e+01,-6.860643491767581814e-02,-7.857337842795665273e-01,7.067314596248009950e-01,1.024893091717393068e+00,9.000000000000217826e-01
6.445000000000487006e+00,9.875505522900511757e-01,1.935040835380051338e-01,-2.164660588049673040e-01,3.246649542866401816e+01,-6.869893480233346672e-02,-7.848426563451617044e-01,7.074115271536930427e-01,1.024549784942905273e+00,9.000000000000217826e-01
6.450000000000488676e+00,9.872604793232599985e-01,1.933196137267408909e-01,-2.120397789367486352e-01,3.247573417691464925e+01,-6.878857316258875365e-02,-7.839575950005287508e-01,7.080858307319214395e-01,1.024206024232677370e+00,9.000000000000217826e-01
6.455000000000490346e+00,9.869700652507880090e-01,1.931348609190971233e-01,-2.076465567124049505e-01,3.248494356576804165e+01,-6.887537381044481211e-02,-7.830785734512019092e-01,7.087543987680645641e-01,1.023861823822982409e+00,9.000000000000217826e-01
6.460000000000492015e+00,9.866793219719035557e-01,1.929498327288931281e-01,-2.032862472946715127e-01,3.249412363526534619e+01,-6.895936042241274100e-02,-7.822055648841655939e-01,7.094172596727942315e-01,1.023517197831440129e+00,9.000000000000217826e-01
6.465000000000493685e+00,9.863882612824158569e-01,1.927645367126825937e-01,-1.989587056154746014e-01,3.250327442566076996e+01,-6.904055653987410668e-02,-7.813385424995987760e-01,7.100744418273871039e-01,1.023172160257694197e+00,9.000000000000217826e-01
6.470000000000495355e+00,9.860968948753067176e-01,1.925789803700111991e-01,-1.946637863940229307e-01,3.251239597741979281e+01,-6.911898556981964370e-02,-7.804774794696212048e-01,7.107259736251660964e-01,1.022826724984083446e+00,9.000000000000217826e-01
6.475000000000497025e+00,9.858052343413598040e-01,1.923931711436743519e-01,-1.904013441535063744e-01,3.252148833121734128e+01,-6.919467078502894442e-02,-7.796223490009442925e-01,7.113718834090013710e-01,1.022480905776315563e+00,9.000000000000217826e-01
6.480000000000498694e+00,9.855132911697866982e-01,1.922071164199743720e-01,-1.861712332383274604e-01,3.253055152793603355e+01,-6.926763532502484833e-02,-7.787731242715569824e-01,7.120121995347241661e-01,1.022134716284133660e+00,9.000000000000217826e-01
6.485000000000500364e+00,9.852210767488501775e-01,1.920208235289774801e-01,-1.819733078303248930e-01,3.253958560866428940e+01,-6.933790219618655992e-02,-7.779297784905806479e-01,7.126469503113505022e-01,1.021788170041983079e+00,9.000000000000217826e-01
6.490000000000502034e+00,9.849286023664848289e-01,1.918342997447704812e-01,-1.778074219649835030e-01,3.254859061469465331e+01,-6.940549427260422899e-02,-7.770922848564920660e-01,7.132761640429059469e-01,1.021441280469674195e+00,9.000000000000217826e-01
6.495000000000503704e+00,9.846358792109145552e-01,1.916475522857170322e-01,-1.736734295472500966e-01,3.255756658752196131e+01,-6.947043429636950984e-02,-7.762606165822052429e-01,7.138998690033842021e-01,1.021094060873043219e+00,9.000000000000217826e-01
6.500000000000505374e+00,9.843429183712677499e-01,1.914605883147138532e-01,-1.695711843671918184e-01,3.256651356884151483e+01,-6.953274487816299421e-02,-7.754347468911191310e-01,7.145180934407322493e-01,1.020746524444609893e+00,9.000000000000217826e-01
6.505000000000507043e+00,9.840497308381895847e-01,1.912734149394466343e-01,-1.655005401147826571e-01,3.257543160054743225e+01,-6.959244849776467789e-02,-7.746146490301398790e-01,7.151308655638412004e-01,1.020398684264233857e+00,9.000000000000217826e-01
6.510000000000508713e+00,9.837563275044507449e-01,1.910860392126451368e-01,-1.614613503951605467e-01,3.258432072473079444e+01,-6.964956750470605029e-02,-7.738002962384288308e-01,7.157382135738367124e-01,1.020050553299765905e+00,9.000000000000217826e-01
6.515000000000510383e+00,9.834627191655543887e-01,1.908984681323383781e-01,-1.574534687428963686e-01,3.259318098367814542e+01,-6.970412411849746803e-02,-7.729916617979025739e-01,7.163401656135773843e-01,1.019702144407700573e+00,9.000000000000217826e-01
6.520000000000512053e+00,9.831689165203403302e-01,1.907107086421093167e-01,-1.534767486363161348e-01,3.260201241986947451e+01,-6.975614042947925197e-02,-7.721887189914555805e-01,7.169367498094916247e-01,1.019353470333821177e+00,9.000000000000217826e-01
6.525000000000513722e+00,9.828749301715848929e-01,1.905227676313490381e-01,-1.495310435112603975e-01,3.261081507597670992e+01,-6.980563839911241297e-02,-7.713914411296659557e-01,7.175279942448867798e-01,1.019004543713847077e+00,9.000000000000217826e-01
6.530000000000515392e+00,9.825807706266002084e-01,1.903346519355107458e-01,-1.456162067750515487e-01,3.261958899486194241e+01,-6.985263986059002395e-02,-7.705998015342971907e-01,7.181139269764906796e-01,1.018655377074074497e+00,9.000000000000217826e-01
6.535000000000517062e+00,9.822864482978295175e-01,1.901463683363633916e-01,-1.417320918196720292e-01,3.262833421957584079e+01,-6.989716651921379365e-02,-7.698137735712318186e-01,7.186945760015612805e-01,1.018305982832017342e+00,9.000000000000217826e-01
6.540000000000518732e+00,9.819919735034400299e-01,1.899579235622447793e-01,-1.378785520346297588e-01,3.263705079335593240e+01,-6.993923995317091746e-02,-7.690333306207591813e-01,7.192699692876448614e-01,1.017956373297044914e+00,9.000000000000217826e-01
6.545000000000520401e+00,9.816973564679125630e-01,1.897693242883140285e-01,-1.340554408201482528e-01,3.264573875962486937e+01,-6.997888161390744544e-02,-7.682584460799973813e-01,7.198401347702240161e-01,1.017606560671015625e+00,9.000000000000217826e-01
6.550000000000522071e+00,9.814026073226290725e-01,1.895805771368039849e-01,-1.302626115990722089e-01,3.265439816198892231e+01,-7.001611282651194756e-02,-7.674890933992807307e-01,7.204051003163708389e-01,1.017256557048910048e+00,9.000000000000217826e-01
6.555000000000523741e+00,9.811077361064570734e-01,1.893916886772731567e-01,-1.264999178299213156e-01,3.266302904423617548e+01,-7.005095479054507246e-02,-7.667252460215895349e-01,7.209648937854052919e-01,1.016906374419458858e+00,9.000000000000217826e-01
6.560000000000525411e+00,9.808127527663322853e-01,1.892026654268572361e-01,-1.227672130180887944e-01,3.267163145033502047e+01,-7.008342858007102216e-02,-7.659668774724869289e-01,7.215195429390067750e-01,1.016556024665772551e+00,9.000000000000217826e-01
6.565000000000527081e+00,9.805176671578369474e-01,1.890135138505198986e-01,-1.190643507281198138e-01,3.268020542443242960e+01,-7.011355514482295326e-02,-7.652139612610844299e-01,7.220690755403329497e-01,1.016205519565963833e+00,9.000000000000217826e-01
6.570000000000528750e+00,9.802224890457764683e-01,1.888242403613035747e-01,-1.153911845948601272e-01,3.268875101085235002e+01,-7.014135531007764657e-02,-7.644664709685285997e-01,7.226135192656072403e-01,1.015854870793770459e+00,9.000000000000217826e-01
6.575000000000530420e+00,9.799272281047537447e-01,1.886348513205793054e-01,-1.117475683347391030e-01,3.269726825409406956e+01,-7.016684977764653386e-02,-7.637243801903272900e-01,7.231529017618691935e-01,1.015504089919173847e+00,9.000000000000217826e-01
6.580000000000532090e+00,9.796318939197391495e-01,1.884453530382964870e-01,-1.081333557568264075e-01,3.270575719883058241e+01,-7.019005912610720710e-02,-7.629876625656613065e-01,7.236872506177423059e-01,1.015153188409016138e+00,9.000000000000217826e-01
6.585000000000533760e+00,9.793364959866398545e-01,1.882557517732321994e-01,-1.045484007734453630e-01,3.271421788990698332e+01,-7.021100381139303015e-02,-7.622562917770018265e-01,7.242165933638985420e-01,1.014802177627614155e+00,9.000000000000217826e-01
6.590000000000535429e+00,9.790410437128648224e-01,1.880660537332398963e-01,-1.009925574107608248e-01,3.272265037233880491e+01,-7.022970416735904720e-02,-7.615302415400807545e-01,7.247409574831683576e-01,1.014451068837371794e+00,9.000000000000217826e-01
6.595000000000537099e+00,9.787455464178884679e-01,1.878762650754976227e-01,-9.746567981900276789e-02,3.273105469131046874e+01,-7.024618040620167481e-02,-7.608094856183836852e-01,7.252603703961258974e-01,1.014099873199388213e+00,9.000000000000217826e-01
6.600000000000538769e+00,9.784500133338108752e-01,1.876863919067558450e-01,-9.396762228248453641e-02,3.273943089217357993e+01,-7.026045261904659278e-02,-7.600939978155695220e-01,7.257748594687633004e-01,1.013748601774064895e+00,9.000000000000217826e-01
6.605000000000540439e+00,9.781544536059147976e-01,1.874964402835847810e-01,-9.049823922939762011e-02,3.274777902044541378e+01,-7.027254077642235142e-02,-7.593837519788206869e-01,7.262844520092091027e-01,1.013397265521709389e+00,9.000000000000217826e-01
6.610000000000542109e+00,9.778588762932215461e-01,1.873064162126212018e-01,-8.705738524157073666e-02,3.275609912180721750e+01,-7.028246472876023554e-02,-7.586787219996639076e-01,7.267891752669980443e-01,1.013045875303137278e+00,9.000000000000217826e-01
6.615000000000543778e+00,9.775632903690431030e-01,1.871163256508149297e-01,-8.364491506358788520e-02,3.276439124210263998e+01,-7.029024420688823049e-02,-7.579788818261724570e-01,7.272890564209505415e-01,1.012694441880270135e+00,9.000000000000217826e-01
6.620000000000545448e+00,9.772677047215312385e-01,1.869261745056743917e-01,-8.026068361200533463e-02,3.277265542733615433e+01,-7.029589882266541745e-02,-7.572842054383874810e-01,7.277841226038290756e-01,1.012342975916732390e+00,9.000000000000217826e-01
6.625000000000547118e+00,9.769721281542252944e-01,1.867359686355122839e-01,-7.690454598463096481e-02,3.278089172367140236e+01,-7.029944806928507817e-02,-7.565946668692726806e-01,7.282744008814683312e-01,1.011991487978445070e+00,9.000000000000217826e-01
6.630000000000548788e+00,9.766765693865965270e-01,1.865457138496904310e-01,-7.357635746883657568e-02,3.278910017742963134e+01,-7.030091132183216573e-02,-7.559102402200901238e-01,7.287599182374822071e-01,1.011639988534217771e+00,9.000000000000217826e-01
6.635000000000550457e+00,9.763810370545895623e-01,1.863554159088640083e-01,-7.027597355040268723e-02,3.279728083508806691e+01,-7.030030783802168615e-02,-7.552308996161628540e-01,7.292407016175764811e-01,1.011288487956336413e+00,9.000000000000217826e-01
6.640000000000552127e+00,9.760855397111620757e-01,1.861650805252253738e-01,-6.700324992167831784e-02,3.280543374327836403e+01,-7.029765675835562833e-02,-7.545566192542320083e-01,7.297167778822749584e-01,1.010936996521149434e+00,9.000000000000217826e-01
6.645000000000553797e+00,9.757900858268209188e-01,1.859747133627474847e-01,-6.375804249004175805e-02,3.281355894878502966e+01,-7.029297710687311407e-02,-7.538873733705594438e-01,7.301881738388947829e-01,1.010585524409653324e+00,9.000000000000217826e-01
6.650000000000555467e+00,9.754946837901562473e-01,1.857843200374267867e-01,-6.054020738543225422e-02,3.282165649854372447e+01,-7.028628779147677585e-02,-7.532231362742007885e-01,7.306549162083608717e-01,1.010234081708071496e+00,9.000000000000217826e-01
6.655000000000557137e+00,9.751993419083733183e-01,1.855939061175252425e-01,-5.734960096870098112e-02,3.282972643963983472e+01,-7.027760760467258172e-02,-7.525638823016577161e-01,7.311170316706140371e-01,1.009882678408434264e+00,9.000000000000217826e-01
6.660000000000558806e+00,9.749040684078208452e-01,1.854034771238123880e-01,-5.418607983872648221e-02,3.283776881930679536e+01,-7.026695522371405322e-02,-7.519095858806807975e-01,7.315745468009080543e-01,1.009531324409155051e+00,9.000000000000217826e-01
6.665000000000560476e+00,9.746088714345171322e-01,1.852130385298064452e-01,-5.104950084010131950e-02,3.284578368492456235e+01,-7.025434921155242207e-02,-7.512602214643175902e-01,7.320274881358255215e-01,1.009180029515603927e+00,9.000000000000217826e-01
6.670000000000562146e+00,9.743137590546736559e-01,1.850225957620148520e-01,-4.793972107022405338e-02,3.285377108401801394e+01,-7.023980801692689124e-02,-7.506157635813947016e-01,7.324758821228779526e-01,1.008828803440678712e+00,9.000000000000217826e-01
6.675000000000563816e+00,9.740187392552165369e-01,1.848321542001746254e-01,-4.485659788668700659e-02,3.286173106425535195e+01,-7.022334997509097065e-02,-7.499761868080302429e-01,7.329197551490783669e-01,1.008477655805373630e+00,9.000000000000217826e-01
6.680000000000565485e+00,9.737238199443050135e-01,1.846417191774919198e-01,-4.179998891387360499e-02,3.286966367344665940e+01,-7.020499330816039329e-02,-7.493414657990574712e-01,7.333591335095813735e-01,1.008126596139346409e+00,9.000000000000217826e-01
6.685000000000567155e+00,9.734290089518471412e-01,1.844512959808811137e-01,-3.876975204978366091e-02,3.287756895954223069e+01,-7.018475612585216294e-02,-7.487115752500267396e-01,7.337940434457635996e-01,1.007775633881480504e+00,9.000000000000217826e-01
6.690000000000568825e+00,9.731343140300128258e-01,1.842608898512030913e-01,-3.576574547274258276e-02,3.288544697063102262e+01,-7.016265642572429295e-02,-7.480864899240754484e-01,7.342245111184405593e-01,1.007424778380447750e+00,9.000000000000217826e-01
6.695000000000570495e+00,9.728397428537455260e-01,1.840705059835034130e-01,-3.278782764774463426e-02,3.289329775493927599e+01,-7.013871209374923643e-02,-7.474661846529572218e-01,7.346505626068903227e-01,1.007074038895266366e+00,9.000000000000217826e-01
6.700000000000572165e+00,9.725453030212696248e-01,1.838801495272496256e-01,-2.983585733254715683e-02,3.290112136082853311e+01,-7.011294090488870423e-02,-7.468506343263505709e-01,7.350722239196629815e-01,1.006723424595858063e+00,9.000000000000217826e-01
6.705000000000573834e+00,9.722510020545969134e-01,1.836898255865680452e-01,-2.690969358422875060e-02,3.290891783679465021e+01,-7.008536052352043466e-02,-7.462398138877679443e-01,7.354895209986980209e-01,1.006372944563600713e+00,9.000000000000217826e-01
6.710000000000575504e+00,9.719568474000297442e-01,1.834995392204802067e-01,-2.400919576476098771e-02,3.291668723146590736e+01,-7.005598850380230502e-02,-7.456336983718673261e-01,7.359024796821224124e-01,1.006022607791881684e+00,9.000000000000217826e-01
6.715000000000577174e+00,9.716628464286617417e-01,1.833092954431382871e-01,-2.113422354688764340e-02,3.292442959360158028e+01,-7.002484229050374986e-02,-7.450322628537532355e-01,7.363111257550128963e-01,1.005672423186644293e+00,9.000000000000217826e-01
6.720000000000578844e+00,9.713690064368756261e-01,1.831190992240601112e-01,-1.828463691994325346e-02,3.293214497209037717e+01,-6.999193921917692962e-02,-7.444354824804341186e-01,7.367154849180185261e-01,1.005322399566936697e+00,9.000000000000217826e-01
6.725000000000580513e+00,9.710753346468397051e-01,1.829289554883639923e-01,-1.546029619519891270e-02,3.293983341594895364e+01,-6.995729651672147331e-02,-7.438433324733639829e-01,7.371155827848880904e-01,1.004972545665454353e+00,9.000000000000217826e-01
6.730000000000582183e+00,9.707818382070002583e-01,1.827388691170024615e-01,-1.266106201140328007e-02,3.294749497432029273e+01,-6.992093130197238326e-02,-7.432557881101389263e-01,7.375114449008648432e-01,1.004622870129082468e+00,9.000000000000217826e-01
6.735000000000583853e+00,9.704885241925733652e-01,1.825488449469957197e-01,-9.886795339973827174e-03,3.295512969647246138e+01,-6.988286058604266382e-02,-7.426728247462888177e-01,7.379030967209383451e-01,1.004273381519435349e+00,9.000000000000217826e-01
6.740000000000585523e+00,9.701953996060325158e-01,1.823588877716643131e-01,-7.137357490074902090e-03,3.296273763179674887e+01,-6.984310127293737180e-02,-7.420944178017592208e-01,7.382905636234715629e-01,1.003924088313392193e+00,9.000000000000217826e-01
6.745000000000587193e+00,9.699024713775942219e-01,1.821690023408612802e-01,-4.412610113544665827e-03,3.297031882980631678e+01,-6.980167015998380020e-02,-7.415205427641398117e-01,7.386738709070310716e-01,1.003574998903632665e+00,9.000000000000217826e-01
6.750000000000588862e+00,9.696097463657022963e-01,1.819791933612037449e-01,-1.712415210029515598e-03,3.297787334013470684e+01,-6.975858393829544035e-02,-7.409511751875221819e-01,7.390530437916034145e-01,1.003226121599167575e+00,9.000000000000217826e-01
6.755000000000590532e+00,9.693172313575079135e-01,1.817894654963040924e-01,9.633648687169112058e-04,3.298540121253434165e+01,-6.971385919321171354e-02,-7.403862907132822135e-01,7.394281073978860030e-01,1.002877464625870019e+00,9.000000000000217826e-01
6.760000000000592202e+00,9.690249330693487817e-01,1.815998233669999240e-01,3.614867413917671746e-03,3.299290249687503263e+01,-6.966751240499639841e-02,-7.398258650276641202e-01,7.397990867897807910e-01,1.002529036127000950e+00,9.000000000000217826e-01
6.765000000000593872e+00,9.687328581472245403e-01,1.814102715515840403e-01,6.242229355374980491e-03,3.300037724314246645e+01,-6.961955994898336164e-02,-7.392698739090870497e-01,7.401660069271542852e-01,1.002180844163734763e+00,9.000000000000217826e-01
6.770000000000595541e+00,9.684410131672711586e-01,1.812208145860336739e-01,8.845587257209436283e-03,3.300782550143673433e+01,-6.957001809632136491e-02,-7.387182932015907699e-01,7.405288926924735726e-01,1.001832896715681320e+00,9.000000000000217826e-01
6.775000000000597211e+00,9.681494046362314476e-01,1.810314569642388904e-01,1.142507731347414644e-02,3.301524732197079715e+01,-6.951890301436995656e-02,-7.381710988170921972e-01,7.408877688886208457e-01,1.001485201681406201e+00,9.000000000000217826e-01
6.780000000000598881e+00,9.678580389919240190e-01,1.808422031382305450e-01,1.398083534423774470e-02,3.302264275506911417e+01,-6.946623076711705425e-02,-7.376282667496686374e-01,7.412426602246767748e-01,1.001137766878947843e+00,9.000000000000217826e-01
6.785000000000600551e+00,9.675669226037100223e-01,1.806530575184075449e-01,1.651299679136071855e-02,3.303001185116611538e+01,-6.941201731577197054e-02,-7.370897730542490534e-01,7.415935913373069566e-01,1.000790600046333356e+00,9.000000000000217826e-01
6.790000000000602220e+00,9.672760617729567745e-01,1.804640244737635846e-01,1.902169671477206905e-02,3.303735466080471639e+01,-6.935627851907805175e-02,-7.365555938735732777e-01,7.419405867638715346e-01,1.000443708842090329e+00,9.000000000000217826e-01
6.795000000000603890e+00,9.669854627334996122e-01,1.802751083321131875e-01,2.150706978861407354e-02,3.304467123463485478e+01,-6.929903013396405964e-02,-7.360257054136958299e-01,7.422836709669997646e-01,1.000097100845758202e+00,9.000000000000217826e-01
6.800000000000605560e+00,9.666951316521010806e-01,1.800863133803171645e-01,2.396925029754887887e-02,3.305196162341212585e+01,-6.924028781587397707e-02,-7.355000839607394036e-01,7.426228683178955903e-01,9.997507835583957503e-01,9.000000000000217826e-01
6.805000000000607230e+00,9.664050746289079008e-01,1.798976438645073783e-01,2.640837213316695950e-02,3.305922587799621937e+01,-6.918006711930549391e-02,-7.349787058766583669e-01,7.429582031006594089e-01,9.994047644030875643e-01,9.000000000000217826e-01
6.810000000000608900e+00,9.661152976979049400e-01,1.797091039903109255e-01,2.882456879073324804e-02,3.306646404934948436e+01,-6.911838349828729189e-02,-7.344615476006243204e-01,7.432896995109662397e-01,9.990590507254464292e-01,9.000000000000217826e-01
6.815000000000610569e+00,9.658258068273681829e-01,1.795206979230736244e-01,3.121797336557961128e-02,3.307367618853557190e+01,-6.905525230686752891e-02,-7.339485856353724635e-01,7.436173816697875250e-01,9.987136497941153657e-01,9.000000000000217826e-01
6.820000000000612239e+00,9.655366079203137053e-01,1.793324297880830309e-01,3.358871854984091243e-02,3.308086234671790749e+01,-6.899068879942137078e-02,-7.334397965751432436e-01,7.439412735955254208e-01,9.983685688012652326e-01,9.000000000000217826e-01
6.825000000000613909e+00,9.652477068149456496e-01,1.791443036707906500e-01,3.593693662958082069e-02,3.308802257515836942e+01,-6.892470813131111596e-02,-7.329351570899255153e-01,7.442613992198344741e-01,9.980238148630921069e-01,9.000000000000217826e-01
6.830000000000615579e+00,9.649591092851013130e-01,1.789563236170334526e-01,3.826275948138854743e-02,3.309515692521569008e+01,-6.885732535933709875e-02,-7.324346439101897532e-01,7.445777824029652381e-01,9.976793950203108885e-01,9.000000000000217826e-01
6.835000000000617248e+00,9.646708210406936823e-01,1.787684936332550045e-01,4.056631856954880100e-02,3.310226544834420537e+01,-6.878855544198816951e-02,-7.319382338646238662e-01,7.448904468960875214e-01,9.973353162386469073e-01,9.000000000000217826e-01
6.840000000000618918e+00,9.643828477281523037e-01,1.785808176867257346e-01,4.284774494323539268e-02,3.310934819609236968e+01,-6.871841324017034791e-02,-7.314459038496375909e-01,7.451994163718641540e-01,9.969915854093255314e-01,9.000000000000217826e-01
6.845000000000620588e+00,9.640951949308613766e-01,1.783932997057626479e-01,4.510716923354977925e-02,3.311640522010129928e+01,-6.864691351753852977e-02,-7.309576308364971187e-01,7.455047144173838625e-01,9.966482093495593331e-01,9.000000000000217826e-01
6.850000000000622258e+00,9.638078681695951833e-01,1.782059435799483449e-01,4.734472165102508734e-02,3.312343657210341519e+01,-6.857407094091470812e-02,-7.304733918850869756e-01,7.458063645204673353e-01,9.963051948030325899e-01,9.000000000000217826e-01
6.855000000000623928e+00,9.635208729029521857e-01,1.780187531603493467e-01,4.956053198274890104e-02,3.313044230392107892e+01,-6.849990008087752935e-02,-7.299931641211880873e-01,7.461043900924493322e-01,9.959625484403843432e-01,9.000000000000217826e-01
6.860000000000625597e+00,9.632342145277862366e-01,1.778317322597339489e-01,5.175472959011354068e-02,3.313742246746514297e+01,-6.842441541205551703e-02,-7.295169247662995904e-01,7.463988144384343659e-01,9.956202768596879027e-01,9.000000000000217826e-01
6.865000000000627267e+00,9.629478983796355696e-01,1.776448846527891312e-01,5.392744340632636690e-02,3.314437711473354398e+01,-6.834763131379750778e-02,-7.290446511037018684e-01,7.466896607913020567e-01,9.952783865869294644e-01,9.000000000000217826e-01
6.870000000000628937e+00,9.626619297331494574e-01,1.774582140763370230e-01,5.607880193378556727e-02,3.315130629781000238e+01,-6.826956207040349445e-02,-7.285763205002753207e-01,7.469769522899452063e-01,9.949368840764829525e-01,9.000000000000217826e-01
6.875000000000630607e+00,9.623763138025132058e-01,1.772717242295507867e-01,5.820893324213001485e-02,3.315821006886249478e+01,-6.819022187163115145e-02,-7.281119104176317913e-01,7.472607119682225241e-01,9.945957757115844178e-01,9.000000000000217826e-01
6.880000000000632276e+00,9.620910557418692610e-01,1.770854187741696395e-01,6.031796496585107442e-02,3.316508848014209576e+01,-6.810962481333955598e-02,-7.276513983772968652e-01,7.475409627898191856e-01,9.942550678048024393e-01,9.000000000000217826e-01
6.885000000000633946e+00,9.618061606457389834e-01,1.768993013347131271e-01,6.240602430229913455e-02,3.317194158398140047e+01,-6.802778489768281089e-02,-7.271947619939366225e-01,7.478177276151133368e-01,9.939147665985073044e-01,9.000000000000217826e-01
6.890000000000635616e+00,9.615216335494389810e-01,1.767133754986950633e-01,6.447323800953512485e-02,3.317876943279330249e+01,-6.794471603372571888e-02,-7.267419789539001362e-01,7.480910292226737868e-01,9.935748782653373024e-01,9.000000000000217826e-01
6.895000000000637286e+00,9.612374794294969993e-01,1.765276448168365819e-01,6.651973240436805102e-02,3.318557207906943063e+01,-6.786043203777969435e-02,-7.262930270310762326e-01,7.483608902934969498e-01,9.932354089086636861e-01,9.000000000000217826e-01
6.900000000000638956e+00,9.609537032040660343e-01,1.763421128032785778e-01,6.854563336048200006e-02,3.319234957537923236e+01,-6.777494663393872354e-02,-7.258478840792943476e-01,7.486273334186339667e-01,9.928963645630524137e-01,9.000000000000217826e-01
6.905000000000640625e+00,9.606703097333344488e-01,1.761567829357934267e-01,7.055106630666874157e-02,3.319910197436813348e+01,-6.768827345451354505e-02,-7.254065280325217024e-01,7.488903810990976684e-01,9.925577511947241138e-01,9.000000000000217826e-01
6.910000000000642295e+00,9.603873038199355339e-01,1.759716586559959828e-01,7.253615622515660610e-02,3.320582932875644389e+01,-6.760042604046459513e-02,-7.249689369028542441e-01,7.491500557479138234e-01,9.922195747020113865e-01,9.000000000000217826e-01
6.915000000000643965e+00,9.601046902093537394e-01,1.757867433695540493e-01,7.450102764952075407e-02,3.321253169133800043e+01,-6.751141784180617056e-02,-7.245350887789749894e-01,7.494063796917318498e-01,9.918818409158149940e-01,9.000000000000217826e-01
6.920000000000645635e+00,9.598224735903302385e-01,1.756020404463983220e-01,7.644580466356168391e-02,3.321920911497881690e+01,-6.742126221798723507e-02,-7.241049618553824230e-01,7.496593751416659179e-01,9.915445556000567207e-01,9.000000000000217826e-01
6.925000000000647304e+00,9.595406585952641620e-01,1.754175532209311106e-01,7.837061089953668847e-02,3.322586165261578373e+01,-6.732997243864324854e-02,-7.236785343778756596e-01,7.499090642478610791e-01,9.912077244521304564e-01,9.000000000000217826e-01
6.930000000000648974e+00,9.592592498006135004e-01,1.752332849922349223e-01,8.027556953663227135e-02,3.323248935725528241e+01,-6.723756168364587726e-02,-7.232557846896255915e-01,7.501554690535009451e-01,9.908713531033508382e-01,9.000000000000217826e-01
6.935000000000650644e+00,9.589782517272931184e-01,1.750492390242800456e-01,8.216080329971542362e-02,3.323909228197196342e+01,-6.714404304374092802e-02,-7.228366912168686653e-01,7.503986115091654252e-01,9.905354471194003363e-01,9.000000000000217826e-01
6.940000000000652314e+00,9.586976688410704384e-01,1.748654185461316624e-01,8.402643445768234742e-02,3.324567047990740321e+01,-6.704942952099901543e-02,-7.224212324581903433e-01,7.506385134836156547e-01,9.902000120007736772e-01,9.000000000000217826e-01
6.945000000000653984e+00,9.584175055529593479e-01,1.746818267521561274e-01,8.587258482257474623e-02,3.325222400426876845e+01,-6.695373402912649374e-02,-7.220093870128174718e-01,7.508751967355664636e-01,9.898650531832196009e-01,9.000000000000217826e-01
6.950000000000655653e+00,9.581377662196116640e-01,1.744984668022266372e-01,8.769937574808485403e-02,3.325875290832759390e+01,-6.685696939413579565e-02,-7.216011335370192681e-01,7.511086829573351276e-01,9.895305760381812865e-01,9.000000000000217826e-01
6.955000000000657323e+00,9.578584551437070438e-01,1.743153418219280659e-01,8.950692812832818090e-02,3.326525724541835416e+01,-6.675914835445455331e-02,-7.211964507869220720e-01,7.513389937321123258e-01,9.891965858732344463e-01,9.000000000000217826e-01
6.960000000000658993e+00,9.575795765743403409e-01,1.741324549027615520e-01,9.129536239694377442e-02,3.327173706893736238e+01,-6.666028356158115731e-02,-7.207953176029073816e-01,7.515661505495969674e-01,9.888630879325230882e-01,9.000000000000217826e-01
6.965000000000660663e+00,9.573011347074060762e-01,1.739498091023477522e-01,9.306479852602030090e-02,3.327819243234134206e+01,-6.656038758053724191e-02,-7.203977128958222176e-01,7.517901748198713152e-01,9.885300873971928359e-01,9.000000000000217826e-01
6.970000000000662332e+00,9.570231336859826854e-01,1.737674074446298178e-01,9.481535602483419367e-02,3.328462338914627594e+01,-6.645947289014100812e-02,-7.200036156610604143e-01,7.520110878593665449e-01,9.881975893858225835e-01,9.000000000000217826e-01
6.975000000000664002e+00,9.567455776007131041e-01,1.735852529200757888e-01,9.654715393922994049e-02,3.329102999292599918e+01,-6.635755188345952849e-02,-7.196130049918137983e-01,7.522289108776801791e-01,9.878655989548542626e-01,9.000000000000217826e-01
6.980000000000665672e+00,9.564684704901837975e-01,1.734033484858799878e-01,9.826031085051212255e-02,3.329741229731106955e+01,-6.625463686842791855e-02,-7.192258600441455707e-01,7.524436650125557735e-01,9.875341210990193908e-01,9.000000000000217826e-01
6.985000000000667342e+00,9.561918163413017924e-01,1.732216970661638322e-01,9.995494487477715739e-02,3.330377035598746716e+01,-6.615074006801877071e-02,-7.188421600715435567e-01,7.526553712953942821e-01,9.872031607517642859e-01,9.000000000000217826e-01
6.990000000000669012e+00,9.559156190896697103e-01,1.730403015521759791e-01,1.016311736619053552e-01,3.331010422269532256e+01,-6.604587362085274915e-02,-7.184618843991211756e-01,7.528640506771141494e-01,9.868727227856736173e-01,9.000000000000217826e-01
6.995000000000670681e+00,9.556398826199580254e-01,1.728591648024918881e-01,1.032891143951052693e-01,3.331641395122767335e+01,-6.594004958147631212e-02,-7.180850124491470199e-01,7.530697240026787975e-01,9.865428120128905132e-01,9.000000000000217826e-01
7.000000000000672351e+00,9.553646107662761011e-01,1.726782896432122738e-01,1.049288837900606841e-01,3.332269959542924198e+01,-6.583327992096496550e-02,-7.177115237094567890e-01,7.532724120427459757e-01,9.862134331855355596e-01,9.000000000000217826e-01
7.005000000000674021e+00,9.550898073125412280e-01,1.724976788681614748e-01,1.065505980942354630e-01,3.332896120919524918e+01,-6.572557652711936982e-02,-7.173413977621688753e-01,7.534721354650076863e-01,9.858845909961235776e-01,9.000000000000217826e-01
7.010000000000675691e+00,9.548154759928449975e-01,1.723173352390846846e-01,1.081543730865107134e-01,3.333519884647009235e+01,-6.561695120502880618e-02,-7.169746142749632289e-01,7.536689148429726037e-01,9.855562900779784030e-01,9.000000000000217826e-01
7.015000000000677360e+00,9.545416204919262571e-01,1.721372614833177883e-01,1.097403242519662536e-01,3.334141255009119931e+01,-6.550741697583550849e-02,-7.166113091145619451e-01,7.538629268007309703e-01,9.852285350043463730e-01,9.000000000000217826e-01
7.020000000000679030e+00,9.542682444087704496e-01,1.719574603248603950e-01,1.113085685793591961e-01,3.334760169911530170e+01,-6.539698732176188467e-02,-7.162547987354418444e-01,7.540575222302584590e-01,9.849013302750684318e-01,9.000000000000217826e-01
7.025000000000680700e+00,9.539953512488450471e-01,1.717779345218092835e-01,1.128592228352618687e-01,3.335376478233471431e+01,-6.528567357676902383e-02,-7.159059029064602786e-01,7.542537619255507142e-01,9.845746803306895112e-01,9.000000000000217826e-01
7.030000000000682370e+00,9.537229445062961330e-01,1.715986867762049339e-01,1.143924013431774911e-01,3.335990046900104034e+01,-6.517348390531017832e-02,-7.155638764480185543e-01,7.544509809908002129e-01,9.842485895715759048e-01,9.000000000000217826e-01
7.035000000000684039e+00,9.534510276252529115e-01,1.714197197239850368e-01,1.159082196601304432e-01,3.336600767540876689e+01,-6.506044808004780855e-02,-7.152281285880844885e-01,7.546484655692548005e-01,9.839230623200539982e-01,9.000000000000217826e-01
7.040000000000685709e+00,9.531795887505575271e-01,1.712410255585622154e-01,1.174086803646417349e-01,3.337209328059015689e+01,-6.495594884491720511e-02,-7.148435251779857724e-01,7.547909413046344218e-01,9.835980843776979121e-01,9.000000000000217826e-01
7.045000000000687379e+00,9.529085635276915989e-01,1.710625608952346666e-01,1.189022532631969220e-01,3.337818925660464942e+01,-6.486423218366350885e-02,-7.143727978230918207e-01,7.548721277348151570e-01,9.832735781324013491e-01,9.000000000000217826e-01
7.050000000000689049e+00,9.526379656900185733e-01,1.708843353702689805e-01,1.203877411206298736e-01,3.338429198067559867e+01,-6.476240614956443875e-02,-7.135820013352289770e-01,7.553566532083038076e-01,9.829495603499145417e-01,9.000000000000217826e-01
7.055000000000690719e+00,9.523678423436084950e-01,1.707063808728333520e-01,1.218597666587114547e-01,3.339038996943839521e+01,-6.464895854884293580e-02,-7.127852955963169812e-01,7.558913496304515700e-01,9.826260879069816934e-01,9.000000000000217826e-01
7.060000000000692388e+00,9.520982357196100532e-01,1.705287257596657668e-01,1.233135096985782247e-01,3.339647827576281003e+01,-6.452611055047584310e-02,-7.122080642901600367e-01,7.562244185981110700e-01,9.823032116662226976e-01,9.000000000000217826e-01
7.065000000000694058e+00,9.518291742101354647e-01,1.703513891137524994e-01,1.247459008724317447e-01,3.340255506332945856e+01,-6.439801503093642299e-02,-7.118404731461723811e-01,7.563536459473391149e-01,9.819809658318616741e-01,9.000000000000217826e-01
7.070000000000695728e+00,9.515606707858580426e-01,1.701743797766825939e-01,1.261558419132808861e-01,3.340861987991144844e+01,-6.426812237845029585e-02,-7.116234791892372957e-01,7.563327892017686072e-01,9.816593660959433976e-01,9.000000000000217826e-01
7.075000000000697398e+00,9.512927268486164323e-01,1.699976989199002975e-01,1.275437128147285937e-01,3.341467285433182610e+01,-6.413878738355399678e-02,-7.114767098880115936e-01,7.562400251135875662e-01,9.813384142700763979e-01,9.000000000000217826e-01
7.080000000000699067e+00,9.510253370944792284e-01,1.698213432645463983e-01,1.289107447410639262e-01,3.342071435007829194e+01,-6.401113861557487794e-02,-7.113363425346119762e-01,7.561382894224206730e-01,9.810181041178018813e-01,9.000000000000217826e-01
7.085000000000700737e+00,9.507584940788667005e-01,1.696453081046827571e-01,1.302584317213617005e-01,3.342674469921730918e+01,-6.388527234346194628e-02,-7.111627325275158285e-01,7.560682028935252763e-01,9.806984268299979712e-01,9.000000000000217826e-01
7.090000000000702407e+00,9.504921912727215538e-01,1.694695893305574463e-01,1.315881370681245000e-01,3.343276410068632742e+01,-6.376081305324769744e-02,-7.109394191660616258e-01,7.560461599220289486e-01,9.803793746900836270e-01,9.000000000000217826e-01
7.095000000000704077e+00,9.502264241049716009e-01,1.692941841101354983e-01,1.329009571771224418e-01,3.343877286075934308e+01,-6.363720150534078746e-02,-7.106682136421402785e-01,7.560697480564988471e-01,9.800609423194812653e-01,9.000000000000217826e-01
7.100000000000705747e+00,9.499611903536230306e-01,1.691190911479543424e-01,1.341976730003645035e-01,3.344477147435487296e+01,-6.351389285816214092e-02,-7.103562440325230654e-01,7.561289319663631048e-01,9.797431271466094937e-01,9.000000000000217826e-01
7.105000000000707416e+00,9.496964896129429512e-01,1.689443102743564129e-01,1.354788223530476454e-01,3.345076211079265960e+01,-6.339051417325186621e-02,-7.100098259714278104e-01,7.562060328246962282e-01,9.794259287358975108e-01,9.000000000000217826e-01
7.110000000000709086e+00,9.494323230814208925e-01,1.687698423700263461e-01,1.367447274057515816e-01,3.345674726376379482e+01,-6.326667648090672502e-02,-7.096409081898367166e-01,7.562933682232080290e-01,9.791093485692516918e-01,9.000000000000217826e-01
7.115000000000710756e+00,9.491686932877856364e-01,1.685956892376504479e-01,1.379955302684039986e-01,3.346272848095092201e+01,-6.314211401207324437e-02,-7.092599177866996119e-01,7.563848096388323672e-01,9.787933897467140376e-01,9.000000000000217826e-01
7.120000000000712426e+00,9.489056035520962995e-01,1.684218532283374148e-01,1.392312639762103010e-01,3.346870671529995889e+01,-6.301668195113765969e-02,-7.088758478775581962e-01,7.564739809324633191e-01,9.784780563309026791e-01,9.000000000000217826e-01
7.125000000000714095e+00,9.486430575229279905e-01,1.682483369252078809e-01,1.404519131269487686e-01,3.347468255715320140e+01,-6.289034216529207355e-02,-7.084943774350651591e-01,7.565567996325448519e-01,9.781633527864527222e-01,9.000000000000217826e-01
7.130000000000715765e+00,9.483810588355975346e-01,1.680751429114231421e-01,1.416574585001280362e-01,3.348065637522678628e+01,-6.276312337465289604e-02,-7.081184614105356934e-01,7.566312873314292586e-01,9.778492835669871930e-01,9.000000000000217826e-01
7.135000000000717435e+00,9.481196109182198350e-01,1.679022736383352088e-01,1.428479023045382823e-01,3.348662840233284754e+01,-6.263508807142642576e-02,-7.077489284112593593e-01,7.566972148661444963e-01,9.775358528806210590e-01,9.000000000000217826e-01
7.140000000000719105e+00,9.478587169170802351e-01,1.677297313738639883e-01,1.440232778505745048e-01,3.349259878757647613e+01,-6.250630657624754727e-02,-7.073853243626221365e-01,7.567554060534397165e-01,9.772230645992400211e-01,9.000000000000217826e-01
7.145000000000720775e+00,9.475983797035425482e-01,1.675575182055925594e-01,1.451836486087133005e-01,3.349856762819227640e+01,-6.237684155539089531e-02,-7.070265961722912440e-01,7.568071435721999141e-01,9.769109222659692060e-01,9.000000000000217826e-01
7.150000000000722444e+00,9.473386019239545819e-01,1.673856360728107062e-01,1.463291016917504517e-01,3.350453498900279214e+01,-6.224674103720834878e-02,-7.066715866613793029e-01,7.568537284914333974e-01,9.765994291544761730e-01,9.000000000000217826e-01
7.155000000000724114e+00,9.470793860631151473e-01,1.672140868078798581e-01,1.474597395963119228e-01,3.351050091434258604e+01,-6.211603756772277052e-02,-7.063193163213441483e-01,7.568962316721454808e-01,9.762885883447245394e-01,9.000000000000217826e-01
7.160000000000725784e+00,9.468207345024910460e-01,1.670428721743745237e-01,1.485756726477751311e-01,3.351646543539106915e+01,-6.198475081775618040e-02,-7.059690978554579166e-01,7.569353994416251341e-01,9.759784027925725303e-01,9.000000000000217826e-01
7.165000000000727454e+00,9.465626495641019655e-01,1.668719938959204729e-01,1.496770133251163204e-01,3.352242857470236004e+01,-6.185289153714428056e-02,-7.056205372903098239e-01,7.569716648249963376e-01,9.756688753822845284e-01,9.000000000000217826e-01
7.170000000000729123e+00,9.463051335380392448e-01,1.667014536743300079e-01,1.507638727221647656e-01,3.352839034902223858e+01,-6.172046543617953906e-02,-7.052734747945856864e-01,7.570052142755598901e-01,9.753600089594874900e-01,9.000000000000217826e-01
7.175000000000730793e+00,9.460481886958047593e-01,1.665312531984409206e-01,1.518363588559221711e-01,3.353435077105495310e+01,-6.158747625019521388e-02,-7.049279054511353726e-01,7.570360715292941967e-01,9.750518063471715902e-01,9.000000000000217826e-01
7.180000000000732463e+00,9.457918172934767220e-01,1.663613941462798729e-01,1.528945762970430611e-01,3.354030985058560788e+01,-6.145392775296488336e-02,-7.045839054460152351e-01,7.570641742584081069e-01,9.747442703495248217e-01,9.000000000000217826e-01
7.185000000000734133e+00,9.455360215688812797e-01,1.661918781832934233e-01,1.539386265765498030e-01,3.354626759520501622e+01,-6.131982480477934927e-02,-7.042415761670441920e-01,7.570894317249601269e-01,9.744374037485967754e-01,9.000000000000217826e-01
7.190000000000735803e+00,9.452808037361996041e-01,1.660227069589015336e-01,1.549686089226063601e-01,3.355222401078857075e+01,-6.118517367559098835e-02,-7.039010092401752905e-01,7.571117608292140533e-01,9.741312092978996473e-01,9.000000000000217826e-01
7.195000000000737472e+00,9.450261659803489422e-01,1.658538821029106880e-01,1.559846210233801489e-01,3.355817910182208408e+01,-6.104998191790714929e-02,-7.035622697912955470e-01,7.571311035233512232e-01,9.738256897157427927e-01,9.000000000000217826e-01
7.200000000000739142e+00,9.447721104524291480e-01,1.656854052226322260e-01,1.569867596491239525e-01,3.356413287163146464e+01,-6.091425802607276091e-02,-7.032253928402418808e-01,7.571474308416739074e-01,9.735208476798448141e-01,9.000000000000217826e-01
7.205000000000740812e+00,9.445186392667008768e-01,1.655172779010113115e-01,1.579751210737105338e-01,3.357008532255103717e+01,-6.077801105120544944e-02,-7.028903874380726391e-01,7.571607390329578857e-01,9.732166858237808471e-01,9.000000000000217826e-01
7.210000000000742482e+00,9.442657544990361584e-01,1.653495016957218511e-01,1.589498013043968427e-01,3.357603645605266252e+01,-6.064125027083080988e-02,-7.025572440795193607e-01,7.571710423222386410e-01,9.729132067351912161e-01,9.000000000000217826e-01
7.215000000000744151e+00,9.440134581865101682e-01,1.651820781390064830e-01,1.599108961634896631e-01,3.358198627284846083e+01,-6.050398495453638420e-02,-7.022259423751718854e-01,7.571783653538993741e-01,9.726104129553526656e-01,9.000000000000217826e-01
7.220000000000745821e+00,9.437617523277290754e-01,1.650150087379908537e-01,1.608585012747152376e-01,3.358793477297586350e+01,-6.036622422826839335e-02,-7.018964573065238355e-01,7.571827370152490744e-01,9.723083069796252254e-01,9.000000000000217826e-01
7.225000000000747491e+00,9.435106388835303726e-01,1.648482949752304860e-01,1.617927120030047683e-01,3.359388195587001746e+01,-6.022797701856631714e-02,-7.015687634924012706e-01,7.571841862258050782e-01,9.720068912583379461e-01,9.000000000000217826e-01
7.230000000000749161e+00,9.432601197777858992e-01,1.646819383093117983e-01,1.627136233810169419e-01,3.359982782042688143e+01,-6.008925205092874311e-02,-7.012428374571647582e-01,7.571827397103537693e-01,9.717061681977906540e-01,9.000000000000217826e-01
7.235000000000750831e+00,9.430101968981470240e-01,1.645159401754011652e-01,1.636213300447029451e-01,3.360577236505910292e+01,-5.995005787658436863e-02,-7.009186585040473316e-01,7.571784211576059187e-01,9.714061401611786550e-01,9.000000000000217826e-01
7.240000000000752500e+00,9.427608720966584865e-01,1.643503019856931424e-01,1.645159261867367717e-01,3.361171558774619683e+01,-5.981040290982000268e-02,-7.005962085503300019e-01,7.571712514109446568e-01,9.711068094693515729e-01,9.000000000000217826e-01
7.245000000000754170e+00,9.425121471902284664e-01,1.641850251297519714e-01,1.653975055291848073e-01,3.361765748607956539e+01,-5.967029546266493234e-02,-7.002754715265843144e-01,7.571612490910369919e-01,9.708081784013946613e-01,9.000000000000217826e-01
7.250000000000755840e+00,9.422640239609790802e-01,1.640201109747629615e-01,1.662661613125399895e-01,3.362359805730369544e+01,-5.952974377147934176e-02,-6.999564326416303217e-01,7.571484313498126895e-01,9.705102491950591270e-01,9.000000000000217826e-01
7.255000000000757510e+00,9.420165041565151665e-01,1.638555608657205065e-01,1.671219862956932478e-01,3.362953729835329142e+01,-5.938875601385078945e-02,-6.996390777117680315e-01,7.571328145580715763e-01,9.702130240470909772e-01,9.000000000000217826e-01
7.260000000000759179e+00,9.417695894901473297e-01,1.636913761255779642e-01,1.679650727619334816e-01,3.363547520588718953e+01,-5.924734031672058282e-02,-6.993233926957385105e-01,7.571144147856976314e-01,9.699165051134995830e-01,9.000000000000217826e-01
7.265000000000760849e+00,9.415232816411004402e-01,1.635275580553812724e-01,1.687955125274436530e-01,3.364141177631937296e+01,-5.910550475844419255e-02,-6.990093634204637141e-01,7.570932480897236694e-01,9.696206945098051477e-01,9.000000000000217826e-01
7.270000000000762519e+00,9.412775822547239102e-01,1.633641079343989833e-01,1.696133969493855420e-01,3.364734700584689620e+01,-5.896325736726914374e-02,-6.986969754488622231e-01,7.570693306591861349e-01,9.693255943112858430e-01,9.000000000000217826e-01
7.275000000000764189e+00,9.410324929427145157e-01,1.632010270202566837e-01,1.704188169325746294e-01,3.365328089047550719e+01,-5.882060611806939898e-02,-6.983862140823746678e-01,7.570426788242354821e-01,9.690312065532389330e-01,9.000000000000217826e-01
7.280000000000765858e+00,9.407880152833552057e-01,1.630383165490782993e-01,1.712118629339403897e-01,3.365921342604288924e+01,-5.867755892906697385e-02,-6.980770644056348839e-01,7.570133090221771166e-01,9.687375332312565535e-01,9.000000000000217826e-01
7.285000000000767528e+00,9.405441508217659008e-01,1.628759777356343086e-01,1.719926249655480965e-01,3.366514460823967170e+01,-5.853412365907939563e-02,-6.977695113810555849e-01,7.569812377127627112e-01,9.684445763015182562e-01,9.000000000000217826e-01
7.290000000000769198e+00,9.403009010701648407e-01,1.627140117734945934e-01,1.727611925961519967e-01,3.367107443262853650e+01,-5.839030810592895498e-02,-6.974635399042286021e-01,7.569464813318813601e-01,9.681523376810914350e-01,9.000000000000217826e-01
7.295000000000770868e+00,9.400582675081340378e-01,1.625524198351838978e-01,1.735176549517034594e-01,3.367700289466141328e+01,-5.824612000550792590e-02,-6.971591348748620298e-01,7.569090562290048396e-01,9.678608192482406336e-01,9.000000000000217826e-01
7.300000000000772538e+00,9.398162515828873964e-01,1.623912030723383970e-01,1.742621007160878865e-01,3.368292998969533869e+01,-5.810156703169902515e-02,-6.968562812503749093e-01,7.568689786212734472e-01,9.675700228427359662e-01,9.000000000000217826e-01
7.305000000000774207e+00,9.395748547095378322e-01,1.622303626158611844e-01,1.749946181311714533e-01,3.368885571300614146e+01,-5.795665679692969807e-02,-6.965549640324051328e-01,7.568262646141068473e-01,9.672799502661628690e-01,9.000000000000217826e-01
7.310000000000775877e+00,9.393340782713616166e-01,1.620698995760768701e-01,1.757152949975187839e-01,3.369478005980134583e+01,-5.781139685250290261e-02,-6.962551683150528525e-01,7.567809301594492499e-01,9.669906032822277453e-01,9.000000000000217826e-01
7.315000000000777547e+00,9.390939236200610551e-01,1.619098150428845417e-01,1.764242186747784769e-01,3.370070302523150474e+01,-5.766579468950164961e-02,-6.959568792489319033e-01,7.567329910977014240e-01,9.667019836170601677e-01,9.000000000000217826e-01
7.320000000000779217e+00,9.388543920760229478e-01,1.617501100859093932e-01,1.771214760825118584e-01,3.370662460440040320e+01,-5.751985773919077172e-02,-6.956600820709758493e-01,7.566824631333978202e-01,9.664140929595143037e-01,9.000000000000217826e-01
7.325000000000780886e+00,9.386154849285756052e-01,1.615907857546529935e-01,1.778071537013028447e-01,3.371254479237423141e+01,-5.737359337376493618e-02,-6.953647620821660214e-01,7.566293618625071771e-01,9.661269329614644574e-01,9.000000000000217826e-01
7.330000000000782556e+00,9.383772034362425352e-01,1.614318430786425285e-01,1.784813375736637453e-01,3.371846358418968492e+01,-5.722700890677809987e-02,-6.950709046379688338e-01,7.565737027866115127e-01,9.658405052380997224e-01,9.000000000000217826e-01
7.335000000000784226e+00,9.381395488269945737e-01,1.612732830675793483e-01,1.791441133052072976e-01,3.372438097486119801e+01,-5.708011159342173124e-02,-6.947784951643036777e-01,7.565155013011628515e-01,9.655548113682161926e-01,9.000000000000217826e-01
7.340000000000785896e+00,9.379025222985001298e-01,1.611151067114869606e-01,1.797955660658348831e-01,3.373029695938742378e+01,-5.693290863098215970e-02,-6.944875191434880524e-01,7.564547727134034449e-01,9.652698528945076184e-01,9.000000000000217826e-01
7.345000000000787566e+00,9.376661250183743190e-01,1.609573149808583292e-01,1.804357805908485546e-01,3.373621153275690432e+01,-5.678540715909469877e-02,-6.941979621167376768e-01,7.563915322434023869e-01,9.649856313238538430e-01,9.000000000000217826e-01
7.350000000000789235e+00,9.374303581244259886e-01,1.607999088268027843e-01,1.810648411820901527e-01,3.374212468995306580e+01,-5.663761426000919058e-02,-6.939098096899600776e-01,7.563257950214983261e-01,9.647021481276084609e-01,9.000000000000217826e-01
7.355000000000790905e+00,9.371952227249038536e-01,1.606428891811925441e-01,1.816828317091065403e-01,3.374803642595864517e+01,-5.648953695891101995e-02,-6.936230475333818868e-01,7.562575760916275813e-01,9.644194047418848115e-01,9.000000000000217826e-01
7.360000000000792575e+00,9.369607198987413010e-01,1.604862569568083763e-01,1.822898356102990169e-01,3.375394673575948445e+01,-5.634118222422015293e-02,-6.933376613816403244e-01,7.561868904139253944e-01,9.641374025678403070e-01,9.000000000000217826e-01
7.365000000000794245e+00,9.367268506957991958e-01,1.603300130474848706e-01,1.828859358939445845e-01,3.375985561434781346e+01,-5.619255696787649190e-02,-6.930536370360759202e-01,7.561137528648979034e-01,9.638561429719593177e-01,9.000000000000217826e-01
7.370000000000795914e+00,9.364936161371079093e-01,1.601741583282549064e-01,1.834712151395463120e-01,3.376576305672520562e+01,-5.604366804564035048e-02,-6.927709603735742183e-01,7.560381782308042142e-01,9.635756272863348348e-01,9.000000000000217826e-01
7.375000000000797584e+00,9.362610172151077936e-01,1.600186936554935380e-01,1.840457554987016409e-01,3.377166905790492279e+01,-5.589452225749413222e-02,-6.924896173279370126e-01,7.559601812283317512e-01,9.632958568089482476e-01,9.000000000000217826e-01
7.380000000000799254e+00,9.360290548938881017e-01,1.598636198670609354e-01,1.846096386965322689e-01,3.377757361291398297e+01,-5.574512634779390380e-02,-6.922095939209920168e-01,7.558797764753268922e-01,9.630168328039474535e-01,9.000000000000217826e-01
7.385000000000800924e+00,9.357977301094244638e-01,1.597089377824447987e-01,1.851629460326384147e-01,3.378347671679494368e+01,-5.559548700580990016e-02,-6.919308762283228331e-01,7.557969785267276697e-01,9.627385565019237479e-01,9.000000000000217826e-01
7.390000000000802594e+00,9.355670437698152542e-01,1.595546482029017443e-01,1.857057583823807922e-01,3.378937836460724498e+01,-5.544561086581897835e-02,-6.916534504111975235e-01,7.557118018441588703e-01,9.624610291001867157e-01,9.000000000000217826e-01
7.395000000000804263e+00,9.353369967555162923e-01,1.594007519115981930e-01,1.862381561980203382e-01,3.379527855142836756e+01,-5.529550450759877084e-02,-6.913773026956079315e-01,7.556242608182454079e-01,9.621842517630379010e-01,9.000000000000217826e-01
7.400000000000805933e+00,9.351075899195746555e-01,1.592472496737501464e-01,1.867602195099006823e-01,3.380117727235478498e+01,-5.514517445664600392e-02,-6.911024193835660911e-01,7.555343697585384932e-01,9.619082256220422567e-01,9.000000000000217826e-01
7.405000000000807603e+00,9.348788240878597167e-01,1.590941422367622982e-01,1.872720279278921318e-01,3.380707452250256040e+01,-5.499462718453401039e-02,-6.908287868504062734e-01,7.554421428973213670e-01,9.616329517762990386e-01,9.000000000000217826e-01
7.410000000000809273e+00,9.346507000592951808e-01,1.589414303303664233e-01,1.877736606421953891e-01,3.381297029700782986e+01,-5.484386910923071123e-02,-6.905563915301644595e-01,7.553475944052054913e-01,9.613584312927099251e-01,9.000000000000217826e-01
7.415000000000810942e+00,9.344232186060876799e-01,1.587891146667591569e-01,1.882651964248072129e-01,3.381886459102721432e+01,-5.469290659522494519e-02,-6.902852199548735745e-01,7.552507383527086171e-01,9.610846652062472462e-01,9.000000000000217826e-01
7.420000000000812612e+00,9.341963804739558119e-01,1.586371959407386345e-01,1.887467136307139082e-01,3.382475739973791207e+01,-5.454174595415266225e-02,-6.900152587136123561e-01,7.551515887519835157e-01,9.608116545202188830e-01,9.000000000000217826e-01
7.425000000000814282e+00,9.339701863823556272e-01,1.584856748298405227e-01,1.892182901992285338e-01,3.383064871833769161e+01,-5.439039344489515065e-02,-6.897464944726396929e-01,7.550501595373728669e-01,9.605394002065329451e-01,9.000000000000217826e-01
7.430000000000815952e+00,9.337446370247072247e-01,1.583345519944731050e-01,1.896800036550008728e-01,3.383653854204487033e+01,-5.423885527393289968e-02,-6.894789139650128185e-01,7.549464645763903636e-01,9.602679032059596720e-01,9.000000000000217826e-01
7.435000000000817622e+00,9.335197330686182404e-01,1.581838280780521466e-01,1.901319311095070186e-01,3.384242686609813688e+01,-5.408713759556512540e-02,-6.892125040112515588e-01,7.548405176495867064e-01,9.599971644283934458e-01,9.000000000000217826e-01
7.440000000000819291e+00,9.332954751561067797e-01,1.580335037071343707e-01,1.905741492621615962e-01,3.384831368575626698e+01,-5.393524651239207934e-02,-6.889472514900871758e-01,7.547323324802550637e-01,9.597271847531118061e-01,9.000000000000217826e-01
7.445000000000820961e+00,9.330718639038235729e-01,1.578835794915505186e-01,1.910067344015436985e-01,3.385419899629776808e+01,-5.378318807542185193e-02,-6.886831433632628618e-01,7.546219227100322557e-01,9.594579650290339101e-01,9.000000000000217826e-01
7.450000000000822631e+00,9.328488999032714668e-01,1.577340560245376888e-01,1.914297624068599657e-01,3.386008279302050994e+01,-5.363096828449417236e-02,-6.884201666670968223e-01,7.545093019076720697e-01,9.591895060749773272e-01,9.000000000000217826e-01
7.455000000000824301e+00,9.326265837210245824e-01,1.575849338828707313e-01,1.918433087490209188e-01,3.386596507124128408e+01,-5.347859308859624627e-02,-6.881583084997217048e-01,7.543944835820916017e-01,9.589218086799123908e-01,9.000000000000217826e-01
7.460000000000825970e+00,9.324049158989459185e-01,1.574362136269930879e-01,1.922474484920894400e-01,3.387184582629531349e+01,-5.332606838601468974e-02,-6.878975560447039284e-01,7.542774811589944006e-01,9.586548736032165507e-01,9.000000000000217826e-01
7.465000000000827640e+00,9.321838969544042897e-01,1.572878958011469097e-01,1.926422562944799521e-01,3.387772505353566999e+01,-5.317340002479131744e-02,-6.876378965474093663e-01,7.541583080047077337e-01,9.583887015749261717e-01,9.000000000000217826e-01
7.470000000000829310e+00,9.319635273804882658e-01,1.571399809335023712e-01,1.930278064101062230e-01,3.388360274833281238e+01,-5.302059380287608287e-02,-6.873793173317480631e-01,7.540369774095946331e-01,9.581232932959875548e-01,9.000000000000217826e-01
7.475000000000830980e+00,9.317438076462214447e-01,1.569924695362863998e-01,1.934041726899408120e-01,3.388947890607406777e+01,-5.286765546849581110e-02,-6.871218058020349684e-01,7.539135025863155093e-01,9.578586494385060712e-01,9.000000000000217826e-01
7.480000000000832650e+00,9.315247381967733942e-01,1.568453621059106295e-01,1.937714285831697303e-01,3.389535352216290676e+01,-5.271459072054803657e-02,-6.868653494191501174e-01,7.537878966937801017e-01,9.575947706459937425e-01,9.000000000000217826e-01
7.485000000000834319e+00,9.313063194536720379e-01,1.566986591230983272e-01,1.941296471386771139e-01,3.390122659201851718e+01,-5.256140520868996663e-02,-6.866099357258884650e-01,7.536601728118575982e-01,9.573316575336158207e-01,9.000000000000217826e-01
7.490000000000835989e+00,9.310885518150127105e-01,1.565523610530112075e-01,1.944789010059385925e-01,3.390709811107512195e+01,-5.240810453375489147e-02,-6.863555523250701729e-01,7.535303439633189715e-01,9.570693106884349266e-01,9.000000000000217826e-01
7.495000000000837659e+00,9.308714356556678782e-01,1.564064683453754434e-01,1.948192624367848791e-01,3.391296807478144615e+01,-5.225469424788919265e-02,-6.861021869165575549e-01,7.533984230768475676e-01,9.568077306696559647e-01,9.000000000000217826e-01
7.500000000000839329e+00,9.306549713274937519e-01,1.562609814346064274e-01,1.951508032865413855e-01,3.391883647860016993e+01,-5.210117985516551226e-02,-6.858498272434319087e-01,7.532644230408644948e-01,9.565469180088665979e-01,9.000000000000217826e-01
7.505000000000840998e+00,9.304391591595367883e-01,1.561159007399335052e-01,1.954735950152146351e-01,3.392470331800728900e+01,-5.194756681150766719e-02,-6.855984611327252676e-01,7.531283566628024229e-01,9.562868732102788316e-01,9.000000000000217826e-01
7.510000000000842668e+00,9.302239994582384153e-01,1.559712266655236268e-01,1.957877086891157414e-01,3.393056858849163149e+01,-5.179386052514046296e-02,-6.853480764889652299e-01,7.529902366755318877e-01,9.560275967509672679e-01,9.000000000000217826e-01
7.515000000000844338e+00,9.300094925076388686e-01,1.558269596006044977e-01,1.960932149819363812e-01,3.393643228555426106e+01,-5.164006635695825992e-02,-6.850986612695788569e-01,7.528500757619291939e-01,9.557690890811076923e-01,9.000000000000217826e-01
7.520000000000846008e+00,9.297956385695796966e-01,1.556830999195868703e-01,1.963901841762000500e-01,3.394229440470802928e+01,-5.148618962058031795e-02,-6.848502035185612957e-01,7.527078865211620506e-01,9.555113506242125521e-01,9.000000000000217826e-01
7.525000000000847677e+00,9.295824378839044888e-01,1.555396479821864741e-01,1.966786861646455109e-01,3.394815494147694324e+01,-5.133223558284082805e-02,-6.846026913416021209e-01,7.525636814935210417e-01,9.552543817773666568e-01,9.000000000000217826e-01
7.530000000000849347e+00,9.293698906686594929e-01,1.553966041335450299e-01,1.969587904513491472e-01,3.395401389139581028e+01,-5.117820946396139936e-02,-6.843561129121717990e-01,7.524174731542685457e-01,9.549981829114601029e-01,9.000000000000217826e-01
7.535000000000851017e+00,9.291579971202921229e-01,1.552539687043506256e-01,1.972305661534192733e-01,3.395987125000960560e+01,-5.102411643780442596e-02,-6.841104564860893689e-01,7.522692738990166550e-01,9.547427543714207543e-01,9.000000000000217826e-01
7.540000000000852687e+00,9.289467574138481343e-01,1.551117420109575096e-01,1.974940820019810972e-01,3.396572701287315255e+01,-5.086996163231562867e-02,-6.838657103667601378e-01,7.521190960784173152e-01,9.544880964764447251e-01,9.000000000000217826e-01
7.545000000000854357e+00,9.287361717031685782e-01,1.549699243555050510e-01,1.977494063437564287e-01,3.397158117555060386e+01,-5.071575012952297262e-02,-6.836218629493782117e-01,7.519669519538925151e-01,9.542342095202256402e-01,9.000000000000217826e-01
7.550000000000856026e+00,9.285262401210842009e-01,1.548285160260362558e-01,1.979966071422956664e-01,3.397743373361505093e+01,-5.056148696610534427e-02,-6.833789026822872925e-01,7.518128537361977726e-01,9.539810937711831196e-01,9.000000000000217826e-01
7.555000000000857696e+00,9.283169627796098444e-01,1.546875172966155065e-01,1.982357519794500367e-01,3.398328468264811164e+01,-5.040717713346742901e-02,-6.831368180907486654e-01,7.516568135615822044e-01,9.537287494726888193e-01,9.000000000000217826e-01
7.560000000000859366e+00,9.281083397701368476e-01,1.545469284274456623e-01,1.984669080566131283e-01,3.398913401823954672e+01,-5.025282557812261325e-02,-6.828955977602894079e-01,7.514988435083679308e-01,9.534771768432918071e-01,9.000000000000217826e-01
7.565000000000861036e+00,9.279003711636247820e-01,1.544067496649842997e-01,1.986901421961808356e-01,3.399498173598687600e+01,-5.009843720186450688e-02,-6.826552303515852627e-01,7.513389555819857124e-01,9.532263760769427163e-01,9.000000000000217826e-01
7.570000000000862705e+00,9.276930570107915219e-01,1.542669812420598419e-01,1.989055208427445987e-01,3.400082783149509424e+01,-4.994401686213170016e-02,-6.824157045861313220e-01,7.511771617292298808e-01,9.529763473432157905e-01,9.000000000000217826e-01
7.575000000000864375e+00,9.274863973423027597e-01,1.541276233779864391e-01,1.991131100647045016e-01,3.400667230037620925e+01,-4.978956937219163048e-02,-6.821770092631657123e-01,7.510134738212682626e-01,9.527270907875303729e-01,9.000000000000217826e-01
7.580000000000866045e+00,9.272803921689592999e-01,1.539886762786784880e-01,1.993129755554211013e-01,3.401251513824912820e+01,-4.963509950154357253e-02,-6.819391332333267775e-01,7.508479036798935136e-01,9.524786065313707306e-01,9.000000000000217826e-01
7.585000000000867715e+00,9.270750414818841323e-01,1.538501401367645405e-01,1.995051826347260526e-01,3.401835634073920289e+01,-4.948061197598634109e-02,-6.817020654275931513e-01,7.506804630485262031e-01,9.522308946725042134e-01,9.000000000000217826e-01
7.590000000000869385e+00,9.268703452527087272e-01,1.537120151317004912e-01,1.996897962501458235e-01,3.402419590347800948e+01,-4.932611147806009733e-02,-6.814657948335046678e-01,7.505111636159139676e-01,9.519839552851989684e-01,9.000000000000217826e-01
7.595000000000871054e+00,9.266663034337565552e-01,1.535743014298821540e-01,1.998668809784820422e-01,3.403003382210310690e+01,-4.917160264718501567e-02,-6.812303105140613546e-01,7.503400169971665701e-01,9.517377884204395455e-01,9.000000000000217826e-01
7.600000000000872724e+00,9.264629159582266071e-01,1.534369991847571724e-01,2.000365010267824428e-01,3.403587009225775262e+01,-4.901709008004536544e-02,-6.809956015847714594e-01,7.501670347566374852e-01,9.514923941061411705e-01,9.000000000000217826e-01
7.605000000000874394e+00,9.262601827403762478e-01,1.533001085369364025e-01,2.001987202343543659e-01,3.404170470959071082e+01,-4.886257833068133327e-02,-6.807616572514030295e-01,7.499922283701099257e-01,9.512477723473637958e-01,9.000000000000217826e-01
7.610000000000876064e+00,9.260581036757007389e-01,1.531636296143043252e-01,2.003536020734531520e-01,3.404753766975602502e+01,-4.870807191106737988e-02,-6.805284667453160852e-01,7.498156092893949465e-01,9.510039231265227100e-01,9.000000000000217826e-01
7.615000000000877733e+00,9.258566786411148719e-01,1.530275625321293742e-01,2.005012096510501163e-01,3.405336896841280492e+01,-4.855357529086390400e-02,-6.802960194060928556e-01,7.496371888596512489e-01,9.507608464036002571e-01,9.000000000000217826e-01
7.620000000000879403e+00,9.256559074951302701e-01,1.528919073931731543e-01,2.006416057103218575e-01,3.405919860122508425e+01,-4.839909289823151467e-02,-6.800643046114256407e-01,7.494569783894258208e-01,9.505185421163545589e-01,9.000000000000217826e-01
7.625000000000881073e+00,9.254557900780335800e-01,1.527566642877991043e-01,2.007748526315217830e-01,3.406502656386158634e+01,-4.824462911974713303e-02,-6.798333117991419705e-01,7.492749891285814812e-01,9.502770101805276814e-01,9.000000000000217826e-01
7.630000000000882743e+00,9.252563262120629961e-01,1.526218332940810218e-01,2.009010124339346559e-01,3.407085285199558200e+01,-4.809018830060662192e-02,-6.796030305006817152e-01,7.490912322347647034e-01,9.500362504900524696e-01,9.000000000000217826e-01
7.635000000000884413e+00,9.250575157015834549e-01,1.524874144779101992e-01,2.010201467768376049e-01,3.407667746130480424e+01,-4.793577474525834853e-02,-6.793734502753212556e-01,7.489057188391261555e-01,9.497962629172581606e-01,9.000000000000217826e-01
7.640000000000886082e+00,9.248593583332609391e-01,1.523534078931025881e-01,2.011323169611686779e-01,3.408250038747117117e+01,-4.778139271719505921e-02,-6.791445607734097889e-01,7.487184599830417620e-01,9.495570473130742206e-01,9.000000000000217826e-01
7.645000000000887752e+00,9.246618538762353401e-01,1.522198135815051034e-01,2.012375839306160263e-01,3.408832162618080019e+01,-4.762704643956030409e-02,-6.789163516889044070e-01,7.485294666655225582e-01,9.493186035072332940e-01,9.000000000000217826e-01
7.650000000000889422e+00,9.244650020822930969e-01,1.520866315731011775e-01,2.013360082732374157e-01,3.409414117312383041e+01,-4.747274009514759058e-02,-6.786888127976227203e-01,7.483387498049254294e-01,9.490809313084734855e-01,9.000000000000217826e-01
7.655000000000891092e+00,9.242688026860376160e-01,1.519538618861159540e-01,2.014276502226579890e-01,3.409995902399427337e+01,-4.731847782689261456e-02,-6.784619339225520518e-01,7.481463202735997298e-01,9.488440305047380896e-01,9.000000000000217826e-01
7.660000000000892761e+00,9.240732554050592462e-01,1.518215045271206209e-01,2.015125696597980798e-01,3.410577517448999885e+01,-4.716426373792303312e-02,-6.782357049614050615e-01,7.479521888702905796e-01,9.486079008633747645e-01,9.000000000000217826e-01
7.665000000000894431e+00,9.238783599401036994e-01,1.516895594911363832e-01,2.015908261135982427e-01,3.411158962031250752e+01,-4.701010189196383471e-02,-6.780101158523843541e-01,7.477563663543420613e-01,9.483725421313339288e-01,9.000000000000217826e-01
7.670000000000896101e+00,9.236841159752402497e-01,1.515580267617376853e-01,2.016624787633169158e-01,3.411740235716700198e+01,-4.685599631330615578e-02,-6.777851566358996660e-01,7.475588633839369557e-01,9.481379540353650492e-01,9.000000000000217826e-01
7.675000000000897771e+00,9.234905231780280443e-01,1.514269063111548241e-01,2.017275864389413698e-01,3.412321338076222332e+01,-4.670195098756981661e-02,-6.775608173569062087e-01,7.473596906137304208e-01,9.479041362822122618e-01,9.000000000000217826e-01
7.680000000000899441e+00,9.232975811996816384e-01,1.512961981003762280e-01,2.017862076232573576e-01,3.412902268681040852e+01,-4.654796986121528812e-02,-6.773370881832670998e-01,7.471588585764531443e-01,9.476710885588085498e-01,9.000000000000217826e-01
7.685000000000901110e+00,9.231052896752353076e-01,1.511659020792496810e-01,2.018384004529251152e-01,3.413483027102711986e+01,-4.639405684257693480e-02,-6.771139592984507516e-01,7.469563777901939705e-01,9.474388105324689224e-01,9.000000000000217826e-01
7.690000000000902780e+00,9.229136482237064731e-01,1.510360181865832430e-01,2.018842227199905137e-01,3.414063612913140844e+01,-4.624021580152046229e-02,-6.768914209689459449e-01,7.467522586909401960e-01,9.472073018510821507e-01,9.000000000000217826e-01
7.695000000000904450e+00,9.227226564482583493e-01,1.509065463502455573e-01,2.019237318731327280e-01,3.414644025684552275e+01,-4.608645056996910766e-02,-6.766694635118145618e-01,7.465465116650157329e-01,9.469765621433008373e-01,9.000000000000217826e-01
7.700000000000906120e+00,9.225323139363607039e-01,1.507774864872656051e-01,2.019569850191852978e-01,3.415224264989502245e+01,-4.593276494201505716e-02,-6.764480773132186542e-01,7.463391470305205111e-01,9.467465910187314870e-01,9.000000000000217826e-01
7.705000000000907789e+00,9.223426202599502854e-01,1.506488385039315980e-01,2.019840389244594581e-01,3.415804330400862909e+01,-4.577916267427070696e-02,-6.762272528103872027e-01,7.461301750553448464e-01,9.465173880681225782e-01,9.000000000000217826e-01
7.710000000000909459e+00,9.221535749755901401e-01,1.505206022958898715e-01,2.020049500160019662e-01,3.416384221491834694e+01,-4.562564748599105130e-02,-6.760069805042896451e-01,7.459196059444683780e-01,9.462889528635507475e-01,9.000000000000217826e-01
7.715000000000911129e+00,9.219651776246277075e-01,1.503927777482424455e-01,2.020197743831876336e-01,3.416963937835905796e+01,-4.547222305936078623e-02,-6.757872509621906110e-01,7.457074498374115512e-01,9.460612849586079731e-01,9.000000000000217826e-01
7.720000000000912799e+00,9.217774277333514732e-01,1.502653647356446687e-01,2.020285677789350476e-01,3.417543479006901919e+01,-4.531889303981594119e-02,-6.755680547977260808e-01,7.454937168280986182e-01,9.458343838885852062e-01,9.000000000000217826e-01
7.725000000000914469e+00,9.215903248131477321e-01,1.501383631224018078e-01,2.020313856211675141e-01,3.418122844578942932e+01,-4.516566103611272670e-02,-6.753493826940910605e-01,7.452784169416843962e-01,9.456082491706560011e-01,9.000000000000217826e-01
7.730000000000916138e+00,9.214038683606554647e-01,1.500117727625653596e-01,2.020282829941527358e-01,3.418702034126449973e+01,-4.501253062069589944e-02,-6.751312253873128499e-01,7.450615601512639019e-01,9.453828803040588147e-01,9.000000000000217826e-01
7.735000000000917808e+00,9.212180578579196588e-01,1.498855935000285855e-01,2.020193146498480696e-01,3.419281047224158243e+01,-4.485950532985415184e-02,-6.749135736746217917e-01,7.448431563694665192e-01,9.451582767702781940e-01,9.000000000000217826e-01
7.740000000000919478e+00,9.210328927725454085e-01,1.497598251686217963e-01,2.020045350093143677e-01,3.419859883447094973e+01,-4.470658866398595499e-02,-6.746964184130259667e-01,7.446232154498895195e-01,9.449344380332246329e-01,9.000000000000217826e-01
7.745000000000921148e+00,9.208483725578490153e-01,1.496344675922065826e-01,2.019839981641468329e-01,3.420438542370585822e+01,-4.455378408784842204e-02,-6.744797505152408945e-01,7.444017471911497097e-01,9.447113635394134290e-01,9.000000000000217826e-01
7.750000000000922817e+00,9.206644966530095342e-01,1.495095205847699615e-01,2.019577578776775295e-01,3.421017023570257010e+01,-4.440109503075632957e-02,-6.742635609484882719e-01,7.441787613380662636e-01,9.444890527181422080e-01,9.000000000000217826e-01
7.755000000000924487e+00,9.204812644832187640e-01,1.493849839505176080e-01,2.019258675865626684e-01,3.421595326622027500e+01,-4.424852488676848244e-02,-6.740478407476179212e-01,7.439542675685358875e-01,9.442675049816675603e-01,9.000000000000217826e-01
7.760000000000926157e+00,9.202986754598299068e-01,1.492608574839667801e-01,2.018883804020103201e-01,3.422173451102113972e+01,-4.409607701504367899e-02,-6.738325809912436570e-01,7.437282755173836302e-01,9.440467197253801235e-01,9.000000000000217826e-01
7.765000000000927827e+00,9.201167289805058935e-01,1.491371409700384676e-01,2.018453491109889752e-01,3.422751396587024431e+01,-4.394375473989311359e-02,-6.736177728242800367e-01,7.435007947538183615e-01,9.438266963279795529e-01,9.000000000000217826e-01
7.770000000000929496e+00,9.199354244293664884e-01,1.490138341841492908e-01,2.017968261780735961e-01,3.423329162653561752e+01,-4.379156135112417109e-02,-6.734034074571357831e-01,7.432718347822295790e-01,9.436074341516467179e-01,9.000000000000217826e-01
7.775000000000931166e+00,9.197547611771341725e-01,1.488909368923023446e-01,2.017428637463311303e-01,3.423906748878816586e+01,-4.363950010437500637e-02,-6.731894761281902451e-01,7.430414050797080616e-01,9.433889325422162297e-01,9.000000000000217826e-01
7.780000000000932836e+00,9.195747385812789165e-01,1.487684488511780423e-01,2.016835136388879235e-01,3.424484154840178007e+01,-4.348757422097128400e-02,-6.729759701622335388e-01,7.428095150375906286e-01,9.431711908293466395e-01,9.000000000000217826e-01
7.785000000000934506e+00,9.193953559861633984e-01,1.486463698082240992e-01,2.016188273603387593e-01,3.425061380115322152e+01,-4.333578688853384486e-02,-6.727628809255487008e-01,7.425761740063784311e-01,9.429542083266914121e-01,9.000000000000217826e-01
7.790000000000936176e+00,9.192166127231847783e-01,1.485246995017449612e-01,2.015488560979031563e-01,3.425638424282214345e+01,-4.318414126101227657e-02,-6.725501998389781244e-01,7.423413912826642980e-01,9.427379843320665698e-01,9.000000000000217826e-01
7.795000000000937845e+00,9.190385081109179177e-01,1.484034376609908723e-01,2.014736507230389106e-01,3.426215286919113368e+01,-4.303264045888841038e-02,-6.723379183908634316e-01,7.421051760961822064e-01,9.425225181276182251e-01,9.000000000000217826e-01
7.800000000000939515e+00,9.188610414552561556e-01,1.482825840062461931e-01,2.013932617926543489e-01,3.426791967604570033e+01,-4.288128756954765614e-02,-6.721260281090746247e-01,7.418675376377781294e-01,9.423078089799896695e-01,9.000000000000217826e-01
7.805000000000941185e+00,9.186842120495513075e-01,1.481621382489173577e-01,2.013077395505193934e-01,3.427368465917425766e+01,-4.273008564729391390e-02,-6.719145205862681047e-01,7.416284850341413604e-01,9.420938561404860190e-01,9.000000000000217826e-01
7.810000000000942855e+00,9.185080191747539979e-01,1.480421000916201657e-01,2.012171339285344362e-01,3.427944781436806210e+01,-4.257903771369037083e-02,-6.717033874655339298e-01,7.413880273621672456e-01,9.418806588452389716e-01,9.000000000000217826e-01
7.815000000000944524e+00,9.183324620995512166e-01,1.479224692282667120e-01,2.011214945481011318e-01,3.428520913742135434e+01,-4.242814675771856142e-02,-6.714926204498995466e-01,7.411461736394321376e-01,9.416682163153697882e-01,9.000000000000217826e-01
7.820000000000946194e+00,9.181575400805042086e-01,1.478032453441515404e-01,2.010208707214838630e-01,3.429096862413125280e+01,-4.227741573606089848e-02,-6.712822112952948617e-01,7.409029328312343177e-01,9.414565277571519397e-01,9.000000000000217826e-01
7.825000000000947864e+00,9.179832523621848095e-01,1.476844281160374639e-01,2.009153114533244189e-01,3.429672627029776777e+01,-4.212684757329507312e-02,-6.710721518114691753e-01,7.406583138496743990e-01,9.412455923621712017e-01,9.000000000000217826e-01
7.830000000000949534e+00,9.178095981773108925e-01,1.475660172122405800e-01,2.008048654417174395e-01,3.430248207172385833e+01,-4.197644516210250615e-02,-6.708624338521149699e-01,7.404123255635250977e-01,9.410354093074861925e-01,9.000000000000217826e-01
7.835000000000951204e+00,9.176365767468811496e-01,1.474480122927152581e-01,2.006895810796930635e-01,3.430823602421534702e+01,-4.182621136335237105e-02,-6.706530493408797700e-01,7.401649767722200401e-01,9.408259777557873571e-01,9.000000000000217826e-01
7.840000000000952873e+00,9.174641872803095399e-01,1.473304130091381836e-01,2.005695064565253261e-01,3.431398812358103356e+01,-4.167614900652115428e-02,-6.704439902453088740e-01,7.399162762319025921e-01,9.406172968555546188e-01,9.000000000000217826e-01
7.845000000000954543e+00,9.172924289755572946e-01,1.472132190049919853e-01,2.004446893591069756e-01,3.431973836563256697e+01,-4.152626088977953711e-02,-6.702352485890827882e-01,7.396662326431979739e-01,9.404093657412144758e-01,9.000000000000217826e-01
7.850000000000956213e+00,9.171213010192649229e-01,1.470964299156485022e-01,2.003151772731724956e-01,3.432548674618460893e+01,-4.137654978023894148e-02,-6.700268164463524245e-01,7.394148546568600766e-01,9.402021835332954325e-01,9.000000000000217826e-01
7.855000000000957883e+00,9.169508025868839951e-01,1.469800453684511066e-01,2.001810173849701002e-01,3.433123326105463491e+01,-4.122701841412711177e-02,-6.698186859509447366e-01,7.391621508645820349e-01,9.399957493385829865e-01,9.000000000000217826e-01
7.860000000000959552e+00,9.167809328428061511e-01,1.468640649827970546e-01,2.000422565820340337e-01,3.433697790606313305e+01,-4.107766949708381576e-02,-6.696108492685713953e-01,7.389081298267693443e-01,9.397900622502726176e-01,9.000000000000217826e-01
7.865000000000961222e+00,9.166116909404935509e-01,1.467484883702190879e-01,1.998989414550640109e-01,3.434272067703346920e+01,-4.092850570410240529e-02,-6.694032986515029426e-01,7.386528000178761433e-01,9.395851213481241082e-01,9.000000000000217826e-01
7.870000000000962892e+00,9.164430760226062178e-01,1.466333151344665076e-01,1.997511182988955802e-01,3.434846156979202902e+01,-4.077952968017455049e-02,-6.691960263690139854e-01,7.383961698959462527e-01,9.393809256986116463e-01,9.000000000000217826e-01
7.875000000000964562e+00,9.162750872211306019e-01,1.465185448715856376e-01,1.995988331138793814e-01,3.435420058016803324e+01,-4.063074404004429069e-02,-6.689890247660549294e-01,7.381382478439580952e-01,9.391774743550750371e-01,9.000000000000217826e-01
7.880000000000966232e+00,9.161077236575052574e-01,1.464041771700000660e-01,1.994421316074300177e-01,3.435993770399373659e+01,-4.048215136871757130e-02,-6.687822862337908791e-01,7.378790421992649229e-01,9.389747663578695835e-01,9.000000000000217826e-01
7.885000000000967901e+00,9.159409844427467418e-01,1.462902116105900263e-01,1.992810591950471277e-01,3.436567293710426441e+01,-4.033375422159504037e-02,-6.685758032021269504e-01,7.376185612610854925e-01,9.387728007345138570e-01,9.000000000000217826e-01
7.890000000000969571e+00,9.157748686775744051e-01,1.461766477667715836e-01,1.991156610018800233e-01,3.437140627533774762e+01,-4.018555512451155165e-02,-6.683695681702871427e-01,7.373568132599098712e-01,9.385715764998383559e-01,9.000000000000217826e-01
7.895000000000971241e+00,9.156093754525350681e-01,1.460634852045752108e-01,1.989459818637941968e-01,3.437713771453525169e+01,-4.003755657416999819e-02,-6.681635736721769359e-01,7.370938063921457228e-01,9.383710926561313892e-01,9.000000000000217826e-01
7.900000000000972911e+00,9.154445038481254793e-01,1.459507234827239208e-01,1.987720663289249123e-01,3.438286725054081217e+01,-3.988976103813228480e-02,-6.679578123083342867e-01,7.368295487881628691e-01,9.381713481932850707e-01,9.000000000000217826e-01
7.905000000000974580e+00,9.152802529349144400e-01,1.458383621527107599e-01,1.985939586587753547e-01,3.438859487920138491e+01,-3.974217095522255411e-02,-6.677522767141588211e-01,7.365640485440643204e-01,9.379723420889394259e-01,9.000000000000217826e-01
7.910000000000976250e+00,9.151166217736647068e-01,1.457264007588758847e-01,1.984117028298065522e-01,3.439432059636695982e+01,-3.959478873552466777e-02,-6.675469595889855778e-01,7.362973136926074247e-01,9.377740733086270541e-01,9.000000000000217826e-01
7.915000000000977920e+00,9.149536094154532284e-01,1.456148388384831960e-01,1.982253425343896702e-01,3.440004439789046131e+01,-3.944761676075470708e-02,-6.673418536640461918e-01,7.360293522352480133e-01,9.375765408059142381e-01,9.000000000000217826e-01
7.920000000000979590e+00,9.147912149017911609e-01,1.455036759217965547e-01,1.980349211822529931e-01,3.440576627962781942e+01,-3.930065738422478666e-02,-6.671369517422496287e-01,7.357601721023534491e-01,9.373797435225444952e-01,9.000000000000217826e-01
7.925000000000981260e+00,9.146294372647423288e-01,1.453929115321553611e-01,1.978404819020373184e-01,3.441148623743784185e+01,-3.915391293131870870e-02,-6.669322466658008652e-01,7.354897811855941603e-01,9.371836803885779110e-01,9.000000000000217826e-01
7.930000000000982929e+00,9.144682755270413521e-01,1.452825451860496331e-01,1.976420675422103923e-01,3.441720426718237036e+01,-3.900738569955381624e-02,-6.667277313120314464e-01,7.352181873421006486e-01,9.369883503225314714e-01,9.000000000000217826e-01
7.935000000000984599e+00,9.143077287022109978e-01,1.451725763931947244e-01,1.974397206723880471e-01,3.442292036472638017e+01,-3.886107795859252562e-02,-6.665233986301475344e-01,7.349453983577050042e-01,9.367937522315173959e-01,9.000000000000217826e-01
7.940000000000986269e+00,9.141477957946788635e-01,1.450630046566058207e-01,1.972334835849782753e-01,3.442863452593763185e+01,-3.871499195072684169e-02,-6.663192416147655228e-01,7.346714219734368223e-01,9.365998850113819163e-01,9.000000000000217826e-01
7.945000000000987939e+00,9.139884757998926190e-01,1.449538294726710752e-01,1.970233982960651054e-01,3.443434674668695550e+01,-3.856912989102404682e-02,-6.661152532889943467e-01,7.343962659024149131e-01,9.364067475468413893e-01,9.000000000000217826e-01
7.950000000000989608e+00,9.138297677044339151e-01,1.448450503312252724e-01,1.968095065469012694e-01,3.444005702284817261e+01,-3.842349396725888711e-02,-6.659114267492198813e-01,7.341199377850684549e-01,9.362143387116181881e-01,9.000000000000217826e-01
7.955000000000991278e+00,9.136716704861335137e-01,1.447366667156226028e-01,1.965918498052636465e-01,3.444576535029811737e+01,-3.827808634042205449e-02,-6.657077551255802250e-01,7.338424452286614885e-01,9.360226573685762608e-01,9.000000000000217826e-01
7.960000000000992948e+00,9.135141831141840862e-01,1.446286781028086610e-01,1.963704692665280138e-01,3.445147172491662246e+01,-3.813290914472237253e-02,-6.655042315930183028e-01,7.335637957962387601e-01,9.358317023698548009e-01,9.000000000000217826e-01
7.965000000000994618e+00,9.133573045492521247e-01,1.445210839633927213e-01,1.961454058550098911e-01,3.445717614258650485e+01,-3.798796448773441442e-02,-6.653008493858478811e-01,7.332839969920650347e-01,9.356414725570013635e-01,9.000000000000217826e-01
7.970000000000996287e+00,9.132010337435896297e-01,1.444138837617188476e-01,1.959167002252662770e-01,3.446287859919361551e+01,-3.784325445073388056e-02,-6.650976017810626972e-01,7.330030562783048653e-01,9.354519667611047584e-01,9.000000000000217826e-01
7.975000000000997957e+00,9.130453696411449105e-01,1.443070769559368638e-01,1.956843927634913938e-01,3.446857909062679681e+01,-3.769878108882078471e-02,-6.648944821018208939e-01,7.327209810715479277e-01,9.352631838029256128e-01,9.000000000000217826e-01
7.980000000000999627e+00,9.128903111776726087e-01,1.442006629980727428e-01,1.954485235884360628e-01,3.447427761277793934e+01,-3.755454643108936674e-02,-6.646914837106481233e-01,7.324377787495981451e-01,9.350751224930268224e-01,9.000000000000217826e-01
7.985000000001001297e+00,9.127358572808422776e-01,1.440946413340988275e-01,1.952091325529478061e-01,3.447997416154191797e+01,-3.741055248071321199e-02,-6.644886000376066804e-01,7.321534566233065533e-01,9.348877816319035583e-01,9.000000000000217826e-01
7.990000000001002967e+00,9.125820068703472954e-01,1.439890114040032476e-01,1.949662592453032250e-01,3.448566873281663447e+01,-3.726680121539323320e-02,-6.642858245416890517e-01,7.318680219751790839e-01,9.347011600101112760e-01,9.000000000000217826e-01
7.995000000001004636e+00,9.124287588580118902e-01,1.438837726418586427e-01,1.947199429902100876e-01,3.449136132250303888e+01,-3.712329458731188775e-02,-6.640831507254553179e-01,7.315814820447351652e-01,9.345152564083935021e-01,9.000000000000217826e-01
