time_s,x_m,y_m,COM_pitch_deg,yaw_deg,forward_speed_m_s,left_torque_Nm,right_torque_Nm,path_distance_m,reference_distance_m
0.000000000000000000e+00,0.000000000000000000e+00,0.000000000000000000e+00,2.000000000000000444e+00,0.000000000000000000e+00,0.000000000000000000e+00,0.000000000000000000e+00,0.000000000000000000e+00,0.000000000000000000e+00,0.000000000000000000e+00
5.000000000000000104e-03,-2.039779383859897778e-21,-3.224563032756749656e-22,2.000000000000000444e+00,0.000000000000000000e+00,-5.563096239560204944e-19,2.535251268705594363e+00,2.535251268705594363e+00,-2.039779383859897778e-21,0.000000000000000000e+00
1.000000000000000194e-02,1.366685086789116689e-05,-3.431233950950638629e-10,1.997973981908069740e+00,-3.661824526748881797e-07,4.550808180470276680e-03,2.535250377180476633e+00,2.535252160230712093e+00,1.366685086789250690e-05,0.000000000000000000e+00
1.500000000000000638e-02,5.982211564132190100e-05,-1.133912465370839530e-09,1.991636200126611689e+00,-1.662963566980281369e-06,1.889765306860873365e-02,2.460521840835292018e+00,2.460528648065834822e+00,5.982211564133682233e-05,0.000000000000000000e+00
2.000000000000001082e-02,2.940649086257377150e-04,-1.160311855553865031e-09,1.966095391196361009e+00,-6.282317526252288149e-06,6.405576048382838339e-02,2.348170877604494500e+00,2.348186345366857886e+00,2.940649086257492075e-04,0.000000000000000000e+00
2.500000000000001527e-02,7.239532157524722561e-04,-8.581538347094410239e-10,1.920961203952801455e+00,-1.184687426829209959e-05,9.984893134610497989e-02,1.653801855766890982e+00,1.653817553362608050e+00,7.239532157524258523e-04,0.000000000000000000e+00
3.000000000000001971e-02,1.292517723074730488e-03,-5.711728747761314149e-10,1.862142168960516875e+00,-1.682446783864187737e-05,1.225672497607191436e-01,8.137768843195791746e-01,8.137904921429865990e-01,1.292517723074590192e-03,0.000000000000000000e+00
3.500000000000002415e-02,1.935185639239277253e-03,-4.011786304551320423e-10,1.796430751068995857e+00,-2.082662621749999118e-05,1.323128459114511490e-01,1.699138310573013455e-01,1.699246439061305458e-01,1.935185639239043716e-03,0.000000000000000000e+00
4.000000000000002859e-02,2.598149986681993172e-03,-3.783575817956844623e-10,1.729506910721233304e+00,-2.377401177492872533e-05,1.326843822916123627e-01,-2.160098653485146847e-01,-2.160018824410280258e-01,2.598149986681699570e-03,0.000000000000000000e+00
4.500000000000003303e-02,3.246399866484740802e-03,-4.936589056988167726e-10,1.665050377990637598e+00,-2.576493343162113037e-05,1.275867536767941179e-01,-3.651627504903399157e-01,-3.651572098489337947e-01,3.246399866484435924e-03,0.000000000000000000e+00
5.000000000000003747e-02,3.862740130868388098e-03,-7.248122064166210406e-10,1.604835247054103631e+00,-2.699720175760182196e-05,1.203765849717450681e-01,-3.505910946329287015e-01,-3.505874008076350634e-01,3.862740130868124420e-03,0.000000000000000000e+00
5.500000000000004191e-02,4.443436894991539474e-03,-1.047059192813075425e-09,1.549195094506573556e+00,-2.769596554151049222e-05,1.133154045581911545e-01,-2.478253609054082429e-01,-2.478229035920889722e-01,4.443436894991364267e-03,0.000000000000000000e+00
6.000000000000004635e-02,4.992872554567070846e-03,-1.433718694792025872e-09,1.497598333581962704e+00,-2.806377614741370244e-05,1.076079944477340428e-01,-1.180947364694290153e-01,-1.180929982336117318e-01,4.992872554567017937e-03,0.000000000000000000e+00
6.500000000000004385e-02,5.518947928633918636e-03,-1.859414630043424542e-09,1.449143826873003027e+00,-2.825880245400968008e-05,1.036280101094801814e-01,-6.820658833291586617e-04,-6.806597864361971055e-04,5.518947928634010576e-03,0.000000000000000000e+00
7.000000000000004829e-02,6.029850465553990985e-03,-2.302021335039427284e-09,1.402908817937684738e+00,-2.839080328526986564e-05,1.012240585793125758e-01,8.532602426859821343e-02,8.532735403003484376e-02,6.029850465554239917e-03,0.000000000000000000e+00
7.500000000000005274e-02,6.532249217113357195e-03,-2.743662254857067150e-09,1.358142370258590637e+00,-2.852520334416180990e-05,9.999199402475386633e-02,1.359264070210082220e-01,1.359278002097690785e-01,6.532249217113763988e-03,0.000000000000000000e+00
8.000000000000005718e-02,7.030632374325564669e-03,-3.171030973339249486e-09,1.314335160971706218e+00,-2.869092833400522672e-05,9.947472580581820378e-02,1.561384615818448562e-01,1.561399657765235038e-01,7.030632374326123250e-03,0.000000000000000000e+00
8.500000000000006162e-02,7.527397888270510005e-03,-3.574765914301606604e-09,1.271207951156051674e+00,-2.889039328802352612e-05,9.928033417958752327e-02,1.548588166327497240e-01,1.548604163313088977e-01,7.527397888271208232e-03,0.000000000000000000e+00
9.000000000000006606e-02,8.023329519946657828e-03,-3.946206495276672851e-09,1.228658693716945471e+00,-2.911010705666881504e-05,9.913199135794023564e-02,1.412671140533827141e-01,1.412687594118923751e-01,8.023329519947480087e-03,0.000000000000000000e+00
9.500000000000007050e-02,8.518183138912881550e-03,-4.281054581198070976e-09,1.186698057195273437e+00,-2.932995777868331198e-05,9.887165724479525519e-02,1.228336379472372564e-01,1.228352694812696044e-01,8.518183138913807892e-03,0.000000000000000000e+00
1.000000000000000749e-01,9.011214264009923328e-03,-4.579933046736887114e-09,1.145391557328911070e+00,-2.953076161738438040e-05,9.843782814600372799e-02,1.045924503844615355e-01,1.045940173245399757e-01,9.011214264010939876e-03,0.000000000000000000e+00
1.050000000000000794e-01,9.501564959990951853e-03,-4.846307287462344413e-09,1.104817236916122436e+00,-2.969854878112056175e-05,9.783363469172015603e-02,8.922845129617856808e-02,8.922991994947734873e-02,9.501564959992041259e-03,0.000000000000000000e+00
1.100000000000000838e-01,9.988495361284075585e-03,-5.085085248961573589e-09,1.065040418337483308e+00,-2.982575180134757565e-05,9.709632800523372576e-02,7.761211593745488690e-02,7.761347041023729243e-02,9.988495361285222238e-03,0.000000000000000000e+00
1.150000000000000883e-01,1.047148399183957766e-02,-5.301706811729734691e-09,1.026102812318821611e+00,-2.991041012286648425e-05,9.627387534042898543e-02,6.946009589586329969e-02,6.946133449345323618e-02,1.047148399184076942e-02,0.000000000000000000e+00
1.200000000000000927e-01,1.095023699328808407e-02,-5.501563069042091350e-09,9.880215629655577647e-01,-2.995448502055382187e-05,9.541018674605382388e-02,6.392706238596787549e-02,6.392819251539411107e-02,1.095023699328931573e-02,0.000000000000000000e+00
1.250000000000000833e-01,1.142464650860068251e-02,-5.689636203311614107e-09,9.507938208222169729e-01,-2.996208018241005387e-05,9.453800705577822261e-02,6.003837155601838421e-02,6.003940498051271030e-02,1.142464650860194886e-02,0.000000000000000000e+00
1.300000000000000877e-01,1.189473023708340765e-02,-5.870288649216154537e-09,9.144033493195793394e-01,-2.993801006077654285e-05,9.367737347107540913e-02,5.694870185501185733e-02,5.694965119131371878e-02,1.189473023708470523e-02,0.000000000000000000e+00
1.350000000000000921e-01,1.236057318580414434e-02,-6.047155994602737905e-09,8.788268762178669258e-01,-2.988686894228897067e-05,9.283737413046751208e-02,5.405448410952825439e-02,5.405536075321659001e-02,1.236057318580546967e-02,0.000000000000000000e+00
1.400000000000000966e-01,1.282228245229032754e-02,-6.223113916521776784e-09,8.440390151557412013e-01,-2.981256831929522463e-05,9.201931955893453974e-02,5.100503860313133214e-02,5.100585185949357142e-02,1.282228245229168409e-02,0.000000000000000000e+00
1.450000000000001010e-01,1.327995820168316292e-02,-6.400298436967592677e-09,8.100154182662628877e-01,-2.971822151781256246e-05,9.122002755346063363e-02,4.765715462084028908e-02,4.765791165811657237e-02,1.327995820168454723e-02,0.000000000000000000e+00
1.500000000000001055e-01,1.373367924698987337e-02,-6.580163687431314116e-09,7.767343373591207856e-01,-2.960623574481020611e-05,9.043450225853111313e-02,4.400859640013436019e-02,4.400930264408375175e-02,1.373367924699129064e-02,0.000000000000000000e+00
1.550000000000001099e-01,1.418349941732555998e-02,-6.763564231108626938e-09,7.441770116317039108e-01,-2.947849294180400836e-05,8.965774526737613215e-02,4.013381799073130474e-02,4.013447766454818211e-02,1.418349941732701194e-02,0.000000000000000000e+00
1.600000000000001144e-01,1.462945048246134389e-02,-6.950851053327082721e-09,7.123273437220852822e-01,-2.933653790594013542e-05,8.888573448599659810e-02,3.613389978547157377e-02,3.613451640807760490e-02,1.462945048246283228e-02,0.000000000000000000e+00
1.650000000000001188e-01,1.507154803712527739e-02,-7.141972214870439881e-09,6.811712557005616953e-01,-2.918172925241811015e-05,8.811575862120073210e-02,3.210424729261484450e-02,3.210482404590579014e-02,1.507154803712680222e-02,0.000000000000000000e+00
1.700000000000001232e-01,1.550979781731500785e-02,-7.336571072035277110e-09,6.506959996441592509e-01,-2.901533785847188772e-05,8.734633838488374546e-02,2.811834280340830619e-02,2.811888274956181669e-02,1.550979781731657431e-02,0.000000000000000000e+00
1.750000000000001277e-01,1.594420100476519331e-02,-7.534076881033515709e-09,6.208895792380038081e-01,-2.883859604300900020e-05,8.657694174178523494e-02,2.422338096379883857e-02,2.422388713504166832e-02,1.594420100476680660e-02,0.000000000000000000e+00
1.800000000000001321e-01,1.637475794783792293e-02,-7.733784412440894745e-09,5.917403439586640390e-01,-2.865270989811695093e-05,8.580764578185864910e-02,2.044315082997945343e-02,2.044362623037415672e-02,1.637475794783958133e-02,0.000000000000000000e+00
1.850000000000001366e-01,1.680147030924129814e-02,-7.934920790241962880e-09,5.632367542057252763e-01,-2.845884942661546568e-05,8.503883761217226334e-02,1.678421759098090368e-02,1.678466515058408756e-02,1.680147030924300164e-02,0.000000000000000000e+00
1.900000000000001410e-01,1.722434196018904351e-02,-8.136699065607258214e-09,5.353672823034045791e-01,-2.825812924319268560e-05,8.427099578530800050e-02,1.324262668576062056e-02,1.324304919944619373e-02,1.722434196019079558e-02,0.000000000000000000e+00
1.950000000000001454e-01,1.764337904138605154e-02,-8.338359004022453827e-09,5.081204035132111940e-01,-2.805158889137686836e-05,8.350455819825162995e-02,9.809540876733337245e-03,9.809940948864219468e-03,1.764337904138785218e-02,0.000000000000000000e+00
2.000000000000001499e-01,1.805858958028694686e-02,-8.539196223676025958e-09,4.814846347011371153e-01,-2.784017792810029065e-05,8.273986219777190732e-02,6.475177356284645379e-03,6.475557361973342634e-03,1.805858958028879954e-02,0.000000000000000000e+00
2.050000000000001543e-01,1.846998295910542986e-02,-8.738581208892597109e-09,4.554485887177804893e-01,-2.762474772707008858e-05,8.197713473981270427e-02,3.231050797626207772e-03,3.231412863388790930e-03,1.846998295910733112e-02,0.000000000000000000e+00
2.100000000000001588e-01,1.887756941815745687e-02,-8.935969890775219022e-09,4.300010245407285270e-01,-2.740604978567876511e-05,8.121651073002501831e-02,7.086792414905323330e-05,7.121392579699854948e-05,1.887756941815940670e-02,0.000000000000000000e+00
2.150000000000001632e-01,1.928135968352602536e-02,-9.130907494877820838e-09,4.051308836297197735e-01,-2.718473915729844741e-05,8.045806225230237030e-02,-3.009469777369917862e-03,-3.009138204096136870e-03,1.928135968352802376e-02,0.000000000000000000e+00
2.200000000000001676e-01,1.968136473942186729e-02,-9.323027253049735266e-09,3.808273103906618107e-01,-2.696138124841958842e-05,7.970182733485893511e-02,-6.012331965886528844e-03,-6.012013406872255585e-03,1.968136473942391079e-02,0.000000000000000000e+00
2.250000000000001721e-01,2.007759572526701328e-02,-9.512045408357673086e-09,3.570796590068501808e-01,-2.673646034167557206e-05,7.894783236623874323e-02,-8.938974408679469311e-03,-8.938667649425668590e-03,2.007759572526910188e-02,0.000000000000000000e+00
2.300000000000001765e-01,2.047006392039154438e-02,-9.697753738658548431e-09,3.338774907329054575e-01,-2.651038857963830675e-05,7.819610637121329755e-02,-1.179010347909791034e-02,-1.178980748222146005e-02,2.047006392039368156e-02,0.000000000000000000e+00
2.350000000000001810e-01,2.085878077790043889e-02,-9.880010613274625770e-09,3.112105658693468113e-01,-2.628351458346146955e-05,7.744668789452710533e-02,-1.456629506591299895e-02,-1.456600895002767813e-02,2.085878077790262117e-02,0.000000000000000000e+00
2.400000000000001854e-01,2.124375797658200477e-02,-1.005873139100940339e-08,2.890688338235952171e-01,-2.605613127137449688e-05,7.669962643234951027e-02,-1.726824761295856978e-02,-1.726797063381366529e-02,2.124375797658423215e-02,0.000000000000000000e+00
2.450000000000001898e-01,2.162500747012541941e-02,-1.023387877964094795e-08,2.674424235218771373e-01,-2.582848273214044543e-05,7.595498058447716638e-02,-1.989689288109750681e-02,-1.989662441515723662e-02,2.162500747012768496e-02,0.000000000000000000e+00
2.500000000000001665e-01,2.200254152280485889e-02,-1.040545360991252072e-08,2.463216353548897120e-01,-2.560077018984227085e-05,7.521281477635535784e-02,-2.245340648868860908e-02,-2.245314601893990195e-02,2.200254152280716261e-02,0.000000000000000000e+00
2.550000000000001710e-01,2.237637272836831212e-02,-1.057348633447272981e-08,2.256969350132188301e-01,-2.537315718449656134e-05,7.447319584603902254e-02,-2.493916147506390277e-02,-2.493890857867358743e-02,2.237637272837065747e-02,0.000000000000000000e+00
2.600000000000001754e-01,2.274651401365377842e-02,-1.073802944430910349e-08,2.055589490474345471e-01,-2.514577411703392356e-05,7.373619022826714831e-02,-2.735565986272564878e-02,-2.735541420015110900e-02,2.274651401365616193e-02,0.000000000000000000e+00
2.650000000000001799e-01,2.311297863075849335e-02,-1.089915090143129111e-08,1.858984617376193971e-01,-2.491872229196379944e-05,7.300186201565100896e-02,-2.970446561780275621e-02,-2.970422692302926090e-02,2.311297863076091155e-02,0.000000000000000000e+00
2.700000000000001843e-01,2.347578014208423838e-02,-1.105692861205621839e-08,1.667064128036053472e-01,-2.469207755958589682e-05,7.227027187628762284e-02,-3.198715140586468053e-02,-3.198691947753477816e-02,2.347578014208669128e-02,0.000000000000000000e+00
2.750000000000001887e-01,2.383493240200387081e-02,-1.121144591116850674e-08,1.479738955501288811e-01,-2.446589362653690475e-05,7.154147664906695958e-02,-3.420526310463063019e-02,-3.420503779791934235e-02,2.383493240200635147e-02,0.000000000000000000e+00
2.800000000000001932e-01,2.419044953785268529e-02,-1.136278799075527147e-08,1.296921551546594276e-01,-2.424020507642737535e-05,7.081552938856504331e-02,-3.636030071728853230e-02,-3.636008193644345299e-02,2.419044953785520063e-02,0.000000000000000000e+00
2.850000000000001976e-01,2.454234593186383970e-02,-1.151103917965196464e-08,1.118525869231082603e-01,-2.401503012401861529e-05,7.009247965007929515e-02,-3.845371170939664018e-02,-3.845349940090397878e-02,2.454234593186638627e-02,0.000000000000000000e+00
2.900000000000002021e-01,2.489063620477551322e-02,-1.165628096866131672e-08,9.444673443527638879e-02,-2.379037311570343131e-05,6.937237385720275429e-02,-4.048689222097707346e-02,-4.048668636733394194e-02,2.489063620477809449e-02,0.000000000000000000e+00
2.950000000000002065e-01,2.523533520122586693e-02,-1.179859066975002703e-08,7.746628756785525760e-02,-2.356622678658059806e-05,6.865525565301776323e-02,-4.246119217551399400e-02,-4.246099278958986173e-02,2.523533520122847942e-02,0.000000000000000000e+00
3.000000000000002109e-01,2.557645797671018531e-02,-1.193804059964812610e-08,6.090308041941734640e-02,-2.334257428377482584e-05,6.794116618697437771e-02,-4.437792143001333123e-02,-4.437772854998066341e-02,2.557645797671282903e-02,0.000000000000000000e+00
3.050000000000002154e-01,2.591401978574404616e-02,-1.207469768422850644e-08,4.474908917557555987e-02,-2.311939096828709964e-05,6.723014432585641686e-02,-4.623835526871913210e-02,-4.623816895352517858e-02,2.591401978574671763e-02,0.000000000000000000e+00
3.100000000000002198e-01,2.624803607088243770e-02,-1.220862338845038256e-08,2.899642995158863493e-02,-2.289664600963910225e-05,6.652222679860567145e-02,-4.804373850092937687e-02,-4.804355882627375091e-02,2.624803607088513346e-02,0.000000000000000000e+00
3.150000000000002243e-01,2.657852245232085117e-02,-1.233987388852616233e-08,1.363735664097322567e-02,-2.267430378957284668e-05,6.581744829384664208e-02,-4.979528806810917807e-02,-4.979511512288822828e-02,2.657852245232357816e-02,0.000000000000000000e+00
3.200000000000002287e-01,2.690549471790104272e-02,-1.246850041413335542e-08,-1.335741211824304506e-03,-2.245232513174720668e-05,6.511584152980960660e-02,-5.149419444416152708e-02,-5.149402832733741137e-02,2.690549471790379052e-02,0.000000000000000000e+00
3.250000000000002331e-01,2.722896881343084968e-02,-1.259454970037088794e-08,-1.593034050625956322e-02,-2.223066837430375732e-05,6.441743731243194937e-02,-5.314162222277110659e-02,-5.314146304062455917e-02,2.722896881343362524e-02,0.000000000000000000e+00
3.300000000000002376e-01,2.754896083329070808e-02,-1.271806450087237198e-08,-3.015378664647195422e-02,-2.200929030128340091e-05,6.372226459217103511e-02,-5.473871028584013226e-02,-5.473855814956805205e-02,2.754896083329350098e-02,0.000000000000000000e+00
3.350000000000002420e-01,2.786548701133640185e-02,-1.283908412342226791e-08,-4.401329557053235142e-02,-2.178814694798114279e-05,6.303035052488729917e-02,-5.628657184859554852e-02,-5.628642687221814545e-02,2.786548701133921904e-02,0.000000000000000000e+00
3.400000000000002465e-01,2.817856371212303784e-02,-1.295764495937822747e-08,-5.751595575227529122e-02,-2.156719429331100201e-05,6.234172053829802745e-02,-5.778629456944051057e-02,-5.778615686798575790e-02,2.817856371212587585e-02,0.000000000000000000e+00
3.450000000000002509e-01,2.848820742247518134e-02,-1.307378098561558373e-08,-7.066873017987983230e-02,-2.134638885128259961e-05,6.165639840305756764e-02,-5.923894080892584679e-02,-5.923881049686306743e-02,2.848820742247803670e-02,0.000000000000000000e+00
3.500000000000002554e-01,2.879443474342019416e-02,-1.318752422506547928e-08,-8.347845831446953913e-02,-2.112568817242672662e-05,6.097440630642515097e-02,-6.064554805563576040e-02,-6.064542524553234032e-02,2.879443474342307380e-02,0.000000000000000000e+00
3.550000000000002598e-01,2.909726238249096125e-02,-1.329890515744370656e-08,-9.595185803070850616e-02,-2.090505126448884664e-05,6.029576492625104284e-02,-6.200712949150778697e-02,-6.200701429288679734e-02,2.909726238249386171e-02,0.000000000000000000e+00
3.600000000000002642e-01,2.939670714639374197e-02,-1.340795307613144861e-08,-1.080955275403661792e-01,-2.068443894105278987e-05,5.962049350336379172e-02,-6.332467464622464071e-02,-6.332456716460320434e-02,2.939670714639665977e-02,0.000000000000000000e+00
3.650000000000002687e-01,2.969278593402943645e-02,-1.351469639067091288e-08,-1.199159472988219760e-01,-2.046381410572218059e-05,5.894860991108681614e-02,-6.459915010256388201e-02,-6.459905043865311891e-02,2.969278593403237160e-02,0.000000000000000000e+00
3.700000000000002731e-01,2.998551572985149599e-02,-1.361916287687919680e-08,-1.314194818940409570e-01,-2.024314197913705090e-05,5.828013072110059534e-02,-6.583150020671453551e-02,-6.583140845576380962e-02,2.998551572985444849e-02,0.000000000000000000e+00
3.750000000000002776e-01,3.027491359754165556e-02,-1.372137987842302805e-08,-1.426123819171518647e-01,-2.002239027492771708e-05,5.761507126545396817e-02,-6.702264776520247547e-02,-6.702256401647421757e-02,3.027491359754462541e-02,0.000000000000000000e+00
3.800000000000002820e-01,3.056099667398435096e-02,-1.382137446435180323e-08,-1.535007858138460468e-01,-1.980152933066109942e-05,5.695344569476098323e-02,-6.817349470580817694e-02,-6.817341904216679682e-02,3.056099667398733816e-02,0.000000000000000000e+00
3.850000000000002864e-01,3.084378216352167551e-02,-1.391917354837002108e-08,-1.640907217157766551e-01,-1.958053219913738916e-05,5.629526703290878981e-02,-6.928492270633157535e-02,-6.928485520393462549e-02,3.084378216352468005e-02,0.000000000000000000e+00
3.900000000000002909e-01,3.112328733247230958e-02,-1.401480397533700171e-08,-1.743881092513489828e-01,-1.935937470484116579e-05,5.564054722855099611e-02,-7.035779378456454014e-02,-7.035773451264411282e-02,3.112328733247533147e-02,0.000000000000000000e+00
3.950000000000002953e-01,3.139952950389939684e-02,-1.410829258072740340e-08,-1.843987613353342547e-01,-1.913803547009842830e-05,5.498929720374791386e-02,-7.139295085840148547e-02,-7.139289987912457447e-02,3.139952950390242914e-02,0.000000000000000000e+00
4.000000000000002998e-01,3.167252605261387105e-02,-1.419966622777801296e-08,-1.941283859370393772e-01,-1.891649591498284564e-05,5.434152690000133845e-02,-7.239121827413173837e-02,-7.239117564252971204e-02,3.167252605261693110e-02,0.000000000000000000e+00
4.050000000000003042e-01,3.194229440040104173e-02,-1.428895182763250698e-08,-2.035825878266501743e-01,-1.869474023452199164e-05,5.369724532196071959e-02,-7.335340231783334108e-02,-7.335336808179145074e-02,3.194229440040410872e-02,0.000000000000000000e+00
4.100000000000003086e-01,3.220885201145896187e-02,-1.437617634617605152e-08,-2.127668702996498851e-01,-1.847275535663053792e-05,5.305646057888883937e-02,-7.428029169970501444e-02,-7.428026590000422202e-02,3.220885201146205662e-02,0.000000000000000000e+00
4.150000000000003131e-01,3.247221638803824556e-02,-1.446136680139767952e-08,-2.216866368790990915e-01,-1.825053088363834300e-05,5.241917992411054827e-02,-7.517265802723829826e-02,-7.517264069764129086e-02,3.247221638804134725e-02,0.000000000000000000e+00
4.200000000000003175e-01,3.273240506627306950e-02,-1.454455025415881624e-08,-2.303471929957042752e-01,-1.802805902022960207e-05,5.178540979246795684e-02,-7.603125625777966412e-02,-7.603124742515503243e-02,3.273240506627618507e-02,0.000000000000000000e+00
4.250000000000003220e-01,3.298943561219406378e-02,-1.462575379505950068e-08,-2.387537476455741381e-01,-1.780533448998314572e-05,5.115515583593147758e-02,-7.685682513855757181e-02,-7.685682482303579643e-02,3.298943561219717935e-02,0.000000000000000000e+00
4.300000000000003264e-01,3.324332561791382146e-02,-1.470500452883132543e-08,-2.469114150255819484e-01,-1.758235444275875529e-05,5.052842295741655915e-02,-7.765008763089870092e-02,-7.765009584605514492e-02,3.324332561791694396e-02,0.000000000000000000e+00
4.350000000000003308e-01,3.349409269797656158e-02,-1.478232955814676581e-08,-2.548252161463322452e-01,-1.735911835468481156e-05,4.990521534290251471e-02,-7.841175131913002971e-02,-7.841176807218971923e-02,3.349409269797968408e-02,0.000000000000000000e+00
4.400000000000003353e-01,3.374175448586349407e-02,-1.485775596786292122e-08,-2.625000804226303441e-01,-1.713562792263583138e-05,4.928553649194721692e-02,-7.914250880802131682e-02,-7.914253410008131873e-02,3.374175448586662351e-02,0.000000000000000000e+00
4.450000000000003397e-01,3.398632863064620507e-02,-1.493131081020913886e-08,-2.699408472415511517e-01,-1.691188695448618646e-05,4.866938924664602345e-02,-7.984303810170687021e-02,-7.984307192797249209e-02,3.398632863064934145e-02,0.000000000000000000e+00
4.500000000000003442e-01,3.422783279378060345e-02,-1.500302109160465662e-08,-2.771522675080231868e-01,-1.668790125665987279e-05,4.805677581917718044e-02,-8.051400297549698992e-02,-8.051404532552833282e-02,3.422783279378373983e-02,0.000000000000000000e+00
4.550000000000003486e-01,3.446628464603439940e-02,-1.507291376109561562e-08,-2.841390051680288131e-01,-1.646367851980784933e-05,4.744769781793349572e-02,-8.115605332837252939e-02,-8.115610418633908973e-02,3.446628464603754272e-02,0.000000000000000000e+00
4.600000000000003531e-01,3.470170186454148847e-02,-1.514101570077163024e-08,-2.909056387094652862e-01,-1.623922820392708711e-05,4.684215627239968205e-02,-8.176982552721916153e-02,-8.176988487215867962e-02,3.470170186454465261e-02,0.000000000000000000e+00
4.650000000000003575e-01,3.493410212997714176e-02,-1.520735371780464946e-08,-2.974566626407494363e-01,-1.601456142360407117e-05,4.624015165679613154e-02,-8.235594273790851350e-02,-8.235601054398893062e-02,3.493410212998030590e-02,0.000000000000000000e+00
4.700000000000003619e-01,3.516350312384785431e-02,-1.527195453815304046e-08,-3.037964889472450913e-01,-1.578969083418706404e-05,4.564168391257579505e-02,-8.291501524543390400e-02,-8.291509148221562486e-02,3.516350312385102539e-02,0.000000000000000000e+00
4.750000000000003664e-01,3.538992252589059223e-02,-1.533484480159855449e-08,-3.099294485256750553e-01,-1.556463051952544109e-05,4.504675246983531889e-02,-8.344764076207046577e-02,-8.344772539476767725e-02,3.538992252589376331e-02,0.000000000000000000e+00
4.800000000000003708e-01,3.561337801157603983e-02,-1.539605105799036777e-08,-3.158597925965962450e-01,-1.533939588198366511e-05,4.445535626771764809e-02,-8.395440472807767784e-02,-8.395449771781680892e-02,3.561337801157922478e-02,0.000000000000000000e+00
4.850000000000003753e-01,3.583388724971093425e-02,-1.545559976445035580e-08,-3.215916940951341063e-01,-1.511400353479582806e-05,4.386749377382812703e-02,-8.443588059929162115e-02,-8.443598190336605580e-02,3.583388724971414002e-02,0.000000000000000000e+00
4.900000000000003797e-01,3.605146790013485231e-02,-1.551351728309756587e-08,-3.271292490400963815e-01,-1.488847119759658168e-05,4.328316300276092293e-02,-8.489263012867276359e-02,-8.489273970079239118e-02,3.605146790013807195e-02,0.000000000000000000e+00
4.950000000000003841e-01,3.626613761150696696e-02,-1.556982987947696757e-08,-3.324764778816610700e-01,-1.466281759504081938e-05,4.270236153374468852e-02,-8.532520363638261551e-02,-8.532532142691791333e-02,3.626613761151020049e-02,0.000000000000000000e+00
5.000000000000003331e-01,3.647791401917874210e-02,-1.562456372116778101e-08,-3.376373268277942374e-01,-1.443706235910484463e-05,4.212508652748810783e-02,-8.573414027311956898e-02,-8.573426622933824626e-02,3.647791401918198950e-02,0.000000000000000000e+00
5.050000000000003375e-01,3.668681474314848534e-02,-1.567774487638328172e-08,-3.426156691496331508e-01,-1.421122593508949850e-05,4.155133474224771001e-02,-8.611996827359581774e-02,-8.612010233989279839e-02,3.668681474315173968e-02,0.000000000000000000e+00
5.100000000000003419e-01,3.689285738609410226e-02,-1.572939931264874101e-08,-3.474153064659792345e-01,-1.398532949137446405e-05,4.098110254918231610e-02,-8.648320520514284071e-02,-8.648334732326225238e-02,3.689285738609735660e-02,0.000000000000000000e+00
5.150000000000003464e-01,3.709605953148061713e-02,-1.577955289535854509e-08,-3.520399700071448756e-01,-1.375939483322853555e-05,4.041438594699658243e-02,-8.682435820544076588e-02,-8.682450831468982444e-02,3.709605953148387841e-02,0.000000000000000000e+00
5.200000000000003508e-01,3.729643874173893536e-02,-1.582823138602968261e-08,-3.564933218583429264e-01,-1.353344432062331094e-05,3.985118057595512381e-02,-8.714392421568641078e-02,-8.714408225314092260e-02,3.729643874174219664e-02,0.000000000000000000e+00
5.250000000000003553e-01,3.749401255651284987e-02,-1.587546044034150854e-08,-3.607789561828574354e-01,-1.330750079014043358e-05,3.929148173126958271e-02,-8.744239020522147354e-02,-8.744255610592248373e-02,3.749401255651612502e-02,0.000000000000000000e+00
5.300000000000003597e-01,3.768879849097135637e-02,-1.592126560583734349e-08,-3.649004004252119904e-01,-1.308158748088486625e-05,3.873528437591372553e-02,-8.772023339094146832e-02,-8.772040708808338805e-02,3.768879849097463847e-02,0.000000000000000000e+00
5.350000000000003642e-01,3.788081403418329385e-02,-1.596567231924264494e-08,-3.688611164945539977e-01,-1.285572796445571538e-05,3.818258315288073496e-02,-8.797792144988060559e-02,-8.797810287499076287e-02,3.788081403418657594e-02,0.000000000000000000e+00
5.400000000000003686e-01,3.807007664755179821e-02,-1.600870590354611187e-08,-3.726645019285186322e-01,-1.262994607881397966e-05,3.763337239691937758e-02,-8.821591272514493765e-02,-8.821610180825416314e-02,3.807007664755508031e-02,0.000000000000000000e+00
5.450000000000003730e-01,3.825660376330591861e-02,-1.605039156472717627e-08,-3.763138910377538116e-01,-1.240426586624443383e-05,3.708764614578461544e-02,-8.843465642796546899e-02,-8.843485309776977221e-02,3.825660376330920764e-02,0.000000000000000000e+00
5.500000000000003775e-01,3.844041278304718284e-02,-1.609075438810278971e-08,-3.798125560314140614e-01,-1.217871151496108426e-05,3.654539815100453504e-02,-8.863459283078323203e-02,-8.863479701479753947e-02,3.844041278305047188e-02,0.000000000000000000e+00
5.550000000000003819e-01,3.862152107634862774e-02,-1.612981933465196218e-08,-3.831637081238168374e-01,-1.195330730448644064e-05,3.600662188823212928e-02,-8.881615345925687743e-02,-8.881636508395999996e-02,3.862152107635191678e-02,0.000000000000000000e+00
5.600000000000003864e-01,3.879994597940439327e-02,-1.616761123677451251e-08,-3.863704986225207638e-01,-1.172807755476444140e-05,3.547131056715022157e-02,-8.897976127597205520e-02,-8.897998026694330098e-02,3.879994597940768231e-02,0.000000000000000000e+00
5.650000000000003908e-01,3.897570479372761132e-02,-1.620415479408218819e-08,-3.894360199980624881e-01,-1.150304657871483143e-05,3.493945714099251643e-02,-8.912583086043730785e-02,-8.912605714248515720e-02,3.897570479373090035e-02,0.000000000000000000e+00
5.700000000000003952e-01,3.914881478489481981e-02,-1.623947456895464415e-08,-3.923633069356232128e-01,-1.127823863812734510e-05,3.441105431568534934e-02,-8.925476858363597110e-02,-8.925500208091931287e-02,3.914881478489810884e-02,0.000000000000000000e+00
5.750000000000003997e-01,3.931929318133507018e-02,-1.627359498204993978e-08,-3.951553373688649895e-01,-1.105367790288725455e-05,3.388609455863880737e-02,-8.936697277949393059e-02,-8.936721341563538812e-02,3.931929318133835921e-02,0.000000000000000000e+00
5.800000000000004041e-01,3.948715717316190338e-02,-1.630654030772557153e-08,-3.978150334961382817e-01,-1.082938841330944425e-05,3.336457010718638094e-02,-8.946283391145153085e-02,-8.946308160964354383e-02,3.948715717316519935e-02,0.000000000000000000e+00
5.850000000000004086e-01,3.965242391104659148e-02,-1.633833466935272299e-08,-4.003452627793814833e-01,-1.060539404546063306e-05,3.284647297669675281e-02,-8.954273473212646939e-02,-8.954298941523060329e-02,3.965242391104988745e-02,0.000000000000000000e+00
5.900000000000004130e-01,3.981511050513110439e-02,-1.636900203445832584e-08,-4.027488389259219481e-01,-1.038171847936099514e-05,3.233179496840840605e-02,-8.960705044323227786e-02,-8.960731203387148347e-02,3.981511050513440036e-02,0.000000000000000000e+00
5.950000000000004174e-01,3.997523402397931691e-02,-1.639856621028659723e-08,-4.050285228534182824e-01,-1.015838516991752970e-05,3.182052767694651396e-02,-8.965614884904690718e-02,-8.965641726969153513e-02,3.997523402398261289e-02,0.000000000000000000e+00
6.000000000000004219e-01,4.013281149356502653e-02,-1.642705083898226124e-08,-4.071870236382237884e-01,-9.935417320405350082e-06,3.131266249756879672e-02,-8.969039050577570782e-02,-8.969066567882355567e-02,4.013281149356832250e-02,0.000000000000000000e+00
6.050000000000004263e-01,4.028785989629538739e-02,-1.645447939323998581e-08,-4.092269994473811678e-01,-9.712837858401431252e-06,3.080819063315803213e-02,-8.971012886925351648e-02,-8.971041071710357528e-02,4.028785989629869030e-02,0.000000000000000000e+00
6.100000000000004308e-01,4.044039617006861542e-02,-1.648087517165658391e-08,-4.111510584545134961e-01,-9.490669414118443840e-06,3.030710310094803656e-02,-8.971571043676387913e-02,-8.971599888188486194e-02,4.044039617007191834e-02,0.000000000000000000e+00
6.150000000000004352e-01,4.059043720736457000e-02,-1.650626129442119082e-08,-4.129617597398614337e-01,-9.268934300881122434e-06,2.980939073902552638e-02,-8.970747488682388748e-02,-8.970776985181706797e-02,4.059043720736787986e-02,0.000000000000000000e+00
6.200000000000004396e-01,4.073799985436724752e-02,-1.653066069905881103e-08,-4.146616141746872763e-01,-9.047654497701097009e-06,2.931504421260115734e-02,-8.968575521589207400e-02,-8.968605662354951769e-02,4.073799985437055737e-02,0.000000000000000000e+00
6.250000000000004441e-01,4.088310091011789632e-02,-1.655409613635634459e-08,-4.162530852903154055e-01,-8.826851633751683638e-06,2.882405402005768988e-02,-8.965087787057099411e-02,-8.965118564392871026e-02,4.088310091012120617e-02,0.000000000000000000e+00
6.300000000000004485e-01,4.102575712569785787e-02,-1.657659016616734204e-08,-4.177385901320149197e-01,-8.606546974717115065e-06,2.833641049880222459e-02,-8.960316287854551420e-02,-8.960347694093225013e-02,4.102575712570117467e-02,0.000000000000000000e+00
6.350000000000004530e-01,4.116598520344002393e-02,-1.659816515378619393e-08,-4.191205000979880690e-01,-8.386761410874599097e-06,2.785210383090842498e-02,-8.954292397439431173e-02,-8.954324424947612826e-02,4.116598520344334766e-02,0.000000000000000000e+00
6.400000000000004574e-01,4.130380179616800762e-02,-1.661884326613279659e-08,-4.204011417636998593e-01,-8.167515446674026110e-06,2.737112404858520892e-02,-8.947046872422341479e-02,-8.947079513604412615e-02,4.130380179617133135e-02,0.000000000000000000e+00
6.450000000000004619e-01,4.143922350646208480e-02,-1.663864646825732031e-08,-4.215827976917503328e-01,-7.948829191957798319e-06,2.689346103945826003e-02,-8.938609864736901667e-02,-8.938643112038704985e-02,4.143922350646540853e-02,0.000000000000000000e+00
6.500000000000004663e-01,4.157226688595106606e-02,-1.665759651997179092e-08,-4.226677072275600855e-01,-7.730722354466255147e-06,2.641910455167391369e-02,-8.929010933353624668e-02,-8.929044779265786491e-02,4.157226688595438979e-02,0.000000000000000000e+00
6.550000000000004707e-01,4.170294843462921813e-02,-1.667571497251997980e-08,-4.236580672810932313e-01,-7.513214233693369926e-06,2.594804419885669497e-02,-8.918279055975283920e-02,-8.918313493036206241e-02,4.170294843463254186e-02,0.000000000000000000e+00
6.600000000000004752e-01,4.183128460019746447e-02,-1.669302316572993380e-08,-4.245560330947784067e-01,-7.296323715945858478e-06,2.548026946489609715e-02,-8.906442640433316627e-02,-8.906477661231861076e-02,4.183128460020078820e-02,0.000000000000000000e+00
6.650000000000004796e-01,4.195729177742809485e-02,-1.670954222490352144e-08,-4.253637189979910804e-01,-7.080069270522586190e-06,2.501576970857479279e-02,-8.893529535451155654e-02,-8.893565132629047132e-02,4.195729177743142552e-02,0.000000000000000000e+00
6.700000000000004841e-01,4.208098630755231773e-02,-1.672529305821421863e-08,-4.260831991481385250e-01,-6.864468946868774476e-06,2.455453416809419073e-02,-8.879567042018531031e-02,-8.879603208272486559e-02,4.208098630755564840e-02,0.000000000000000000e+00
6.750000000000004885e-01,4.220238447766976736e-02,-1.674029635422063351e-08,-4.267165082587213165e-01,-6.649540372744531741e-06,2.409655196539372754e-02,-8.864581923403326569e-02,-8.864618651486931566e-02,4.220238447767309803e-02,0.000000000000000000e+00
6.800000000000004929e-01,4.232150252017954223e-02,-1.675457257918715597e-08,-4.272656423145088644e-01,-6.435300753256565974e-06,2.364181211041468250e-02,-8.848600415940222064e-02,-8.848637698665573481e-02,4.232150252018287290e-02,0.000000000000000000e+00
6.850000000000004974e-01,4.243835661223195610e-02,-1.676814197521886389e-08,-4.277325592740665039e-01,-6.221766870657688659e-06,2.319030350518464997e-02,-8.831648239045808424e-02,-8.831686069284960805e-02,4.243835661223529371e-02,0.000000000000000000e+00
6.900000000000005018e-01,4.255296287520046739e-02,-1.678102455793353912e-08,-4.281191797598115634e-01,-6.008955084909675795e-06,2.274201494779892752e-02,-8.813750605217895995e-02,-8.813788975904071621e-02,4.255296287520380499e-02,0.000000000000000000e+00
6.950000000000005063e-01,4.266533737417308597e-02,-1.679324011458057931e-08,-4.284273877358764082e-01,-5.796881334929269450e-06,2.229693513627795456e-02,-8.794932229605151308e-02,-8.794971133733808788e-02,4.266533737417642358e-02,0.000000000000000000e+00
7.000000000000005107e-01,4.277549611746288977e-02,-1.680480820233463026e-08,-4.286590311739028047e-01,-5.585561140414043683e-06,2.185505267233361915e-02,-8.775217339799845639e-02,-8.775256770429537556e-02,4.277549611746622737e-02,0.000000000000000000e+00
7.050000000000005151e-01,4.288345505613689462e-02,-1.681574814660234715e-08,-4.288159227070159063e-01,-5.375009604224422120e-06,2.141635606499402850e-02,-8.754629684922841937e-02,-8.754669635175953146e-02,4.288345505614023223e-02,0.000000000000000000e+00
7.100000000000005196e-01,4.298923008356286130e-02,-1.682607903962345346e-08,-4.288998402721999614e-01,-5.165241415319212942e-06,2.098083373415628172e-02,-8.733192544823605019e-02,-8.733233007886904986e-02,4.298923008356619890e-02,0.000000000000000000e+00
7.150000000000005240e-01,4.309283703497353984e-02,-1.683581973903378931e-08,-4.289125277411954262e-01,-4.956270852068177706e-06,2.054847401403145021e-02,-8.710928739195847315e-02,-8.710969708320950855e-02,4.309283703497687745e-02,0.000000000000000000e+00
7.200000000000005285e-01,4.319429168704781025e-02,-1.684498886682927763e-08,-4.288556955402040294e-01,-4.748111786015818014e-06,2.011926515647234626e-02,-8.687860636048851115e-02,-8.687902104552534810e-02,4.319429168705114785e-02,0.000000000000000000e+00
7.250000000000005329e-01,4.329360975750830981e-02,-1.685360480827314913e-08,-4.287310212585178082e-01,-4.540777686020822985e-06,1.969319533424665133e-02,-8.664010160574513175e-02,-8.664052121838920761e-02,4.329360975751164742e-02,0.000000000000000000e+00
7.300000000000005373e-01,4.339080690473502006e-02,-1.686168571091945554e-08,-4.285401502463115908e-01,-4.334281622659388665e-06,1.927025264418507147e-02,-8.639398803350634148e-02,-8.639441250823390317e-02,4.339080690473835766e-02,0.000000000000000000e+00
7.350000000000005418e-01,4.348589872739448692e-02,-1.686924948393453669e-08,-4.282846962017588521e-01,-4.128636272990516119e-06,1.885042511027048770e-02,-8.614047628712365179e-02,-8.614090555906592228e-02,4.348589872739782453e-02,0.000000000000000000e+00
7.400000000000005462e-01,4.357890076408413998e-02,-1.687631379739175641e-08,-4.279662417476545189e-01,-3.923853925496996871e-06,1.843370068662777625e-02,-8.587977282770642429e-02,-8.588020683264893651e-02,4.357890076408747759e-02,0.000000000000000000e+00
7.450000000000005507e-01,4.366982849299139852e-02,-1.688289608168741701e-08,-4.275863389977558882e-01,-3.719946485317549809e-06,1.802006726044124915e-02,-8.561208001290841751e-02,-8.561251868728951553e-02,4.366982849299473612e-02,0.000000000000000000e+00
7.500000000000005551e-01,4.375869733156708546e-02,-1.688901352722653991e-08,-4.271465101129618414e-01,-3.516925479607829088e-06,1.760951265479951053e-02,-8.533759617583482060e-02,-8.533803945674366120e-02,4.375869733157042307e-02,0.000000000000000000e+00
7.550000000000005596e-01,4.384552263621288581e-02,-1.689468308410677999e-08,-4.266482478475787099e-01,-3.314802063085962385e-06,1.720202463144870908e-02,-8.505651569894909225e-02,-8.505696352412289718e-02,4.384552263621622342e-02,0.000000000000000000e+00
7.600000000000005640e-01,4.393031970198237046e-02,-1.689992146200294794e-08,-4.260930160857721583e-01,-3.113587023725932406e-06,1.679759089350089593e-02,-8.476902909096570293e-02,-8.476948139878648369e-02,4.393031970198570807e-02,0.000000000000000000e+00
7.650000000000005684e-01,4.401310376229532889e-02,-1.690474513005651214e-08,-4.254822503684376755e-01,-2.913290788524748514e-06,1.639619908804237566e-02,-8.447532305767421756e-02,-8.447577978716502844e-02,4.401310376229866650e-02,0.000000000000000000e+00
7.700000000000005729e-01,4.409388998866498738e-02,-1.690917031694673948e-08,-4.248173584106103573e-01,-2.713923429414186978e-06,1.599783680870324812e-02,-8.417558057532210924e-02,-8.417604166614285621e-02,4.409388998866832499e-02,0.000000000000000000e+00
7.750000000000005773e-01,4.417269349043782128e-02,-1.691321301092912951e-08,-4.240997206096038807e-01,-2.515494669196264235e-06,1.560249159813908125e-02,-8.386998095956427202e-02,-8.387044635200713305e-02,4.417269349044115889e-02,0.000000000000000000e+00
7.800000000000005818e-01,4.424952931454564919e-02,-1.691688896029239202e-08,-4.233306905440451517e-01,-2.318013887593353098e-06,1.521015095046564583e-02,-8.355869993475154023e-02,-8.355916956973596932e-02,4.424952931454898680e-02,0.000000000000000000e+00
7.850000000000005862e-01,4.432441244526973828e-02,-1.692021367353118218e-08,-4.225115954639308558e-01,-2.121490127255002879e-06,1.482080231362674187e-02,-8.324190970199875361e-02,-8.324238352106640149e-02,4.432441244527307589e-02,0.000000000000000000e+00
7.900000000000005906e-01,4.439735780401652537e-02,-1.692320241993611195e-08,-4.216437367719110263e-01,-1.925932099845100156e-06,1.443443309169547238e-02,-8.291977900399458146e-02,-8.292025694930371671e-02,4.439735780401986298e-02,0.000000000000000000e+00
7.950000000000005951e-01,4.446838024910470394e-02,-1.692587023001166819e-08,-4.207283904959014942e-01,-1.731348192121346530e-06,1.405103064713581450e-02,-8.259247319148491084e-02,-8.259295520580481331e-02,4.446838024910804155e-02,0.000000000000000000e+00
8.000000000000005995e-01,4.453749457556344798e-02,-1.692823189616775221e-08,-4.197668077532458186e-01,-1.537746472013905239e-06,1.367058230298818025e-02,-8.226015428520735973e-02,-8.226064031191229753e-02,4.453749457556678559e-02,0.000000000000000000e+00
8.050000000000006040e-01,4.460471551494143289e-02,-1.693030197334886970e-08,-4.187602152064633376e-01,-1.345134694680323002e-06,1.329307534502305668e-02,-8.192298104088596711e-02,-8.192347102394931246e-02,4.460471551494477049e-02,0.000000000000000000e+00
8.100000000000006084e-01,4.467005773512643108e-02,-1.693209477993988691e-08,-4.177098155108903699e-01,-1.153520308543249902e-06,1.291849702380917266e-02,-8.158110900604276239e-02,-8.158160289003071886e-02,4.467005773512976868e-02,0.000000000000000000e+00
8.150000000000006128e-01,4.473353584017519119e-02,-1.693362439854643919e-08,-4.166167877542015230e-01,-9.629104613004642544e-07,1.254683455678749782e-02,-8.123469058561728906e-02,-8.123518831568261878e-02,4.473353584017852880e-02,0.000000000000000000e+00
8.200000000000006173e-01,4.479516437015338554e-02,-1.693490467693340042e-08,-4.154822878880540804e-01,-7.733120058819545288e-07,1.217807513022417867e-02,-8.088387509633003514e-02,-8.088437661820575830e-02,4.479516437015672314e-02,0.000000000000000000e+00
8.250000000000006217e-01,4.485495780098536917e-02,-1.693594922911187779e-08,-4.143074491519533886e-01,-5.847315063596657859e-07,1.181220590117391944e-02,-8.052880882677251884e-02,-8.052931408676544667e-02,4.485495780098870677e-02,0.000000000000000000e+00
8.300000000000006262e-01,4.491293054431345216e-02,-1.693677143623229553e-08,-4.130933824894883477e-01,-3.971752438218558617e-07,1.144921399936682516e-02,-8.016963509323976611e-02,-8.017014403822400603e-02,4.491293054431678977e-02,0.000000000000000000e+00
8.350000000000006306e-01,4.496909694736662966e-02,-1.693738444790142527e-08,-4.118411769570771153e-01,-2.106492221530875009e-07,1.108908652906080705e-02,-7.980649429551162077e-02,-7.980700687292210938e-02,4.496909694736996727e-02,0.000000000000000000e+00
8.400000000000006350e-01,4.502347129283832544e-02,-1.693780118335590055e-08,-4.105519001253340461e-01,-2.515917378982938057e-08,1.073181057084748348e-02,-7.943952397173109636e-02,-7.944004012955707683e-02,4.502347129284166305e-02,0.000000000000000000e+00
8.450000000000006395e-01,4.507606779877307290e-02,-1.693803433272630431e-08,-4.092265984732284534e-01,1.592894346251910253e-07,1.037737318341085992e-02,-7.906885885101264111e-02,-7.906937853779116843e-02,4.507606779877641051e-02,0.000000000000000000e+00
8.500000000000006439e-01,4.512690061846193201e-02,-1.693809635830418129e-08,-4.078662977751122964e-01,3.426913966636194919e-07,1.002576140525586121e-02,-7.869463090744124867e-02,-7.869515407225069481e-02,4.512690061846526962e-02,0.000000000000000000e+00
8.550000000000006484e-01,4.517598384034635095e-02,-1.693799949592726777e-08,-4.064720034807804971e-01,5.250417605836169506e-07,9.676962256376882288e-03,-7.831696940987645239e-02,-7.831749600233003927e-02,4.517598384034968856e-02,0.000000000000000000e+00
8.600000000000006528e-01,4.522333148793029195e-02,-1.693775575643621286e-08,-4.050447010886933374e-01,7.063358238925092454e-07,9.330962739908719300e-03,-7.793600097324529519e-02,-7.793653094348462762e-02,4.522333148793362956e-02,0.000000000000000000e+00
8.650000000000006573e-01,4.526895751970049647e-02,-1.693737692705592385e-08,-4.035853565124358222e-01,8.865691279917555541e-07,8.987749843729143581e-03,-7.755184960899130786e-02,-7.755238290768001752e-02,4.526895751970383408e-02,0.000000000000000000e+00
8.700000000000006617e-01,4.531287582905466765e-02,-1.693687457307214874e-08,-4.020949164405994702e-01,1.065737452911463496e-06,8.647310542012849599e-03,-7.716463677181109593e-02,-7.716517335012845757e-02,4.531287582905800526e-02,0.000000000000000000e+00
8.750000000000006661e-01,4.535510024423730635e-02,-1.693626003927386091e-08,-4.005743086901349392e-01,1.243836812115797003e-06,8.309631796773499224e-03,-7.677448140958680056e-02,-7.677502121922151479e-02,4.535510024424064396e-02,0.000000000000000000e+00
8.800000000000006706e-01,4.539564452828313140e-02,-1.693554445160776593e-08,-3.990244425533627237e-01,1.420863447405486414e-06,7.974700559341846642e-03,-7.638150000797899741e-02,-7.638204300112286238e-02,4.539564452828646901e-02,0.000000000000000000e+00
8.850000000000006750e-01,4.543452237896784818e-02,-1.693473871875374970e-08,-3.974462091386812279e-01,1.596813823892232069e-06,7.642503771838143022e-03,-7.598580663867553209e-02,-7.598635276801739280e-02,4.543452237897118579e-02,0.000000000000000000e+00
8.900000000000006795e-01,4.547174742876608500e-02,-1.693385353396848213e-08,-3.958404817051713875e-01,1.771684625070937886e-06,7.313028368581208152e-03,-7.558751300208089996e-02,-7.558806222080043102e-02,4.547174742876942261e-02,0.000000000000000000e+00
8.950000000000006839e-01,4.550733324481642805e-02,-1.693289937660937493e-08,-3.942081159911055566e-01,1.945472747971806170e-06,6.986261277495650276e-03,-7.518672847465812659e-02,-7.518728073641992027e-02,4.550733324481976566e-02,0.000000000000000000e+00
9.000000000000006883e-01,4.554129332889323561e-02,-1.693188651410855885e-08,-3.925499505365598329e-01,2.118175298412901744e-06,6.662189421447241473e-03,-7.478356014900579274e-02,-7.478411540795339152e-02,4.554129332889657322e-02,0.000000000000000000e+00
9.050000000000006928e-01,4.557364111738514134e-02,-1.693082500357207194e-08,-3.908668070001788397e-01,2.289789586324773818e-06,6.340799719590096972e-03,-7.437811287897061474e-02,-7.437867108972065489e-02,4.557364111738847895e-02,0.000000000000000000e+00
9.100000000000006972e-01,4.560438998128019117e-02,-1.692972469365701361e-08,-3.891594904702311841e-01,2.460313121172109503e-06,6.022079088651219672e-03,-7.397048932014874123e-02,-7.397105043778515188e-02,4.560438998128352878e-02,0.000000000000000000e+00
9.150000000000007017e-01,4.563355322615726684e-02,-1.692859522640408054e-08,-3.874287897700249839e-01,2.629743607443833297e-06,5.706014444202249340e-03,-7.356078997191599356e-02,-7.356135395198433458e-02,4.563355322616060444e-02,0.000000000000000000e+00
9.200000000000007061e-01,4.566114409218386544e-02,-1.692744603913813657e-08,-3.856754777578271787e-01,2.798078940239825301e-06,5.392592701889470028e-03,-7.314911321657095733e-02,-7.314968001507272943e-02,4.566114409218720305e-02,0.000000000000000000e+00
9.250000000000007105e-01,4.568717575411988113e-02,-1.692628636631078733e-08,-3.839003116213352551e-01,2.965317200950995164e-06,5.081800778650078475e-03,-7.273555536039526259e-02,-7.273612493378249499e-02,4.568717575412321874e-02,0.000000000000000000e+00
9.300000000000007150e-01,4.571166132132740284e-02,-1.692512524151181210e-08,-3.821040331668447143e-01,3.131456653010213304e-06,4.773625593881072014e-03,-7.232021067087333888e-02,-7.232078297604306594e-02,4.571166132133074045e-02,0.000000000000000000e+00
9.350000000000007194e-01,4.573461383778628514e-02,-1.692397149926417889e-08,-3.802873691031854464e-01,3.296495737732781549e-06,4.468054070601417890e-03,-7.190317141608582041e-02,-7.190374641037475256e-02,4.573461383778962275e-02,0.000000000000000000e+00
9.400000000000007239e-01,4.575604628211545760e-02,-1.692283377704133279e-08,-3.784510313204969001e-01,3.460433070231222038e-06,4.165073136570903063e-03,-7.148452790190973349e-02,-7.148510554308901144e-02,4.575604628211879521e-02,0.000000000000000000e+00
9.450000000000007283e-01,4.577597156759970892e-02,-1.692172051725644953e-08,-3.765957171640055834e-01,3.623267435414685128e-06,3.864669725385388305e-03,-7.106436850721287168e-02,-7.106494875348276508e-02,4.577597156760304653e-02,0.000000000000000000e+00
9.500000000000007327e-01,4.579440254222198747e-02,-1.692063996921663977e-08,-3.747221097028100578e-01,3.784997784070605470e-06,3.566830777565965609e-03,-7.064277972264562666e-02,-7.064336253263059362e-02,4.579440254222532508e-02,0.000000000000000000e+00
9.550000000000007372e-01,4.581135198870091296e-02,-1.691960019107501922e-08,-3.728308779938140360e-01,3.945623229020322283e-06,3.271543241587595869e-03,-7.021984618346217843e-02,-7.022043151620570300e-02,4.581135198870425057e-02,0.000000000000000000e+00
9.600000000000007416e-01,4.582683262453349921e-02,-1.691860905205012689e-08,-3.709226773409063371e-01,4.105143041349637040e-06,2.978794074916084507e-03,-6.979565070509775870e-02,-6.979623852005749363e-02,4.582683262453683681e-02,0.000000000000000000e+00
9.650000000000007461e-01,4.584085710204294922e-02,-1.691767423418051083e-08,-3.689981495494127905e-01,4.263556646723470110e-06,2.688570245009916371e-03,-6.937027431852635373e-02,-6.937086457556923547e-02,4.584085710204628683e-02,0.000000000000000000e+00
9.700000000000007505e-01,4.585343800843132839e-02,-1.691680323455312620e-08,-3.670579231759714123e-01,4.420863621765519111e-06,2.400858730282286971e-03,-6.894379630139299553e-02,-6.894438896079044254e-02,4.585343800843466600e-02,0.000000000000000000e+00
9.750000000000007550e-01,4.586458786583709479e-02,-1.691600336738200378e-08,-3.651026137738697663e-01,4.577063690515221319e-06,2.115646521069954218e-03,-6.851629421277642684e-02,-6.851688923519970442e-02,4.586458786584043240e-02,0.000000000000000000e+00
9.800000000000007594e-01,4.587431913139731338e-02,-1.691528176589707720e-08,-3.631328241339378260e-01,4.732156720961998933e-06,1.832920620554852982e-03,-6.808784392434730215e-02,-6.808844127086283171e-02,4.587431913140065098e-02,0.000000000000000000e+00
9.850000000000007638e-01,4.588264419731449134e-02,-1.691464538437555983e-08,-3.611491445211105211e-01,4.886142721641211532e-06,1.552668045677489022e-03,-6.765851965194576156e-02,-6.765911928401065201e-02,4.588264419731782895e-02,0.000000000000000000e+00
9.900000000000007683e-01,4.588957539092784060e-02,-1.691410100050610306e-08,-3.591521529066459828e-01,5.039021838296963157e-06,1.274875828029624434e-03,-6.722839398851461479e-02,-6.722899586797213833e-02,4.588957539093117821e-02,0.000000000000000000e+00
9.950000000000007727e-01,4.589512497478898806e-02,-1.691365521721747102e-08,-3.571424151962038773e-01,5.190794350622622122e-06,9.995310147017895993e-04,-6.679753793083616220e-02,-6.679814201991136902e-02,4.589512497479232567e-02,0.000000000000000000e+00
1.000000000000000666e+00,4.589930514674192552e-02,-1.691331446486135763e-08,-3.551204854537554634e-01,5.341460669061643635e-06,7.266206691583284444e-04,-6.636602091364636469e-02,-6.636662717494175301e-02,4.589930514674526313e-02,2.999999999999999737e-04
1.005000000000000115e+00,4.590212804000710911e-02,-1.691308500319028468e-08,-3.530869061214401694e-01,5.491021331676543011e-06,4.561318720384690238e-04,-3.231032391960127370e+00,-3.231033000356618778e+00,4.590212804001044672e-02,1.799999999999999734e-03
1.009999999999999565e+00,4.578173964884256486e-02,-1.693061145514427652e-08,-3.377876648447953323e-01,7.371957266713164988e-06,-4.040195189557320432e-02,-3.238981166717528115e+00,-3.238989464041723831e+00,4.578173964884590247e-02,3.299999999999999548e-03
1.014999999999999014e+00,4.545730954623102005e-02,-1.699872555788505278e-08,-3.004582150966618181e-01,1.138753197320655710e-05,-8.119352460705502039e-02,-2.872313828186519036e+00,-2.872327289794005534e+00,4.545730954623435072e-02,4.799999999999999580e-03
1.019999999999998463e+00,4.494330029640046520e-02,-1.714400986989828477e-08,-2.426887569715328596e-01,1.663049693447910253e-05,-1.172053024883367711e-01,-1.958084184498210201e+00,-1.958100350273846990e+00,4.494330029640376117e-02,6.299999999999999177e-03
1.024999999999997913e+00,4.428443762773096037e-02,-1.738136718655009934e-08,-1.693413562919805215e-01,2.211587550317722984e-05,-1.414968471474181422e-01,-1.062964203721568301e+00,-1.062980181517526601e+00,4.428443762773422165e-02,7.799999999999998775e-03
1.029999999999997362e+00,4.353829623212979172e-02,-1.770536041119806785e-08,-8.665538118353198482e-02,2.704833877560948978e-05,-1.544054974247224543e-01,-3.138297647333009310e-01,-3.138436974668467050e-01,4.353829623213298361e-02,9.299999999999999239e-03
1.034999999999996811e+00,4.275596745971160101e-02,-1.809350386717263142e-08,-1.498278937307411884e-04,3.098893165830156083e-05,-1.578680255426377077e-01,1.964478010468483915e-01,1.964368264396951780e-01,4.275596745971468882e-02,1.079999999999999884e-02
1.039999999999996261e+00,4.197536561280291317e-02,-1.851552533310876864e-08,8.609835018092644454e-02,3.381177514079300878e-05,-1.549858610668151948e-01,4.834816659861858601e-01,4.834737387168270284e-01,4.197536561280588996e-02,1.229999999999999843e-02
1.044999999999995710e+00,4.121957793054824293e-02,-1.894340508485869849e-08,1.696279051880128785e-01,3.561180303066151356e-05,-1.486350124651452664e-01,5.951811573728125193e-01,5.951758660985426719e-01,4.121957793055109481e-02,1.379999999999999803e-02
1.049999999999995159e+00,4.049921168626181150e-02,-1.935728607496503740e-08,2.493338083266815886e-01,3.659760977276560804e-05,-1.410593007296007395e-01,5.941026116903064258e-01,5.940993225170611014e-01,4.049921168626454543e-02,1.529999999999999763e-02
1.054999999999994609e+00,3.981609636523054940e-02,-1.974683980915281630e-08,3.250621367521485117e-01,3.700629996466248855e-05,-1.336897814300291587e-01,5.357203334066414913e-01,5.357184021265309903e-01,3.981609636523317924e-02,1.680000000000000243e-02
1.059999999999994058e+00,3.916705476895725180e-02,-2.010951046753714189e-08,3.971989540599404345e-01,3.704834050922733616e-05,-1.272419841853895672e-01,4.611966588028813541e-01,4.611955523557493275e-01,3.916705476895978449e-02,1.830000000000001070e-02
1.064999999999993507e+00,3.854691580082675317e-02,-2.044759214969527366e-08,4.663427014592733677e-01,3.688150298385584075e-05,-1.219038850856332817e-01,3.955001505581453025e-01,3.954994944698905779e-01,3.854691580082918873e-02,1.980000000000001897e-02
1.069999999999992957e+00,3.795052098177771616e-02,-2.076548368089054098e-08,5.330866090559933657e-01,3.660637619101676153e-05,-1.175460756166334941e-01,3.499804757680410328e-01,3.499800497456004855e-01,3.795052098178007538e-02,2.130000000000002724e-02
1.074999999999992406e+00,3.737378426175572838e-02,-2.106774034432464722e-08,5.979042813993705741e-01,3.627488010962038760e-05,-1.138973076827967251e-01,3.264160891257065766e-01,3.264157949376049195e-01,3.737378426175800433e-02,2.280000000000003552e-02
1.079999999999991855e+00,3.681403325283695571e-02,-2.135800411929661298e-08,6.611134026233016492e-01,3.590428723242768952e-05,-1.106670694316400361e-01,3.211462772773004404e-01,3.211460976244890353e-01,3.681403325283915534e-02,2.430000000000004379e-02
1.084999999999991305e+00,3.626989840145890265e-02,-2.163863203745682716e-08,7.228884469822921544e-01,3.549151384710066195e-05,-1.076146149721676631e-01,3.283700413980419897e-01,3.283700019850814278e-01,3.626989840146103289e-02,2.580000000000005206e-02
1.089999999999990754e+00,3.574098453098401018e-02,-2.191076890917674593e-08,7.832968587815997141e-01,3.502474493974905572e-05,-1.045755239971949691e-01,3.423416011772160150e-01,3.423417419947191176e-01,3.574098453098607103e-02,2.730000000000006033e-02
1.094999999999990203e+00,3.522749385898425734e-02,-2.217463736448963122e-08,8.423403265080351421e-01,3.449132331797305387e-05,-1.014601866933726310e-01,3.585269949551045388e-01,3.585273522173544336e-01,3.522749385898624880e-02,2.880000000000006860e-02
1.099999999999989653e+00,3.472990049818113628e-02,-2.242988149953289768e-08,8.999903178355342925e-01,3.388206544387408007e-05,-9.823765470124719290e-02,3.739725472687577823e-01,3.739731446626461397e-01,3.472990049818305835e-02,3.030000000000007687e-02
1.104999999999989102e+00,3.424871919229069417e-02,-2.267586737794469286e-08,9.562132755790507810e-01,3.319280334831608892e-05,-9.491498962683997398e-02,3.871778261629415518e-01,3.871786728284504764e-01,3.424871919229254685e-02,3.180000000000008514e-02
1.109999999999988551e+00,3.378437181894552999e-02,-2.291189883040659795e-08,1.010985133641683298e+00,3.242413578566902456e-05,-9.151843266641528085e-02,3.977305461101297013e-01,3.977316386219729161e-01,3.378437181894732022e-02,3.330000000000009341e-02
1.114999999999988001e+00,3.333713356003119299e-02,-2.313734500561124730e-08,1.064297152710579342e+00,3.158027380349652372e-05,-8.807939350504570553e-02,4.058890453542458587e-01,4.058903714413660824e-01,3.333713356003291384e-02,3.480000000000010169e-02
1.119999999999987450e+00,3.290713280122822826e-02,-2.335169706027620683e-08,1.116155915456175540e+00,3.066763572150479900e-05,-8.462587428710585669e-02,4.122220509859597093e-01,4.122235934303812299e-01,3.290713280122991441e-02,3.630000000000010996e-02
1.124999999999986899e+00,3.249437993500172567e-02,-2.355457858345038853e-08,1.166580189684411462e+00,2.969359166934398340e-05,-8.117854786421334345e-02,4.173525371672960338e-01,4.173542770143983116e-01,3.249437993500337712e-02,3.780000000000011823e-02
1.129999999999986349e+00,3.209880590072076989e-02,-2.374573255790162919e-08,1.215596745302303550e+00,2.866554108773784182e-05,-7.775012418136738324e-02,4.218094125640015069e-01,4.218113313199512993e-01,3.209880590072237277e-02,3.930000000000012650e-02
1.134999999999985798e+00,3.172029822547036554e-02,-2.392500147435478677e-08,1.263236453343934196e+00,2.759035394755693100e-05,-7.434660505051408907e-02,4.259670357016528963e-01,4.259691165491555354e-01,3.172029822547193373e-02,4.080000000000013477e-02
1.139999999999985247e+00,3.135872852327099836e-02,-2.409231014567802137e-08,1.309531320169288415e+00,2.647411885517642408e-05,-7.096929512789326711e-02,4.300439776875327746e-01,4.300462059341351173e-01,3.135872852327253185e-02,4.230000000000014304e-02
1.144999999999984697e+00,3.101396994891267300e-02,-2.424765489812670456e-08,1.354512616478842801e+00,2.532210605463307193e-05,-6.761681050475780441e-02,4.341337033681246238e-01,4.341360663954150212e-01,3.101396994891417180e-02,4.380000000000015131e-02
1.149999999999984146e+00,3.068590583252218951e-02,-2.439109896622638926e-08,1.398209964828344365e+00,2.413885324317515470e-05,-6.428668027613824998e-02,4.382460821943479634e-01,4.382485691508273828e-01,3.068590583252365361e-02,4.530000000000015958e-02
1.154999999999983595e+00,3.037443192957974686e-02,-2.452277202648734634e-08,1.440651119055765816e+00,2.292830071576863632e-05,-6.097640775110702016e-02,4.423462678673830695e-01,4.423488692849878445e-01,3.037443192958117974e-02,4.680000000000016785e-02
1.159999999999983045e+00,3.007945487180031796e-02,-2.464287138826984412e-08,1.481862153688311423e+00,2.169392712604217491e-05,-5.768402986909147018e-02,4.463842982776844992e-01,4.463870057220908349e-01,3.007945487180172656e-02,4.830000000000017613e-02
1.164999999999982494e+00,2.980088895992033526e-02,-2.475166280819437931e-08,1.521867830482585893e+00,2.043886017110149459e-05,-5.440829723485347130e-02,4.503137556835054012e-01,4.503165614889623747e-01,2.980088895992171957e-02,4.980000000000018440e-02
1.169999999999981943e+00,2.953865276809682430e-02,-2.484947968862205002e-08,1.560691982703633851e+00,1.916595391232191198e-05,-5.114861698791251660e-02,4.541008257999790687e-01,4.541037228976750328e-01,2.953865276809818780e-02,5.130000000000019267e-02
1.174999999999981393e+00,2.929266637387953690e-02,-2.493672020797670154e-08,1.598357829240558914e+00,1.787783532271137657e-05,-4.790488234102107529e-02,4.577264209283589125e-01,4.577294027534732912e-01,2.929266637388088304e-02,5.280000000000020094e-02
1.179999999999980842e+00,2.906284951369817252e-02,-2.501384252293690703e-08,1.634888186552312384e+00,1.657692784432790450e-05,-4.467727762967142052e-02,4.611841966911208179e-01,4.611872571442179880e-01,2.906284951369950131e-02,5.430000000000020921e-02
1.184999999999980291e+00,2.884912062988121556e-02,-2.508135852732854679e-08,1.670305582646235187e+00,1.526546085803888548e-05,-4.146611099774954318e-02,4.644768034510058929e-01,4.644799368894913516e-01,2.884912062988253395e-02,5.580000000000021748e-02
1.189999999999979741e+00,2.865139660514749720e-02,-2.513982677484210883e-08,1.704632295646067774e+00,1.394547269654084471e-05,-3.827169668886761661e-02,4.676119764976793269e-01,4.676151777381563623e-01,2.865139660514880518e-02,5.730000000000022575e-02
1.194999999999979190e+00,2.846959293225087562e-02,-2.518984514034150368e-08,1.737890344619328342e+00,1.261881255693764219e-05,-3.509428839696823732e-02,4.705993498985108214e-01,4.706026142176158444e-01,2.846959293225216972e-02,5.880000000000023402e-02
1.199999999999978639e+00,2.830362409280337901e-02,-2.523204367426729085e-08,1.770101457362462050e+00,1.128714433124343969e-05,-3.193405392794469722e-02,4.734483157567914713e-01,4.734516388842979762e-01,2.830362409280465924e-02,6.030000000000024230e-02
1.204999999999978089e+00,2.815340397991174595e-02,-2.526707795855489519e-08,1.801287033179395092e+00,9.951953486150606488e-06,-2.879107746423700820e-02,4.761668853885372976e-01,4.761702634911630372e-01,2.815340397991302271e-02,6.180000000000025057e-02
1.209999999999977538e+00,2.801884626567808720e-02,-2.529562313449842867e-08,1.831468111426218348e+00,8.614556867829166473e-06,-2.566537642615516687e-02,4.787613235418710089e-01,4.787647531990668059e-01,2.801884626567936395e-02,6.330000000000024496e-02
1.214999999999976987e+00,2.789986467051103550e-02,-2.531836866649233501e-08,1.860665350499812076e+00,7.276114649072356710e-06,-2.255692296247148801e-02,4.812362749368300774e-01,4.812397531111258786e-01,2.789986467051230531e-02,6.480000000000021854e-02
1.219999999999976437e+00,2.779637313003037458e-02,-2.533601383279617980e-08,1.888899017722833973e+00,5.937643435107978730e-06,-1.946566376450559535e-02,4.835951322549352782e-01,4.835986562596096827e-01,2.779637313003164439e-02,6.630000000000019211e-02
1.224999999999975886e+00,2.770828587713302163e-02,-2.534926389315587514e-08,1.916188988213968658e+00,4.600029631574282855e-06,-1.639153514247625870e-02,4.858404618919185958e-01,4.858440293583164427e-01,2.770828587713429145e-02,6.780000000000016569e-02
1.229999999999975335e+00,2.763551746500930023e-02,-2.535882686425806344e-08,1.942554749945598846e+00,3.264042403916572849e-06,-1.333447266260091683e-02,4.879743771813420117e-01,4.879779860274660597e-01,2.763551746501057005e-02,6.930000000000013927e-02
1.234999999999974785e+00,2.757798275618694381e-02,-2.536541083085322250e-08,1.968015412274638942e+00,1.930345813845534998e-06,-1.029441604922192582e-02,4.899988104661975874e-01,4.900024588675016557e-01,2.757798275618821363e-02,7.080000000000011284e-02
1.239999999999974234e+00,2.753559689732777011e-02,-2.536972172405827067e-08,1.992589715817985940e+00,5.995099404401905226e-07,-7.271310666653220921e-03,4.919156782515367587e-01,4.919193646142857035e-01,2.753559689732903992e-02,7.230000000000008642e-02
1.244999999999973683e+00,2.750827529274566668e-02,-2.537246150587983176e-08,2.016296042280081302e+00,-7.279790460759321277e-07,-4.265106956942562796e-03,4.937269577429199696e-01,4.937306806801049497e-01,2.750827529274693650e-02,7.380000000000006000e-02
1.249999999999973133e+00,2.749593358346701100e-02,-2.537432670576043551e-08,2.039152423507585077e+00,-2.051709794252275992e-06,-1.275758965791550783e-03,4.954347022417744384e-01,4.954384605513644235e-01,2.749593358346828081e-02,7.530000000000003357e-02
1.254999999999972582e+00,2.749848763406804661e-02,-2.537600726108139609e-08,2.061176549543004999e+00,-3.371337558550852519e-06,1.696777268738336279e-03,4.970410221869271394e-01,4.970448148321642279e-01,2.749848763406931643e-02,7.680000000000000715e-02
1.259999999999972031e+00,2.751585352668795351e-02,-2.537818561851480708e-08,2.082385775754987289e+00,-4.686576750498716792e-06,4.652545035589725729e-03,4.985480528791259025e-01,4.985518789705784548e-01,2.751585352668922332e-02,7.829999999999998073e-02
1.264999999999971481e+00,2.754794756027935040e-02,-2.538153605735872818e-08,2.102797129265713938e+00,-5.997194154365808665e-06,7.591587818332317175e-03,4.999579226079168270e-01,4.999617813870552707e-01,2.754794756028062369e-02,7.979999999999995430e-02
1.269999999999970930e+00,2.759468625288161517e-02,-2.538672419818834447e-08,2.122427314923791553e+00,-7.303002729234310754e-06,1.051394972539985290e-02,5.012727282345199598e-01,5.012766190586392945e-01,2.759468625288288846e-02,8.129999999999992788e-02
1.274999999999970379e+00,2.765598634503875150e-02,-2.539440666495860553e-08,2.141292721032823199e+00,-8.603855940112609384e-06,1.341967558551445359e-02,5.024945203419355355e-01,5.024984426703045237e-01,2.765598634504002479e-02,8.279999999999990146e-02
1.279999999999969829e+00,2.773176480307108435e-02,-2.540523087070306000e-08,2.159409424980448300e+00,-9.899642577211625909e-06,1.630881083581778301e-02,5.036252970241236193e-01,5.036292504052771735e-01,2.773176480307235764e-02,8.429999999999987503e-02
1.284999999999969278e+00,2.782193882150661365e-02,-2.541983490124852057e-08,2.176793198847270627e+00,-1.119028203313338712e-05,1.918140131660705031e-02,5.046670039533832641e-01,5.046709880134977455e-01,2.782193882150789041e-02,8.579999999999984861e-02
1.289999999999968727e+00,2.792642582445255608e-02,-2.543884747430516262e-08,2.193459515022644801e+00,-1.247572001338650315e-05,2.203749305507971337e-02,5.056215381456743430e-01,5.056255525779780324e-01,2.792642582445383284e-02,8.729999999999982219e-02
1.294999999999968177e+00,2.804514346599798827e-02,-2.546288795515764081e-08,2.209423551820364651e+00,-1.375592465746852935e-05,2.487713208664207518e-02,5.064907532131235346e-01,5.064947977682920932e-01,2.804514346599926503e-02,8.879999999999979576e-02
1.299999999999967626e+00,2.817800962989490052e-02,-2.549256641356278366e-08,2.224700199069927109e+00,-1.503088304751022255e-05,2.770036433357636954e-02,5.072764645942491324e-01,5.072805390717352036e-01,2.817800962989618074e-02,9.029999999999976934e-02
1.304999999999967075e+00,2.832494242880522275e-02,-2.552848370895869594e-08,2.239304063654611987e+00,-1.630059808048588612e-05,3.050723554132536708e-02,5.079804539107590777e-01,5.079845581510014085e-01,2.832494242880650992e-02,9.179999999999974292e-02
1.309999999999966525e+00,2.848586020336980190e-02,-2.557123159407318360e-08,2.253249474970834054e+00,-1.756508567884236972e-05,3.329779126168590925e-02,5.086044721551661318e-01,5.086086060326169278e-01,2.848586020337109254e-02,9.329999999999971649e-02
1.314999999999965974e+00,2.866068152129032376e-02,-2.562139282983868547e-08,2.266550490290097919e+00,-1.882437231380208723e-05,3.607207686840820104e-02,5.091502417571793782e-01,5.091544051740903853e-01,2.866068152129162827e-02,9.479999999999969007e-02
1.319999999999965423e+00,2.884932517654464901e-02,-2.567954130546700212e-08,2.279220900012594697e+00,-2.007849281585314852e-05,3.883013759131554582e-02,5.096194577597967790e-01,5.096236506407032518e-01,2.884932517654596046e-02,9.629999999999966365e-02
1.324999999999964873e+00,2.905171018879523087e-02,-2.574624215963772086e-08,2.291274232807746447e+00,-2.132748844755339422e-05,4.157201855800689988e-02,5.100137884045242709e-01,5.100180106913662081e-01,2.905171018879654926e-02,9.779999999999963722e-02
1.329999999999964322e+00,2.926775580300726085e-02,-2.582205189992399819e-08,2.302723760641703254e+00,-2.257140521495571751e-05,4.429776483601002152e-02,5.103348753751810740e-01,5.103391270230077659e-01,2.926775580300858964e-02,9.929999999999961080e-02
1.334999999999963771e+00,2.949738148926683845e-02,-2.590751851861138493e-08,2.313582503694575632e+00,-2.381029239552805829e-05,4.700742147140093280e-02,5.105843339050442076e-01,5.105886148782463607e-01,2.949738148926818460e-02,1.007999999999995844e-01
1.339999999999963221e+00,2.974050694277724158e-02,-2.600318160339847449e-08,2.323863235171249819e+00,-2.504420126192721149e-05,4.970103352247219608e-02,5.107637528729809251e-01,5.107680631420046247e-01,2.974050694277860507e-02,1.022999999999995580e-01
1.344999999999962670e+00,2.999705208400900783e-02,-2.610957244251958444e-08,2.333578486010046138e+00,-2.627318398275868232e-05,5.237864608858376625e-02,5.108746949419687988e-01,5.108790344804640116e-01,2.999705208401039214e-02,1.037999999999995315e-01
1.349999999999962119e+00,3.026693705898201095e-02,-2.622721412384176488e-08,2.342740549492961843e+00,-2.749729268275143221e-05,5.504030433496097385e-02,5.109186967708683191e-01,5.109230655532315257e-01,3.026693705898341608e-02,1.052999999999995051e-01
1.354999999999961569e+00,3.055008223966267783e-02,-2.635662162810642015e-08,2.351361485760761649e+00,-2.871657864634065240e-05,5.768605351455451807e-02,5.108972692814979233e-01,5.109016672807700221e-01,3.055008223966411071e-02,1.067999999999994787e-01
1.359999999999961018e+00,3.084640822446415784e-02,-2.649830191590299269e-08,2.359453126235521392e+00,-2.993109164995791561e-05,6.031593898781129059e-02,5.108118979685108973e-01,5.108163251545950745e-01,3.084640822446562888e-02,1.082999999999994523e-01
1.364999999999960467e+00,3.115583583884107971e-02,-2.665275400923744503e-08,2.367027077952971847e+00,-3.114087940962492442e-05,6.293000624101748042e-02,5.106640432249867079e-01,5.106684995631551871e-01,3.115583583884258545e-02,1.097999999999994258e-01
1.369999999999959917e+00,3.147828613597249831e-02,-2.682046906781590147e-08,2.374094727806461691e+00,-3.234598713124470866e-05,6.552830090350920955e-02,5.104551406785321488e-01,5.104596261281905134e-01,3.147828613597405262e-02,1.112999999999993994e-01
1.374999999999959366e+00,3.181368039752821564e-02,-2.700193046019819498e-08,2.380667246704426532e+00,-3.354645715224241254e-05,6.811086876396564571e-02,5.101866015117909603e-01,5.101911160254722910e-01,3.181368039752981852e-02,1.127999999999993730e-01
1.379999999999958815e+00,3.216194013451332406e-02,-2.719761383035964513e-08,2.386755593643139495e+00,-3.474232866432396726e-05,7.067775578565570205e-02,5.098598127761065912e-01,5.098643562986721056e-01,3.216194013451498246e-02,1.142999999999993466e-01
1.384999999999958264e+00,3.252298708818577438e-02,-2.740798716020743658e-08,2.392370519696477515e+00,-3.593363750754508852e-05,7.322900812061525211e-02,5.094761376926124630e-01,5.094807101606324551e-01,3.252298708818749523e-02,1.157999999999993201e-01
1.389999999999957714e+00,3.289674323104131021e-02,-2.763351082800899469e-08,2.397522571924576962e+00,-3.712041602682491847e-05,7.576467212265387829e-02,5.090369159400830457e-01,5.090415172813796962e-01,3.289674323104310044e-02,1.172999999999992937e-01
1.394999999999957163e+00,3.328313076785952701e-02,-2.787463766321883680e-08,2.402222097203150941e+00,-3.830269298360207495e-05,7.828479435907828576e-02,5.085434639391436251e-01,5.085480940724752541e-01,3.328313076786140745e-02,1.187999999999992673e-01
1.399999999999956612e+00,3.368207213680474849e-02,-2.813181299797188548e-08,2.406479245975412962e+00,-3.948049351475364164e-05,8.078942162113975090e-02,5.079970751283093833e-01,5.080017339631770490e-01,3.368207213680671219e-02,1.202999999999992409e-01
1.404999999999956062e+00,3.409349001057506573e-02,-2.840547471545283501e-08,2.410303975928372644e+00,-4.065383913245453350e-05,8.327860093315359036e-02,5.073990202433698027e-01,5.074037076799322588e-01,3.409349001057713352e-02,1.217999999999992145e-01
1.409999999999955511e+00,3.451730729759331512e-02,-2.869605329575437949e-08,2.413706055595401079e+00,-4.182274775938338442e-05,8.575237956038432585e-02,5.067505475928546499e-01,5.067552635219367829e-01,3.451730729759548005e-02,1.232999999999991880e-01
1.414999999999954960e+00,3.495344714323370128e-02,-2.900397185879114119e-08,2.416695067886755588e+00,-4.298723379344718081e-05,8.821080501569585064e-02,5.060528833391759740e-01,5.060576276423558451e-01,3.495344714323597723e-02,1.247999999999991616e-01
1.419999999999954410e+00,3.540183293107837526e-02,-2.932964620502110044e-08,2.419280413549935282e+00,-4.414730819774726004e-05,9.065392506508890280e-02,5.053072317763179777e-01,5.053120043260826977e-01,3.540183293108076917e-02,1.262999999999991352e-01
1.424999999999953859e+00,3.586238828419827107e-02,-2.967348485409606302e-08,2.421471314561403521e+00,-4.530297861111947505e-05,9.308178773213007795e-02,5.045147756178069987e-01,5.045195762777658910e-01,3.586238828420078989e-02,1.277999999999991088e-01
1.429999999999953308e+00,3.633503706645337811e-02,-3.003588908142280836e-08,2.423276817451404330e+00,-4.645424947577077697e-05,9.549444130145318121e-02,5.036766762774259609e-01,5.036815049025710200e-01,3.633503706645603570e-02,1.292999999999990823e-01
1.434999999999952758e+00,3.681970338380746721e-02,-3.041725295283979779e-08,2.424705796563375593e+00,-4.760112217845886530e-05,9.789193432128850958e-02,5.027940741579546291e-01,5.027989305949609466e-01,3.681970338381027746e-02,1.307999999999990559e-01
1.439999999999952207e+00,3.731631158565312800e-02,-3.081796335804613717e-08,2.425766957249582578e+00,-4.874359520210273713e-05,1.002743156051722345e-01,5.018680889357759467e-01,5.018729730233330022e-01,3.731631158565610479e-02,1.322999999999990295e-01
1.444999999999951656e+00,3.782478626614272504e-02,-3.123840004233885583e-08,2.426468839004318312e+00,-4.988166428533656220e-05,1.026416342328328318e-01,5.008998198527742085e-01,5.009047314219429170e-01,3.782478626614587530e-02,1.337999999999990031e-01
1.449999999999951106e+00,3.834505226552178264e-02,-3.167893563728668279e-08,2.426819818536220641e+00,-5.101532258769203099e-05,1.049939395503979994e-01,4.998903459999717858e-01,4.998952848745586430e-01,3.834505226552512719e-02,1.352999999999989766e-01
1.454999999999950555e+00,3.887703467146122471e-02,-3.213993569047033303e-08,2.426828112781007629e+00,-5.214456085815685413e-05,1.073312811698665103e-01,4.988407266090394421e-01,4.988456926059864349e-01,3.887703467146477049e-02,1.367999999999989502e-01
1.459999999999950004e+00,3.942065882038510438e-02,-3.262175869428066816e-08,2.426501781856037709e+00,-5.326936760564186416e-05,1.096537089679982813e-01,4.977520013376634522e-01,4.977569942674460735e-01,3.942065882038886526e-02,1.382999999999989238e-01
1.464999999999949454e+00,3.997585029879101998e-02,-3.312475611394388003e-08,2.425848731957972682e+00,-5.438972926933139626e-05,1.119612730845947063e-01,4.966251905585974402e-01,4.966302102256261453e-01,3.997585029879501678e-02,1.397999999999988974e-01
1.469999999999948903e+00,4.054253494456034473e-02,-3.364927241551045695e-08,2.424876718204794113e+00,-5.550563038795884504e-05,1.142540239202695512e-01,4.954612956456339590e-01,4.954663418486587312e-01,4.054253494456458440e-02,1.412999999999988709e-01
1.474999999999948352e+00,4.112063884825577914e-02,-3.419564509299967799e-08,2.423593347423459665e+00,-5.661705376694761027e-05,1.165320121337231341e-01,4.942612992583003684e-01,4.942663717908128418e-01,4.112063884826027554e-02,1.427999999999988445e-01
1.479999999999947802e+00,4.171008835440392221e-02,-3.476420469561627053e-08,2.422006080884327783e+00,-5.772398064210772884e-05,1.187952886385573587e-01,4.930261656283054239e-01,4.930312642789368982e-01,4.171008835440869617e-02,1.442999999999988181e-01
1.484999999999947251e+00,4.231081006276071754e-02,-3.535527485531531079e-08,2.420122236983584418e+00,-5.882639083922119850e-05,1.210439045997071111e-01,4.917568408404852653e-01,4.917619653933969492e-01,4.231081006276577600e-02,1.457999999999987917e-01
1.489999999999946700e+00,4.292273082955781055e-02,-3.596917231397464372e-08,2.417948993874713182e+00,-5.992426292905272733e-05,1.232779114294716843e-01,4.904542531174660991e-01,4.904594033527333585e-01,4.292273082956317432e-02,1.472999999999987653e-01
1.494999999999946150e+00,4.354577776872819994e-02,-3.660620695133214061e-08,2.415493392050230170e+00,-6.101757437696731613e-05,1.254973607832476912e-01,4.891193130964430202e-01,4.891244887904265259e-01,4.354577776873388983e-02,1.487999999999987388e-01
1.499999999999945599e+00,4.417987825310942807e-02,-3.726668181293086446e-08,2.412762336874544111e+00,-6.210630168701378141e-05,1.277023045549170455e-01,4.877529141127057710e-01,4.877581150384149855e-01,4.417987825311546490e-02,1.502999999999987124e-01
1.504999999999945048e+00,4.482495991562313736e-02,-3.795089313913102047e-08,2.409762601069222576e+00,-6.319042053970304654e-05,1.298927948720305647e-01,4.863559324681540619e-01,4.863611583955946283e-01,4.482495991562954196e-02,1.517999999999986860e-01
1.509999999999944498e+00,4.548095065042946639e-02,-3.865913039429802979e-08,2.406500827151468513e+00,-6.426990592381928225e-05,1.320688840906495687e-01,4.849292277133834261e-01,4.849344784098946759e-01,4.548095065043625262e-02,1.532999999999986596e-01
1.514999999999943947e+00,4.614777861405525844e-02,-3.939167629698290901e-08,2.402983529826888898e+00,-6.534473226158765929e-05,1.342306247900738603e-01,4.834736429145921055e-01,4.834789181451688012e-01,4.614777861406245407e-02,1.547999999999986331e-01
1.519999999999943396e+00,4.682537222649521547e-02,-4.014880685098832187e-08,2.399217098337480536e+00,-6.641487352752295753e-05,1.363780697673154241e-01,4.819900049247695661e-01,4.819953044523709873e-01,4.682537222650283437e-02,1.562999999999986067e-01
1.524999999999942846e+00,4.751366017228485922e-02,-4.093079137719119677e-08,2.395207798765730534e+00,-6.748030336052068844e-05,1.385112720314279899e-01,4.804791246509419467e-01,4.804844482367854330e-01,4.751366017229291527e-02,1.577999999999985803e-01
1.529999999999942295e+00,4.821257140154475151e-02,-4.173789254637812442e-08,2.390961776295789321e+00,-6.854099516971381121e-05,1.406302847976954873e-01,4.789417973169341480e-01,4.789471447207755417e-01,4.821257140155327942e-02,1.592999999999985539e-01
1.534999999999941744e+00,4.892203513099521728e-02,-4.257036641329773669e-08,2.386485057432543133e+00,-6.959692223362067681e-05,1.427351614816756709e-01,4.773788027269858514e-01,4.773841737073843960e-01,4.892203513100423090e-02,1.607999999999985274e-01
1.539999999999941194e+00,4.964198084494095276e-02,-4.342846245159725550e-08,2.381783552179441710e+00,-7.064805779286214887e-05,1.448259556931646708e-01,4.757909055232884543e-01,4.757962998378568176e-01,4.964198084495048680e-02,1.622999999999985010e-01
1.544999999999940643e+00,5.037233829622521364e-02,-4.431242359005097869e-08,2.376863056175968936e+00,-7.169437513678016865e-05,1.469027212300565988e-01,4.741788554412367795e-01,4.741842728468788626e-01,5.037233829623527503e-02,1.637999999999984746e-01
1.549999999999940092e+00,5.111303750715294469e-02,-4.522248624961801118e-08,2.371729252795464760e+00,-7.273584768410661149e-05,1.489655120721236348e-01,4.725433875648606397e-01,4.725488278179931778e-01,5.111303750716356120e-02,1.652999999999984482e-01
1.554999999999939542e+00,5.186400877038278845e-02,-4.615888038201093085e-08,2.366387715204207876e+00,-7.377244905736203952e-05,1.510143823747700509e-01,4.708852225726877783e-01,4.708906854294500621e-01,5.186400877039398782e-02,1.667999999999984218e-01
1.559999999999938991e+00,5.262518264978752885e-02,-4.712182950929068777e-08,2.360843908382446177e+00,-7.480415315184543745e-05,1.530493864626915890e-01,4.692050669885741709e-01,4.692105522050226685e-01,5.262518264979933885e-02,1.682999999999983953e-01
1.564999999999938440e+00,5.339648998128284502e-02,-4.811155076451106324e-08,2.355103191108141036e+00,-7.583093419881754426e-05,1.550705788235548499e-01,4.675036134233906404e-01,4.675091207556829609e-01,5.339648998129529339e-02,1.697999999999983689e-01
1.569999999999937890e+00,5.417786187362434724e-02,-4.912825493374615504e-08,2.349170817904191466e+00,-7.685276682377009281e-05,1.570780141016313303e-01,4.657815408153457848e-01,4.657870700199089886e-01,5.417786187363746175e-02,1.712999999999983425e-01
1.574999999999937339e+00,5.496922970917269419e-02,-5.017214649910916908e-08,2.343051940949825163e+00,-7.786962609917599961e-05,1.590717470914198017e-01,4.640395146684345162e-01,4.640450655021252091e-01,5.496922970918649565e-02,1.727999999999983161e-01
1.579999999999936788e+00,5.577052514462685351e-02,-5.124342368302363538e-08,2.336751611956849217e+00,-7.888148759277718164e-05,1.610518327312838449e-01,4.622781872860712848e-01,4.622837595063208349e-01,5.577052514464136967e-02,1.742999999999982896e-01
1.584999999999936238e+00,5.658168011172556855e-02,-5.234227849343528047e-08,2.330274784011477696e+00,-7.988832741112680683e-05,1.630183260970925474e-01,4.604981980016408794e-01,4.605037913665913085e-01,5.658168011174084105e-02,1.757999999999982632e-01
1.589999999999935687e+00,5.740262681791701710e-02,-5.346889677028920838e-08,2.323626313382368913e+00,-8.089012223873891293e-05,1.649712823958749131e-01,4.587001734070843550e-01,4.587057876757139052e-01,5.740262681793306676e-02,1.772999999999982368e-01
1.594999999999935136e+00,5.823329774699681494e-02,-5.462345823301079563e-08,2.316810961295535876e+00,-8.188684937289314035e-05,1.669107569595112972e-01,4.568847275767968785e-01,4.568903625090330323e-01,5.823329774701365563e-02,1.787999999999982104e-01
1.599999999999934586e+00,5.907362565971459312e-02,-5.580613652908074781e-08,2.309833395676778256e+00,-8.287848675467690410e-05,1.688368052384511819e-01,4.550524622888585946e-01,4.550581176456843235e-01,5.907362565973225954e-02,1.802999999999981839e-01
1.604999999999934035e+00,5.992354359434920452e-02,-5.701709928353512262e-08,2.302698192862226545e+00,-8.386501299668788409e-05,1.707494827954699756e-01,4.532039672437438993e-01,4.532096427872941424e-01,5.992354359436773137e-02,1.817999999999981575e-01
1.609999999999933484e+00,6.078298486725292049e-02,-5.825650814935371851e-08,2.295409839277650743e+00,-8.484640740661378256e-05,1.726488452994807687e-01,4.513398202777617052e-01,4.513455157714100774e-01,6.078298486727234939e-02,1.832999999999981311e-01
1.614999999999932934e+00,6.165188307336469387e-02,-5.952451885885466567e-08,2.287972733087074939e+00,-8.582265000805090315e-05,1.745349485193799510e-01,4.494605875761339409e-01,4.494663027845721137e-01,6.165188307338505258e-02,1.847999999999981047e-01
1.619999999999932383e+00,6.253017208669293947e-02,-6.082128127603312117e-08,2.280391185811343480e+00,-8.679372155790345445e-05,1.764078483179682411e-01,4.475668238795817433e-01,4.475725585688912767e-01,6.253017208671425575e-02,1.862999999999980782e-01
1.624999999999931832e+00,6.341778606076790836e-02,-6.214693944972510004e-08,2.272669423917123233e+00,-8.775960356127852273e-05,1.782676006459092688e-01,4.456590726914681500e-01,4.456648266291847738e-01,6.341778606079019609e-02,1.877999999999980518e-01
1.629999999999931282e+00,6.431465942906425259e-02,-6.350163166740006943e-08,2.264811590377018291e+00,-8.872027828349745996e-05,1.801142615357785581e-01,4.437378664765928016e-01,4.437436394317642585e-01,6.431465942908755340e-02,1.892999999999980254e-01
1.634999999999930731e+00,6.522072690539372497e-02,-6.488549050980953573e-08,2.256821746201194578e+00,-8.967572875971169992e-05,1.819478870961393768e-01,4.418037268644742777e-01,4.418095186077113934e-01,6.522072690541808049e-02,1.907999999999979990e-01
1.639999999999930180e+00,6.613592348426881873e-02,-6.629864290644892234e-08,2.248703871941179155e+00,-9.062593880215055492e-05,1.837685335057475111e-01,4.398571648399395850e-01,4.398629751434615653e-01,6.613592348429427059e-02,1.922999999999979726e-01
1.644999999999929630e+00,6.706018444123723610e-02,-6.774121019165322656e-08,2.240461869166271658e+00,-9.157089300555335324e-05,1.855762570077645335e-01,4.378986809390561508e-01,4.379045095767307716e-01,6.706018444126382594e-02,1.937999999999979461e-01
1.649999999999929079e+00,6.799344533318793515e-02,-6.921330816123618047e-08,2.232099561913135854e+00,-9.251057675014190136e-05,1.873711139040915297e-01,4.359287654365595621e-01,4.359346121839374755e-01,6.799344533321567685e-02,1.952999999999979197e-01
1.654999999999928528e+00,6.893564199862892150e-02,-7.071504712964815333e-08,2.223620698109005200e+00,-9.344497620315479270e-05,1.891531605497554780e-01,4.339478985338670602e-01,4.339537631682117702e-01,6.893564199865784281e-02,1.967999999999978933e-01
1.659999999999927978e+00,6.988671055793718723e-02,-7.224653198781395674e-08,2.215028950969077925e+00,-9.437407831882236252e-05,1.909224533473971586e-01,4.319565505397330307e-01,4.319624328400465396e-01,6.988671055796735754e-02,1.982999999999978669e-01
1.664999999999927427e+00,7.084658741358139389e-02,-7.380786226143563117e-08,2.206327920368484907e+00,-9.529787083658381233e-05,1.926790487418074682e-01,4.299551820533041857e-01,4.299610818003481993e-01,7.084658741361282708e-02,1.997999999999978404e-01
1.669999999999926876e+00,7.181520925031738278e-02,-7.539913216974814368e-08,2.197521134189409420e+00,-9.621634227782077978e-05,1.944230032145817799e-01,4.279442441383343732e-01,4.279501611146472873e-01,7.181520925035012048e-02,2.012999999999978140e-01
1.674999999999926326e+00,7.279251303535722029e-02,-7.702043068464373020e-08,2.188612049643711810e+00,-9.712948194183162825e-05,1.961543732788199046e-01,4.259241785007669701e-01,4.259301124906788583e-01,7.279251303539127638e-02,2.027999999999977876e-01
1.679999999999925775e+00,7.377843601851201416e-02,-7.867184159024005668e-08,2.179604054571571581e+00,-9.803727990023227443e-05,1.978732154739524796e-01,4.238954176570965959e-01,4.239013684467394238e-01,7.377843601854744415e-02,2.042999999999977612e-01
1.684999999999925224e+00,7.477291573230904209e-02,-8.035344354257073677e-08,2.170500468716594966e+00,-9.893972699053872795e-05,1.995795863606142917e-01,4.218583851036660226e-01,4.218643524809815304e-01,7.477291573234588762e-02,2.057999999999977347e-01
1.689999999999924674e+00,7.577588999208351161e-02,-8.206531012993436462e-08,2.161304544977795672e+00,-9.983681480860459145e-05,2.012735425156138014e-01,4.198134954830656240e-01,4.198194792378103224e-01,7.577588999212182819e-02,2.072999999999977083e-01
1.694999999999924123e+00,7.678729689604540942e-02,-8.380750993328492005e-08,2.152019470638857790e+00,-1.007285357007387075e-04,2.029551405269994779e-01,4.177611547463428443e-01,4.177671546700910121e-01,7.678729689608523867e-02,2.087999999999976819e-01
1.699999999999923572e+00,7.780707482532195352e-02,-8.558010658685906494e-08,2.142648368575172935e+00,-1.016148827543872271e-04,2.046244369892043224e-01,4.157017603116420212e-01,4.157077761977853725e-01,7.780707482536335096e-02,2.102999999999976555e-01
1.704999999999923022e+00,7.883516244397593964e-02,-8.738315883894727638e-08,2.133194298438966019e+00,-1.024958497886218359e-04,2.062814884982598351e-01,4.136357012243039866e-01,4.136417328680502270e-01,7.883516244401893303e-02,2.117999999999976291e-01
1.709999999999922471e+00,7.987149869900049548e-02,-8.921672061286104159e-08,2.123660257822956421e+00,-1.033714313443761753e-04,2.079263516471330231e-01,4.115633583088247338e-01,4.115694055071957846e-01,7.987149869904511257e-02,2.132999999999976026e-01
1.714999999999921920e+00,8.091602282029064508e-02,-9.108084106825513156e-08,2.114049183402990195e+00,-1.042416226734272310e-04,2.095590830211158384e-01,4.094851043207714536e-01,4.094911668725952358e-01,8.091602282033691362e-02,2.147999999999975762e-01
1.719999999999921370e+00,8.196867432059212755e-02,-9.297556466211443651e-08,2.104363952059902232e+00,-1.051064197272669600e-04,2.111797391933021573e-01,4.074013040989060142e-01,4.074073818048118967e-01,8.196867432064010306e-02,2.162999999999975498e-01
1.724999999999920819e+00,8.302939299542795581e-02,-9.490093121004429054e-08,2.094607381981140382e+00,-1.059658191457275189e-04,2.127883767201868281e-01,4.053123147065946230e-01,4.053184073690037637e-01,8.302939299547767993e-02,2.177999999999975234e-01
1.729999999999920268e+00,8.409811892300295133e-02,-9.685697594769047182e-08,2.084782233742419777e+00,-1.068198182452921417e-04,2.143850521372835938e-01,4.032184855807615098e-01,4.032245930038791948e-01,8.409811892305445180e-02,2.192999999999974969e-01
1.734999999999919718e+00,8.517479246408682370e-02,-9.884372959198992842e-08,2.074891211369781274e+00,-1.076684150070881293e-04,2.159698219548902842e-01,4.011201586710790301e-01,4.011262806608831277e-01,8.517479246414018379e-02,2.207999999999974705e-01
1.739999999999919167e+00,8.625935426187629484e-02,-1.008612184022907303e-07,2.064936963382475454e+00,-1.085116080646149003e-04,2.175427426539080222e-01,3.990176685783061727e-01,3.990238049425358091e-01,8.625935426193154232e-02,2.222999999999974441e-01
1.744999999999918616e+00,8.735174524183635103e-02,-1.029094642417526140e-07,2.054922083816903999e+00,-1.093493966911814763e-04,2.191038706817351744e-01,3.969113426935643729e-01,3.969174932417078305e-01,8.735174524189354139e-02,2.237999999999974177e-01
1.749999999999918066e+00,8.845190661152156630e-02,-1.049884846385337712e-07,2.044849113232113158e+00,-1.101817807877993586e-04,2.206532624482780980e-01,3.948015013282445973e-01,3.948076658715271026e-01,8.845190661158071344e-02,2.252999999999973912e-01
1.754999999999917515e+00,8.955977986037724770e-02,-1.070982928466148283e-07,2.034720539697036479e+00,-1.110087608703564711e-04,2.221909743219893374e-01,3.926884578504910572e-01,3.926946362018609027e-01,8.955977986043842098e-02,2.267999999999973648e-01
1.759999999999916964e+00,9.067530675952151231e-02,-1.092388979068700809e-07,2.024538799759882490e+00,-1.118303380569958403e-04,2.237170626260475137e-01,3.905725188112669222e-01,3.905787107853805895e-01,9.067530675958472564e-02,2.282999999999973384e-01
1.764999999999916414e+00,9.179842936150803268e-02,-1.114103047078886024e-07,2.014306279400014610e+00,-1.126465140556130100e-04,2.252315836345734068e-01,3.884539840718573278e-01,3.884601894850659431e-01,9.179842936157332767e-02,2.297999999999973120e-01
1.769999999999915863e+00,9.292909000007033848e-02,-1.136125140466758401e-07,2.004025314962588844e+00,-1.134572911508725573e-04,2.267345935689304703e-01,3.863331469304547849e-01,3.863393656007879096e-01,9.292909000013777066e-02,2.312999999999972855e-01
1.774999999999915312e+00,9.406723128984785520e-02,-1.158455226889391350e-07,1.993698194076300778e+00,-1.142626721918940365e-04,2.282261485941258217e-01,3.842102942434097446e-01,3.842165259905612751e-01,9.406723128991748006e-02,2.327999999999972591e-01
1.779999999999914762e+00,9.521279612609402643e-02,-1.181093234293579398e-07,1.983327156554454351e+00,-1.150626605795172650e-04,2.297063048152702402e-01,3.820857065468089009e-01,3.820919511921206380e-01,9.521279612616588561e-02,2.342999999999972327e-01
1.784999999999914211e+00,9.636572768436714453e-02,-1.204039051516916069e-07,1.972914395279874444e+00,-1.158572602538491506e-04,2.311751182741301203e-01,3.799596581700335207e-01,3.799659155364797369e-01,9.636572768444127968e-02,2.357999999999972063e-01
1.789999999999913660e+00,9.752596942020379245e-02,-1.227292528886531826e-07,1.962462057073706800e+00,-1.166464756823095355e-04,2.326326449456931900e-01,3.778324173608039738e-01,3.778386872729769808e-01,9.752596942028025906e-02,2.372999999999971799e-01
1.794999999999913110e+00,9.869346506877588188e-02,-1.250853478812838092e-07,1.951972243548486530e+00,-1.174303118468028080e-04,2.340789407349237738e-01,3.757042463922548037e-01,3.757105286763460783e-01,9.869346506885472159e-02,2.387999999999971534e-01
1.799999999999912559e+00,9.986815864453126024e-02,-1.274721676382772455e-07,1.941447011945854673e+00,-1.182087742318958025e-04,2.355140614735007909e-01,3.735754016747603323e-01,3.735816961585468610e-01,9.986815864461252856e-02,2.402999999999971270e-01
1.804999999999912008e+00,1.010499944408181916e-01,-1.298896859950351490e-07,1.930888375959067815e+00,-1.189818688125471519e-04,2.369380629166262520e-01,3.714461338704658222e-01,3.714524403832920041e-01,1.010499944409019440e-01,2.417999999999971006e-01
1.809999999999911457e+00,1.022389170294944194e-01,-1.323378731723336370e-07,1.920298306540657363e+00,-1.197496020424681601e-04,2.383510007399630148e-01,3.693166879977544670e-01,3.693230063705177924e-01,1.022389170295806837e-01,2.432999999999970742e-01
1.814999999999910907e+00,1.034348712605207554e-01,-1.348166958347466426e-07,1.909678732695411441e+00,-1.205119808421861429e-04,2.397529305365977692e-01,3.671873035394742635e-01,3.671936336046074389e-01,1.034348712606096149e-01,2.447999999999970477e-01
1.819999999999910356e+00,1.046378022615400138e-01,-1.373261171486679365e-07,1.899031542259134619e+00,-1.212690125878362982e-04,2.411439078141002779e-01,3.650582145428301617e-01,3.650645561342873435e-01,1.046378022616314962e-01,2.462999999999970213e-01
1.824999999999909805e+00,1.058476554374410405e-01,-1.398660968400557457e-07,1.888358582663185459e+00,-1.220207050996922025e-04,2.425239879915970509e-01,3.629296497292693879e-01,3.629360026825080854e-01,1.058476554375351875e-01,2.477999999999969949e-01
1.829999999999909255e+00,1.070643764699087813e-01,-1.424365912518965264e-07,1.877661661685267713e+00,-1.227670666307163240e-04,2.438932263970098324e-01,3.608018325865221532e-01,3.608081967384884625e-01,1.070643764700056344e-01,2.492999999999969685e-01
1.834999999999908704e+00,1.082879113169602364e-01,-1.450375534012668483e-07,1.866942548186596662e+00,-1.235081058557119834e-04,2.452516782642524262e-01,3.586749814728322217e-01,3.586813566619445059e-01,1.082879113170598651e-01,2.507999999999970253e-01
1.839999999999908153e+00,1.095182062124670230e-01,-1.476689330359572820e-07,1.856202972835756748e+00,-1.242438318606698755e-04,2.465993987305655777e-01,3.565493097108762277e-01,3.565556957770111279e-01,1.095182062125694550e-01,2.522999999999971377e-01
1.844999999999907603e+00,1.107552076656644485e-01,-1.503306766907392357e-07,1.845444628819431276e+00,-1.249742541320403083e-04,2.479364428338785287e-01,3.544250256848830438e-01,3.544314224693578264e-01,1.107552076657697532e-01,2.537999999999972500e-01
1.849999999999907052e+00,1.119988624606478300e-01,-1.530227277434741917e-07,1.834669172540290827e+00,-1.256993825461487336e-04,2.492628655102606672e-01,3.523023329318771824e-01,3.523087402774363053e-01,1.119988624607560490e-01,2.552999999999973624e-01
1.854999999999906501e+00,1.132491176558560741e-01,-1.557450264704748000e-07,1.823878224302237339e+00,-1.264192273591306648e-04,2.505787215914078159e-01,3.501814302348251196e-01,3.501878479856238013e-01,1.132491176559672630e-01,2.567999999999974747e-01
1.859999999999905951e+00,1.145059205835429611e-01,-1.584975101018236473e-07,1.813073368983262323e+00,-1.271337991967273556e-04,2.518840658022098999e-01,3.480625117114570233e-01,3.480689397130474760e-01,1.145059205836571475e-01,2.582999999999975871e-01
1.864999999999905400e+00,1.157692188492363411e-01,-1.612801128759996029e-07,1.802256156696103728e+00,-1.278431090444788931e-04,2.531789527583636068e-01,3.459457669036821170e-01,3.459522050029982254e-01,1.157692188493535945e-01,2.597999999999976994e-01
1.869999999999904849e+00,1.170389603311857846e-01,-1.640927660943263671e-07,1.791428103436975228e+00,-1.285471682382642632e-04,2.544634369640578764e-01,3.438313808628663537e-01,3.438378289082099082e-01,1.170389603313061466e-01,2.612999999999978118e-01
1.874999999999904299e+00,1.183150931797984501e-01,-1.669353981748181176e-07,1.780590691722486296e+00,-1.292459884544761473e-04,2.557375728096989986e-01,3.417195342368751776e-01,3.417259920778997762e-01,1.183150931799219485e-01,2.627999999999979241e-01
1.879999999999903748e+00,1.195975658170640998e-01,-1.698079347056809689e-07,1.769745371215173835e+00,-1.299395817008432055e-04,2.570014145697178676e-01,3.396104033495888630e-01,3.396168708372882539e-01,1.195975658171908040e-01,2.642999999999980365e-01
1.884999999999903197e+00,1.208863269359690684e-01,-1.727102984985229203e-07,1.758893559337497692e+00,-1.306279603075402964e-04,2.582550164003801219e-01,3.375041602916999395e-01,3.375106372783919229e-01,1.208863269360990200e-01,2.657999999999981489e-01
1.889999999999902647e+00,1.221813254998997123e-01,-1.756424096408562143e-07,1.748036641874908703e+00,-1.313111369178750448e-04,2.594984323377640401e-01,3.354009729882095336e-01,3.354074593275235272e-01,1.221813255000329806e-01,2.672999999999982612e-01
1.894999999999902096e+00,1.234825107420354923e-01,-1.786041855483976762e-07,1.737175973567898213e+00,-1.319891244799411385e-04,2.607317162956243606e-01,3.333010052896624442e-01,3.333075008365254943e-01,1.234825107421721330e-01,2.687999999999983736e-01
1.899999999999901545e+00,1.247898321647319397e-01,-1.815955410168169222e-07,1.726312878693342379e+00,-1.326619362378393262e-04,2.619549220634656561e-01,3.312044170430730738e-01,3.312109216536975320e-01,1.247898321648719944e-01,2.702999999999984859e-01
1.904999999999900995e+00,1.261032395388938521e-01,-1.846163882730756614e-07,1.715448651635305799e+00,-1.333295857235469045e-04,2.631681033045806806e-01,3.291113641697147596e-01,3.291178777015837387e-01,1.261032395390373761e-01,2.717999999999985983e-01
1.909999999999900444e+00,1.274226829033390795e-01,-1.876666370262524782e-07,1.704584557445572246e+00,-1.339920867486028627e-04,2.643713135541612136e-01,3.270219987391410621e-01,3.270285210509967788e-01,1.274226829034861008e-01,2.732999999999987106e-01
1.914999999999899893e+00,1.287481125641526114e-01,-1.907461945180463516e-07,1.693721832393884075e+00,-1.346494533959837392e-04,2.655646062174476518e-01,3.249364690465088024e-01,3.249429999983394768e-01,1.287481125643032132e-01,2.747999999999988230e-01
1.919999999999899343e+00,1.300794790940320300e-01,-1.938549655727479988e-07,1.682861684508401900e+00,-1.353017000124950159e-04,2.667480345679777987e-01,3.228549196765100882e-01,3.228614591295368430e-01,1.300794790941862400e-01,2.762999999999989353e-01
1.924999999999898792e+00,1.314167333316239861e-01,-1.969928526467681418e-07,1.672005294106171824e+00,-1.359488412008081140e-04,2.679216517457789770e-01,3.207774915857859455e-01,3.207840394024512598e-01,1.314167333317818320e-01,2.777999999999990477e-01
1.929999999999898241e+00,1.327598263808519585e-01,-2.001597558776054881e-07,1.661153814314120014e+00,-1.365908918122371953e-04,2.690855107557568737e-01,3.187043221598737652e-01,3.187108782038293731e-01,1.327598263810135515e-01,2.792999999999991600e-01
1.934999999999897691e+00,1.341087096102361043e-01,-2.033555731326151286e-07,1.650308371580554656e+00,-1.372278669391700486e-04,2.702396644659692537e-01,3.166355452905850187e-01,3.166421094266801406e-01,1.341087096104014442e-01,2.807999999999992724e-01
1.939999999999897140e+00,1.354633346522043091e-01,-2.065802000570067981e-07,1.639470066177393770e+00,-1.378597819082536349e-04,2.713841656060637098e-01,3.145712914392822523e-01,3.145778635335517159e-01,1.354633346523734516e-01,2.822999999999993848e-01
1.944999999999896589e+00,1.368236534023959949e-01,-2.098335301216609706e-07,1.628639972693307403e+00,-1.384866522729164809e-04,2.725190667657119148e-01,3.125116877027374063e-01,3.125182676223902112e-01,1.368236534025690232e-01,2.837999999999994971e-01
1.949999999999896039e+00,1.381896180189579881e-01,-2.131154546702176703e-07,1.617819140517877230e+00,-1.391084938069366494e-04,2.736444203930893382e-01,3.104568578788964861e-01,3.104634454923041464e-01,1.381896180191349577e-01,2.852999999999996095e-01
1.954999999999895488e+00,1.395611809218327837e-01,-2.164258629658928564e-07,1.607008594317034689e+00,-1.397253224972937029e-04,2.747602787934142476e-01,3.084069225273738390e-01,3.084135177040589482e-01,1.395611809220137778e-01,2.867999999999997218e-01
1.959999999999894937e+00,1.409382947920399809e-01,-2.197646422377290954e-07,1.596209334499858912e+00,-1.403371545377964135e-04,2.758666941274915407e-01,3.063619990354975453e-01,3.063686016461241168e-01,1.409382947922249996e-01,2.882999999999998342e-01
1.964999999999894387e+00,1.423209125709501144e-01,-2.231316777263810006e-07,1.585422337676851257e+00,-1.409440063228926737e-04,2.769637184103477257e-01,3.043222016777636374e-01,3.043288115941257810e-01,1.423209125711392131e-01,2.897999999999999465e-01
1.969999999999893836e+00,1.437089874595522121e-01,-2.265268527295627851e-07,1.574648557110031266e+00,-1.415458944409905666e-04,2.780514035098861081e-01,3.022876416726753002e-01,3.022942587676854531e-01,1.437089874597454742e-01,2.913000000000000589e-01
1.974999999999893285e+00,1.451024729177144146e-01,-2.299500486467699863e-07,1.563888923154661770e+00,-1.421428356683848552e-04,2.791298011455413675e-01,3.002584272495564255e-01,3.002650513972360269e-01,1.451024729179118400e-01,2.928000000000001712e-01
1.979999999999892735e+00,1.465013226634382382e-01,-2.334011450237796393e-07,1.553144343693210194e+00,-1.427348469634253574e-04,2.801989628870767413e-01,2.982346636936498707e-01,2.982412947691191474e-01,1.465013226636398824e-01,2.943000000000002836e-01
1.984999999999892184e+00,1.479054906721065377e-01,-2.368800195965822226e-07,1.542415704561193923e+00,-1.433219454604151369e-04,2.812589401532555322e-01,2.962164534184996145e-01,2.962230912979667008e-01,1.479054906723125118e-01,2.958000000000003959e-01
1.989999999999891633e+00,1.493149311757255293e-01,-2.403865483347765593e-07,1.531703869965487463e+00,-1.439041484643636428e-04,2.823097842107529232e-01,2.942038960060877062e-01,2.942105405668398732e-01,1.493149311759358333e-01,2.973000000000005083e-01
1.994999999999891083e+00,1.507295986621608741e-01,-2.439206054845859087e-07,1.521009682894921333e+00,-1.444814734445291741e-04,2.833515461729038121e-01,2.921970882739822195e-01,2.922037393943742178e-01,1.507295986623755912e-01,2.988000000000006207e-01
1.999999999999890532e+00,1.521494478743680434e-01,-2.474820636113784906e-07,1.510333965523471322e+00,-1.450539380295884340e-04,2.843842769986490993e-01,2.901961243210116614e-01,2.902027818804576165e-01,1.521494478745872292e-01,3.003000000000007330e-01
2.004999999999890203e+00,1.535744256162090426e-01,-2.526669310972026255e-07,1.499678352292886041e+00,1.267785322728553062e-05,2.854049244953303366e-01,1.671260380182258976e-01,4.092828170271597399e-01,1.535744256164325028e-01,3.018000000000008454e-01
2.009999999999889653e+00,1.550044924330226115e-01,-2.582259199420889661e-07,1.489042993003603987e+00,4.738299359101416966e-04,2.864231801900134489e-01,1.640121392532780109e-01,4.084541125934181838e-01,1.550044924332016905e-01,3.033000000000009577e-01
2.014999999999889102e+00,1.564396389513192376e-01,-2.580668768870655549e-07,1.478424825694773403e+00,1.127456775208871475e-03,2.874354807615311924e-01,1.608129036265392720e-01,4.077863275132879717e-01,1.564396389513414976e-01,3.048000000000010701e-01
2.019999999999888551e+00,1.578798209704678213e-01,-2.468317622772639333e-07,1.467824235857174253e+00,1.905056711641769191e-03,2.884392810605643787e-01,1.573435232233639236e-01,4.070000900294858392e-01,1.578798209702529931e-01,3.063000000000011824e-01
2.024999999999888001e+00,1.593249916844415581e-01,-2.202554276432100292e-07,1.457241835715017420e+00,2.764455543643026727e-03,2.894330833807874925e-01,1.538111999558710585e-01,4.062441400726883312e-01,1.593249916840701885e-01,3.078000000000012948e-01
2.029999999999887450e+00,1.607751024466481382e-01,-1.751001038744178692e-07,1.446678404781287064e+00,3.679653998319465033e-03,2.904172942313885120e-01,1.502320555093417109e-01,4.054987070848513619e-01,1.607751024464759426e-01,3.093000000000014071e-01
2.034999999999886899e+00,1.622301057798700707e-01,-1.089576870305849351e-07,1.436134573562222627e+00,4.634588692010764913e-03,2.913920476676175042e-01,1.466320458757581491e-01,4.047676939141940933e-01,1.622301057806139479e-01,3.108000000000015195e-01
2.039999999999886349e+00,1.636899549464428394e-01,-2.003938684003099466e-08,1.425610880700140637e+00,5.619305264786730522e-03,2.923575098383761062e-01,1.430110581308482454e-01,4.040374245924094332e-01,1.636899549492410455e-01,3.123000000000016319e-01
2.044999999999885798e+00,1.651546034403522933e-01,9.300376561422641623e-08,1.415107837234176325e+00,6.627609753917404652e-03,2.933136530697381672e-01,1.393699904070186402e-01,4.033004458648384305e-01,1.651546034468056035e-01,3.138000000000017442e-01
2.049999999999885247e+00,1.666240042698632073e-01,2.312193837459995591e-07,1.404626012085793851e+00,7.655626257750901796e-03,2.942603375876199912e-01,1.357098758228411084e-01,4.025526407755816161e-01,1.666240042820650025e-01,3.153000000000018566e-01
2.054999999999884697e+00,1.680981095350684573e-01,3.954544146924504219e-07,1.394166084044822451e+00,8.700910496120256923e-03,2.951973562360046821e-01,1.320347246827715537e-01,4.017948375625359780e-01,1.680981095556284000e-01,3.168000000000019689e-01
2.059999999999884146e+00,1.695768702899134450e-01,5.864254564265080070e-07,1.383728861611321914e+00,9.761904520105186417e-03,2.961244999512281928e-01,1.283504502549984161e-01,4.010309784080723916e-01,1.695768703219783236e-01,3.183000000000020813e-01
2.064999999999883595e+00,1.710602366596051804e-01,8.047663637168342039e-07,1.373315274083011905e+00,1.083760090922225756e-02,2.970415995632911255e-01,1.246639086531281526e-01,4.002666943506325570e-01,1.710602367068793372e-01,3.198000000000021936e-01
2.069999999999883045e+00,1.725481581111376339e-01,1.051059629300790049e-06,1.362926345202022604e+00,1.192733569765483219e-02,2.979485491595557090e-01,1.209817656272923481e-01,3.995078862770705674e-01,1.725481581779039209e-01,3.213000000000023060e-01
2.074999999999882494e+00,1.740405837852119220e-01,1.325856546995395221e-06,1.352563159484795996e+00,1.303066046901835660e-02,2.988453110958314562e-01,1.173097640373524653e-01,3.987598165756202073e-01,1.740405838763531554e-01,3.228000000000024183e-01
2.079999999999881943e+00,1.755374628176765150e-01,1.629689816666521489e-06,1.342226829163590374e+00,1.414726318676505327e-02,2.997319092351338199e-01,1.136523558314032067e-01,3.980266328429539202e-01,1.755374629386980134e-01,3.243000000000025307e-01
2.084999999999881393e+00,1.770387446083721561e-01,1.963081172817855405e-06,1.331918466404148571e+00,1.527691905983000545e-02,3.006084159664471067e-01,1.100126603093796729e-01,3.973112593951169669e-01,1.770387447654251656e-01,3.258000000000026430e-01
2.089999999999880842e+00,1.785443790204857273e-01,2.326545811399480150e-06,1.321639162704452142e+00,1.641945994329460298e-02,3.014749377198318592e-01,1.063926272112723503e-01,3.966155191439388328e-01,1.785443792203915137e-01,3.273000000000027554e-01
2.094999999999880291e+00,1.800543165117602928e-01,2.720594809922154565e-06,1.311389975383835615e+00,1.757475519522202698e-02,3.023316019228278195e-01,1.027932978359820115e-01,3.959403692311231349e-01,1.800543167620346774e-01,3.288000000000028678e-01
2.099999999999879741e+00,1.815685082091307578e-01,3.145736331234692906e-06,1.301171919954430267e+00,1.874269962772142153e-02,3.031785468467446121e-01,9.921507973467749708e-02,3.952861599316664920e-01,1.815685085180090697e-01,3.303000000000029801e-01
2.104999999999879190e+00,1.830869059421192380e-01,3.602476124176157466e-06,1.290985966752337566e+00,1.992320586116852824e-02,3.040159146349331043e-01,9.565798434220676438e-02,3.946528624791959539e-01,1.830869063185815993e-01,3.318000000000030925e-01
2.109999999999878639e+00,1.846094622497084226e-01,4.091317647315560713e-06,1.280833040269283352e+00,2.111619941903233877e-02,3.048438471147166817e-01,9.212180519908108600e-02,3.940402411805832839e-01,1.846094627035051727e-01,3.333000000000032048e-01
2.114999999999878089e+00,1.861361303724909377e-01,4.612762017372480070e-06,1.270714019938213424e+00,2.232161553455257533e-02,3.056624836854226479e-01,8.860623513204454738e-02,3.934479667790898860e-01,1.861361309141680298e-01,3.348000000000033172e-01
2.119999999999877538e+00,1.876668642382516294e-01,5.167307901871908004e-06,1.260629741518357161e+00,2.353939703153683227e-02,3.064719605412430381e-01,8.511093240958511608e-02,3.928756802128427483e-01,1.876668648791764704e-01,3.363000000000034295e-01
2.124999999999876987e+00,1.892016184457967209e-01,5.755451422357691386e-06,1.250580998583754155e+00,2.476949288312195116e-02,3.072724106081818340e-01,8.163555055100724100e-02,3.923230209097722798e-01,1.892016191981837903e-01,3.378000000000035419e-01
2.129999999999876437e+00,1.907403482492860403e-01,6.377686100639661411e-06,1.240568543892464737e+00,2.601185720181415501e-02,3.080639637568600153e-01,7.817974607935551656e-02,3.917896335765354565e-01,1.907403491262226192e-01,3.393000000000036542e-01
2.134999999999875886e+00,1.922830095436700859e-01,7.034502859662337036e-06,1.230593090590064609e+00,2.726644850675830761e-02,3.088467470314570917e-01,7.474317564359395094e-02,3.912751647004712452e-01,1.922830105591423200e-01,3.408000000000037666e-01
2.139999999999875335e+00,1.938295588509617862e-01,7.726390078304298334e-06,1.220655313291275412e+00,2.853322917170357173e-02,3.096208847773525563e-01,7.132549024577045094e-02,3.907792563721241841e-01,1.938295600198806368e-01,3.423000000000038789e-01
2.144999999999874785e+00,1.953799533067716310e-01,8.453833692787312984e-06,1.210755849113432481e+00,2.981216499290773730e-02,3.103864986454534791e-01,6.792633078459336948e-02,3.903015415599481175e-01,1.953799546449989932e-01,3.438000000000039913e-01
2.149999999999874234e+00,1.969341506465764335e-01,9.217317334374736928e-06,1.200895298728533955e+00,3.110322483853304731e-02,3.111437075019164444e-01,6.454532656930569989e-02,3.898416424412879389e-01,1.969341521709515597e-01,3.453000000000041037e-01
2.154999999999873683e+00,1.984921091913918190e-01,1.001732249230369737e-05,1.191074227476540459e+00,3.240638035502132336e-02,3.118926272904487540e-01,6.118209679120989453e-02,3.893991717458705204e-01,1.984921109197579081e-01,3.468000000000042160e-01
2.159999999999873133e+00,2.000537878327462160e-01,1.085432869149533342e-05,1.181293166556330432e+00,3.372160571466839563e-02,3.126333708920387977e-01,5.783625408369544307e-02,3.889737362231419082e-01,2.000537897839771151e-01,3.483000000000043284e-01
2.164999999999872582e+00,2.016191460170398686e-01,1.172881367590391544e-05,1.171552614289172567e+00,3.504887739410503245e-02,3.133660480141494675e-01,5.450740911160470437e-02,3.885649411620096805e-01,2.016191482110672173e-01,3.498000000000044407e-01
2.169999999999872031e+00,2.031881437294889015e-01,1.264125358999336433e-05,1.161853037436347824e+00,3.638817397685827071e-02,3.140907651265933409e-01,5.119517524726127644e-02,3.881723950125691713e-01,2.031881461873292216e-01,3.513000000000045531e-01
2.174999999999871481e+00,2.047607414779000212e-01,1.359212315251793775e-05,1.152194872545888593e+00,3.773947597535545068e-02,3.148076254483181957e-01,4.789917270977597785e-02,3.877957134815159801e-01,2.047607442216824447e-01,3.528000000000046654e-01
2.179999999999870930e+00,2.063369002765180760e-01,1.458189581837504752e-05,1.142578527304525471e+00,3.910276566914266949e-02,3.155167289806872222e-01,4.461903178843573681e-02,3.874345227189050500e-01,2.063369033295121835e-01,3.543000000000047778e-01
2.184999999999870379e+00,2.079165816301492553e-01,1.561104392571451645e-05,1.133004381873342181e+00,4.047802695698789893e-02,3.162181725774925733e-01,4.135439514159625074e-02,3.870884615856479138e-01,2.079165850167930818e-01,3.558000000000048901e-01
2.189999999999869829e+00,2.094997475187133085e-01,1.668003882668980117e-05,1.123472790191616388e+00,4.186524522113401620e-02,3.169120500414632779e-01,3.810491918653627352e-02,3.867571830158826884e-01,2.094997512646419313e-01,3.573000000000050025e-01
2.194999999999869278e+00,2.110863603823264767e-01,1.778935100121741548e-05,1.113984081238160506e+00,4.326440720235437409e-02,3.175984522369334484e-01,3.487027480780402477e-02,3.864403547008651851e-01,2.110863645144006040e-01,3.588000000000051148e-01
2.199999999999868727e+00,2.126763831069724831e-01,1.893945015387779932e-05,1.104538560243979894e+00,4.467550088473633968e-02,3.182774672110075254e-01,3.165014754992917512e-02,3.861376592596469370e-01,2.126763876533075970e-01,3.603000000000052272e-01
2.204999999999868177e+00,2.142697790107876976e-01,2.013080529466535832e-05,1.095136509853667395e+00,4.609851538930002934e-02,3.189491803174787643e-01,2.844423747357527343e-02,3.858487940751971212e-01,2.142697840007834476e-01,3.618000000000053396e-01
2.209999999999867626e+00,2.158665118309628927e-01,2.136388480470079531e-05,1.085778191234748613e+00,4.753344087569844056e-02,3.196136743398703128e-01,2.525225882479895101e-02,3.855734709453316755e-01,2.158665172953325717e-01,3.633000000000054519e-01
2.214999999999867075e+00,2.174665457112516798e-01,2.263915648827907252e-05,1.076463845135999131e+00,4.898026845134254709e-02,3.202710296117335376e-01,2.207393958555767255e-02,3.853114156163527371e-01,2.174665516820521727e-01,3.648000000000055643e-01
2.219999999999866525e+00,2.190698451900686405e-01,2.395708761276958289e-05,1.067193692895916701e+00,5.043899008737675466e-02,3.209213241330755029e-01,1.890902099378455326e-02,3.850623672875515546e-01,2.190698517007307611e-01,3.663000000000056766e-01
2.224999999999865974e+00,2.206763751891579750e-01,2.531814493793288202e-05,1.057967937403194281e+00,5.190959854099032322e-02,3.215646336828137941e-01,1.575725703225216989e-02,3.848260780856402885e-01,2.206763822745168302e-01,3.678000000000057890e-01
2.229999999999865423e+00,2.222861010028114315e-01,2.672279473619351372e-05,1.048786764010641415e+00,5.339208728360285428e-02,3.222010319270527390e-01,1.261841392729484701e-02,3.846023125500812601e-01,2.222861086991371748e-01,3.693000000000059013e-01
2.234999999999864873e+00,2.238989882876160076e-01,2.817150280533135535e-05,1.039650341404386946e+00,5.488645043450447736e-02,3.228305905234303275e-01,9.492269632440597515e-03,3.843908471042543629e-01,2.238989966326449810e-01,3.708000000000060137e-01
2.239999999999864322e+00,2.255150030527110494e-01,2.966473447493791306e-05,1.030558822429614496e+00,5.639268269956936724e-02,3.234533792214065451e-01,6.378613325701776304e-03,3.841914695411311476e-01,2.255150120856770635e-01,3.723000000000061260e-01
2.244999999999863771e+00,2.271341116505354862e-01,3.120295460784768205e-05,1.021512344874872635e+00,5.791077931469267026e-02,3.240694659586901838e-01,3.277244885345503844e-03,3.840039784882125495e-01,2.271341214122013230e-01,3.738000000000062384e-01
2.249999999999863221e+00,2.287562807680443289e-01,3.278662759760597213e-05,1.012511032215819728e+00,5.944073599362832000e-02,3.246789169535130304e-01,1.879743961961666265e-04,3.838281829037093473e-01,2.287562913007337995e-01,3.753000000000063507e-01
2.254999999999862670e+00,2.303814774183756131e-01,3.441621736288454482e-05,1.003554994320616123e+00,6.098254887992927975e-02,3.252817967931044829e-01,-2.889378386059487935e-03,3.836639015313924039e-01,2.303814887660055322e-01,3.768000000000064631e-01
2.259999999999862119e+00,2.320096689329463613e-01,3.609218733961009891e-05,9.946443281182836271e-01,6.253621450271629190e-02,3.258781685177680743e-01,-5.954984525716189303e-03,3.835109624009003237e-01,2.320096811410587712e-01,3.783000000000065755e-01
2.264999999999861569e+00,2.336408229539570502e-01,3.781500047143374033e-05,9.857791182316855139e-01,6.410172973601697965e-02,3.264680937010626671e-01,-9.009006410806513765e-03,3.833692023157120321e-01,2.336408360697521114e-01,3.798000000000066878e-01
2.269999999999861018e+00,2.352749074272850183e-01,3.958511919904790451e-05,9.769594375769038441e-01,6.567909176143586769e-02,3.270516325258397972e-01,-1.205159824257154288e-02,3.832384663559393889e-01,2.352749214996537053e-01,3.813000000000068002e-01
2.274999999999860467e+00,2.369118905957456334e-01,4.140300544874584142e-05,9.681853479305128074e-01,6.726829803393147289e-02,3.276288438562278138e-01,-1.508290650394530918e-02,3.831186074026046162e-01,2.369119056753030139e-01,3.828000000000069125e-01
2.279999999999859916e+00,2.385517409927019883e-01,4.326912062052554615e-05,9.594569004666717582e-01,6.886934625048898861e-02,3.281997853057389558e-01,-1.810307042075084971e-02,3.830094856696820704e-01,2.385517571318204466e-01,3.843000000000070249e-01
2.284999999999859366e+00,2.401944274360032772e-01,4.518392557596068745e-05,9.507741362653113759e-01,7.048223432149251788e-02,3.287645133014936438e-01,-2.111222238606874635e-02,3.829109682734061493e-01,2.401944446888462648e-01,3.858000000000071372e-01
2.289999999999858815e+00,2.418399190222341177e-01,4.714788062599615734e-05,9.421370867931919690e-01,7.210696034460932491e-02,3.293230831449353579e-01,-2.411048838507096059e-02,3.828229288015390086e-01,2.418399374447899042e-01,3.873000000000072496e-01
2.294999999999858264e+00,2.434881851212563342e-01,4.916144551877349705e-05,9.335457743591518698e-01,7.374352258101223023e-02,3.298755490689312952e-01,-2.709798838409277488e-02,3.827452469187928585e-01,2.434882047713722852e-01,3.888000000000073619e-01
2.299999999999857714e+00,2.451391953710268246e-01,5.122507942755154996e-05,9.250002125452653212e-01,7.539191943377196448e-02,3.304219642916205180e-01,-3.007483671096283784e-02,3.826778079813743516e-01,2.451392163084435971e-01,3.903000000000074743e-01
2.304999999999857163e+00,2.467929196726747487e-01,5.333924093875631748e-05,9.165004066147245387e-01,7.705214942826632551e-02,3.309623810670242472e-01,-3.304114239668862196e-02,3.826205026905252771e-01,2.467929419590610407e-01,3.918000000000075866e-01
2.309999999999856612e+00,2.484493281858234370e-01,5.550438804017392960e-05,9.080463538984296923e-01,7.872421119445623117e-02,3.314968507328230340e-01,-3.599700953118978308e-02,3.825732267323534996e-01,2.484493518848107374e-01,3.933000000000076990e-01
2.314999999999856062e+00,2.501083913241419210e-01,5.772097810928343017e-05,8.996380441608948786e-01,8.040810345089151323e-02,3.320254237550278043e-01,-3.894253755700924358e-02,3.825358804800089718e-01,2.501084165013596761e-01,3.948000000000078114e-01
2.319999999999855511e+00,2.517700797511126520e-01,5.998946790171892770e-05,8.912754599470379402e-01,8.210382499031297632e-02,3.325481497702561517e-01,-4.187782158473954408e-02,3.825083686744416012e-01,2.517701064742234873e-01,3.963000000000079237e-01
2.324999999999854960e+00,2.534343643760021969e-01,6.231031353984536393e-05,8.829585769106859106e-01,8.381137466672890224e-02,3.330650776252509493e-01,-4.480295266389361375e-02,3.824906001500007480e-01,2.534343927147375553e-01,3.978000000000080361e-01
2.329999999999854410e+00,2.551012163500228636e-01,6.468397050142978011e-05,8.746873641260988208e-01,8.553075138384939879e-02,3.335762554141318836e-01,-4.771801805556061260e-02,3.824824875585267625e-01,2.551012463762188931e-01,3.993000000000081484e-01
2.334999999999853859e+00,2.567706070626740167e-01,6.711089360839180473e-05,8.664617843831800004e-01,8.726195408476752902e-02,3.340817305132841031e-01,-5.062310147239476588e-02,3.824839471263501434e-01,2.567706388503074311e-01,4.008000000000082608e-01
2.339999999999853308e+00,2.584425081382507594e-01,6.959153701561946435e-05,8.582817944676897071e-01,8.900498174278698160e-02,3.345815496142287016e-01,-5.351828332355834661e-02,3.824948984065897339e-01,2.584425417634751976e-01,4.023000000000083731e-01
2.344999999999852758e+00,2.601168914325115433e-01,7.212635419983895381e-05,8.501473454268728691e-01,9.075983335329725066e-02,3.350757587543437555e-01,-5.640364092106472937e-02,3.825152640702691453e-01,2.601169269736940959e-01,4.038000000000084855e-01
2.349999999999852207e+00,2.617937290294936603e-01,7.471579794853247731e-05,8.420583828218712874e-01,9.252650792660879753e-02,3.355644033458669018e-01,-5.927924870204159813e-02,3.825449696817238565e-01,2.617937665672516179e-01,4.053000000000085978e-01
2.354999999999851656e+00,2.634729932384682338e-01,7.736032034890035197e-05,8.340148469671414544e-01,9.430500448166274918e-02,3.360475282029128374e-01,-6.214517840392136394e-02,3.825839435212798345e-01,2.634730328557060020e-01,4.068000000000087102e-01
2.359999999999851106e+00,2.651546565910256614e-01,8.006037277686860729e-05,8.260166731580252941e-01,9.609532204053704285e-02,3.365251775670533574e-01,-6.500149926313156246e-02,3.826321163846180262e-01,2.651546983729718421e-01,4.083000000000088225e-01
2.364999999999850555e+00,2.668386918382836814e-01,8.281640588614626818e-05,8.180637918871249692e-01,9.789745962367540910e-02,3.369973951311024951e-01,-6.784827817531741134e-02,3.826894214207804956e-01,2.668387358725285985e-01,4.098000000000089349e-01
2.369999999999850004e+00,2.685250719482103476e-01,8.562886959733892152e-05,8.101561290497802936e-01,9.971141624577212204e-02,3.374642240615503552e-01,-7.068557984938414473e-02,3.827557939765134920e-01,2.685251183247437945e-01,4.113000000000090473e-01
2.374999999999849454e+00,2.702137701030556394e-01,8.849821308712877159e-05,8.022936061397146768e-01,1.015371909122496780e-01,3.379257070196755586e-01,-7.351346697132687957e-02,3.828311714309755032e-01,2.702138189143044045e-01,4.128000000000091596e-01
2.379999999999848903e+00,2.719047596968832137e-01,9.142488477753121291e-05,7.944761404351728951e-01,1.033747826162711020e-01,3.383818861811650480e-01,-7.633200033071288471e-02,3.829154930679293800e-01,2.719048110377495497e-01,4.143000000000092720e-01
2.384999999999848352e+00,2.735980143331982473e-01,9.440933232524068724e-05,7.867036451761491023e-01,1.052241903362327452e-01,3.388328032546799040e-01,-7.914123895520461249e-02,3.830086999400228454e-01,2.735980683010978964e-01,4.158000000000093843e-01
2.389999999999847802e+00,2.752935078226635413e-01,9.745200261107855042e-05,7.789760297332457561e-01,1.070854130336888893e-01,3.392784994992213976e-01,-8.194124023159388148e-02,3.831107347466802815e-01,2.752935645175644264e-01,4.173000000000094967e-01
2.394999999999847251e+00,2.769912141809001138e-01,1.005533417295565287e-04,7.712931997684734364e-01,1.089584496516617512e-01,3.397190157404340050e-01,-8.473206001746264038e-02,3.832215417214673292e-01,2.769912737053609741e-01,4.188000000000096090e-01
2.399999999999846700e+00,2.786911076263656750e-01,1.037137949785681785e-04,7.636550573887668225e-01,1.108432991132962120e-01,3.401543923859304264e-01,-8.751375275556702582e-02,3.833410665168437426e-01,2.786911700855750351e-01,4.203000000000097214e-01
2.404999999999846150e+00,2.803931625783071535e-01,1.069338068492213338e-04,7.560615012923287415e-01,1.127399603208196627e-01,3.405846694395708307e-01,-9.028637156129329377e-02,3.834692561159309676e-01,2.803932280801225696e-01,4.218000000000098337e-01
2.409999999999845599e+00,2.820973536547821126e-01,1.102138210158230591e-04,7.485124269083908155e-01,1.146484321547735635e-01,3.410098865150096858e-01,-9.304996832327894207e-02,3.836060587311965753e-01,2.820974223097692524e-01,4.233000000000099461e-01
2.414999999999845048e+00,2.838036556707452251e-01,1.135542803260284397e-04,7.410077265305854421e-01,1.165687134734827574e-01,3.414300828483141648e-01,-9.580459378474662224e-02,3.837514237225146951e-01,2.838037275922177249e-01,4.248000000000100584e-01
2.419999999999844498e+00,2.855120436361957559e-01,1.169556267911632638e-04,7.335472894445647096e-01,1.185008031127348926e-01,3.418452973098729530e-01,-9.855029763097028495e-02,3.839053015091505316e-01,2.855121189402547444e-01,4.263000000000101708e-01
2.424999999999843947e+00,2.872224927543820527e-01,1.204183015767289466e-04,7.261310020498096263e-01,1.204446998856433942e-01,3.422555684154923727e-01,-1.012871285533766819e-01,3.840676435051846305e-01,2.872225715599565632e-01,4.278000000000102832e-01
2.429999999999843396e+00,2.889349784200601068e-01,1.239427449930981500e-04,7.187587479763559717e-01,1.224004025826692793e-01,3.426609343369548255e-01,-1.040151343327110345e-01,3.842384020359299046e-01,2.889350608489467676e-01,4.293000000000103955e-01
2.434999999999842846e+00,2.906494762178024605e-01,1.275293964864072146e-04,7.114304081963355175e-01,1.243679099717803493e-01,3.430614329117744332e-01,-1.067343618909234737e-01,3.844175302856764898e-01,2.906495623947061846e-01,4.308000000000105079e-01
2.439999999999842295e+00,2.923659619203541893e-01,1.311786946296516468e-04,7.041458611309082682e-01,1.263472207987286211e-01,3.434571016525294063e-01,-1.094448573638727717e-01,3.846049822246717653e-01,2.923660519729286977e-01,4.323000000000106202e-01
2.444999999999841744e+00,2.940844114870342363e-01,1.348910771139882566e-04,6.969049827527391550e-01,1.283383337874271779e-01,3.438479777554837580e-01,-1.121466661498653761e-01,3.848007125603136735e-01,2.940845055459228585e-01,4.338000000000107326e-01
2.449999999999841194e+00,2.958048010621781021e-01,1.386669807402486057e-04,6.897076466840519338e-01,1.303412476404123554e-01,3.442340981087931850e-01,-1.148398329620836655e-01,3.850046766844811286e-01,2.958048992610546324e-01,4.353000000000108449e-01
2.454999999999840643e+00,2.975271069736198926e-01,1.425068414106662464e-04,6.825537242910231228e-01,1.323559610393739983e-01,3.446154993002252254e-01,-1.175244018888119413e-01,3.852168306131167341e-01,2.975272094492300567e-01,4.368000000000109573e-01
2.459999999999840092e+00,2.992513057312117808e-01,1.464110941208183623e-04,6.754430847739972821e-01,1.343824726457450991e-01,3.449922176242801730e-01,-1.202004164179207857e-01,3.854371309615719499e-01,2.992514126234143701e-01,4.383000000000110696e-01
2.464999999999839542e+00,3.009773740253781638e-01,1.503801729517853872e-04,6.683755952544052636e-01,1.364207811013355698e-01,3.453642890891553963e-01,-1.228679195036063709e-01,3.856655348777351944e-01,3.009774854771867791e-01,4.398000000000111820e-01
2.469999999999838991e+00,3.027052887257027924e-01,1.544145110625266511e-04,6.613511208581486223e-01,1.384708850290023996e-01,3.457317494229975030e-01,-1.255269535864426134e-01,3.859020000218645885e-01,3.027054048833274225e-01,4.413000000000112943e-01
2.474999999999838440e+00,3.044350268795466552e-01,1.585145406824732203e-04,6.543695247957641570e-01,1.405327830333471251e-01,3.460946340800296617e-01,-1.281775606392809852e-01,3.861464845205988539e-01,3.044351478924356980e-01,4.428000000000114067e-01
2.479999999999837890e+00,3.061665657106948379e-01,1.626806931043376031e-04,6.474306684395617628e-01,1.426064737014306472e-01,3.464529782462083540e-01,-1.308197821997966748e-01,3.863989469343470096e-01,3.061666917315772896e-01,4.443000000000115191e-01
2.484999999999837339e+00,3.078998826180311399e-01,1.669133986771384817e-04,6.405344113978154175e-01,1.446919556035013155e-01,3.468068168445718746e-01,-1.334536594001813903e-01,3.866593462275415005e-01,3.079000138029591160e-01,4.458000000000116314e-01
2.489999999999836788e+00,3.096349551742387241e-01,1.712130867994396540e-04,6.336806115862650968e-01,1.467892272937284248e-01,3.471561845403062785e-01,-1.360792329989536087e-01,3.869276417367940590e-01,3.096350916826295374e-01,4.473000000000117438e-01
2.494999999999836238e+00,3.113717611245245265e-01,1.755801859128014258e-04,6.268691252968875416e-01,1.488982873109356564e-01,3.475011157454912514e-01,-1.386965434037165101e-01,3.872037931481179251e-01,3.113719031192037634e-01,4.488000000000118561e-01
2.499999999999835687e+00,3.131102783853673133e-01,1.800151234954421476e-04,6.200998072643805203e-01,1.510191341793319098e-01,3.478416446236343162e-01,-1.413056307031490544e-01,3.874877604649253904e-01,3.131104260326114663e-01,4.503000000000119685e-01
2.504999999999835136e+00,3.148504850432871094e-01,1.845183260561082986e-04,6.133725107299496937e-01,1.531517664092323650e-01,3.481778050938656444e-01,-1.439065346775626475e-01,3.877795039974767377e-01,3.148506385128667096e-01,4.518000000000120808e-01
2.509999999999834586e+00,3.165923593536353886e-01,1.890902191281506771e-04,6.066870875031992183e-01,1.552961824977708294e-01,3.485096308350611460e-01,-1.464992948407750906e-01,3.880789843210121770e-01,3.165925188188583039e-01,4.533000000000121932e-01
2.514999999999834035e+00,3.183358797394047479e-01,1.937312272638037154e-04,6.000433880216209381e-01,1.574523809295952093e-01,3.488371552894851124e-01,-1.490839504374523727e-01,3.883861622784327006e-01,3.183360453771596488e-01,4.548000000000123055e-01
2.519999999999833484e+00,3.200810247900566785e-01,1.984417740286657805e-04,5.934412614082841264e-01,1.596203601775487146e-01,3.491604116665170676e-01,-1.516605404784868993e-01,3.887009989449458081e-01,3.200811967808566139e-01,4.563000000000124179e-01
2.524999999999832934e+00,3.218277732603669894e-01,2.032222819963773941e-04,5.868805555272289531e-01,1.618001187033319410e-01,3.494794329459675053e-01,-1.542291037418561661e-01,3.890234556272346156e-01,3.218279517883929630e-01,4.578000000000125302e-01
2.529999999999832383e+00,3.235761040692875512e-01,2.080731727434960193e-04,5.803611170373460526e-01,1.639916549581456051e-01,3.497942518814220469e-01,-1.567896788102430272e-01,3.893534938258770839e-01,3.235762893224329306e-01,4.593000000000126426e-01
2.534999999999831832e+00,3.253259962988241938e-01,2.129948668445620196e-04,5.738827914443946909e-01,1.661949673833109653e-01,3.501049010031340725e-01,-1.593423040636020582e-01,3.896910752428148772e-01,3.253261884687382866e-01,4.608000000000127550e-01
2.539999999999831282e+00,3.270774291929283706e-01,2.179877838673550841e-04,5.674454231511015800e-01,1.684100544108708963e-01,3.504114126210417512e-01,-1.618870176995657051e-01,3.900361617609895415e-01,3.270776284750610552e-01,4.623000000000128673e-01
2.544999999999830731e+00,3.288303821564039220e-01,2.230523423683380036e-04,5.610488555060636484e-01,1.706369144641659286e-01,3.507138188275460977e-01,-1.644238577581169092e-01,3.903887154197165921e-01,3.288305887500502234e-01,4.638000000000129797e-01
2.549999999999830180e+00,3.305848347538267729e-01,2.281889598882836496e-04,5.546929308507192458e-01,1.728755459583878329e-01,3.510121514999909320e-01,-1.669528621075195285e-01,3.907486984287982801e-01,3.305850488621712158e-01,4.653000000000130920e-01
2.554999999999829630e+00,3.323407667084773975e-01,2.333980529480833945e-04,5.483774905650442566e-01,1.751259473011116119e-01,3.513064423033400163e-01,-1.694740684792176433e-01,3.911160731336699170e-01,3.323409885386389151e-01,4.668000000000132044e-01
2.559999999999829079e+00,3.340981579012855529e-01,2.386800370447344794e-04,5.421023751118480005e-01,1.773881168928022334e-01,3.515967226924161526e-01,-1.719875144633991604e-01,3.914908020198877847e-01,3.340983876643623951e-01,4.683000000000133167e-01
2.564999999999828528e+00,3.358569883697861691e-01,2.440353266475015859e-04,5.358674240796211796e-01,1.796620531272991317e-01,3.518830239142066163e-01,-1.744932375181852957e-01,3.918728477039846170e-01,3.358572262809011999e-01,4.698000000000134291e-01
2.569999999999827978e+00,3.376172383070867311e-01,2.494643351942519346e-04,5.296724762241477036e-01,1.819477543922789209e-01,3.521653770100560132e-01,-1.769912749828361220e-01,3.922621729203117913e-01,3.376174845854326145e-01,4.713000000000135414e-01
2.574999999999827427e+00,3.393788880608447633e-01,2.549674750879593567e-04,5.235173695088988222e-01,1.842452190696939052e-01,3.524438128176912155e-01,-1.794816640809984154e-01,3.926587405178401102e-01,3.393791429297295936e-01,4.728000000000136538e-01
2.579999999999826876e+00,3.411419181322557503e-01,2.605451576933757118e-04,5.174019411441566074e-01,1.865544455361893006e-01,3.527183619732052744e-01,-1.819644419261280122e-01,3.930625134547850452e-01,3.411421818191485711e-01,4.743000000000137661e-01
2.584999999999826326e+00,3.429063091750506054e-01,2.661977933338659664e-04,5.113260276251054837e-01,1.888754321634982525e-01,3.529890549129691135e-01,-1.844396455320824191e-01,3.934734547880565647e-01,3.429065819116271507e-01,4.758000000000138785e-01
2.589999999999825775e+00,3.446720419945019098e-01,2.719257912884046014e-04,5.052894647686608787e-01,1.912081773188192280e-01,3.532559218754018904e-01,-1.869073118115479604e-01,3.938915276748807814e-01,3.446723240166907343e-01,4.773000000000139909e-01
2.594999999999825224e+00,3.464390975464397004e-01,2.777295597887305032e-04,4.992920877494927967e-01,1.935526793651675126e-01,3.535189929027564015e-01,-1.893674775911513009e-01,3.943166953577321165e-01,3.464393890944679200e-01,4.788000000000141032e-01
2.599999999999824674e+00,3.482074569362748617e-01,2.836095060166575997e-04,4.933337311348328091e-01,1.959089366617116634e-01,3.537782978427001512e-01,-1.918201796003115578e-01,3.947489211755191296e-01,3.482077582547148942e-01,4.803000000000142156e-01
2.604999999999824123e+00,3.499771014180313999e-01,2.895660361015380446e-04,4.874142289183568955e-01,1.982769475640897838e-01,3.540338663500315342e-01,-1.942654544880827450e-01,3.951881685467893979e-01,3.499774127558472614e-01,4.818000000000143279e-01
2.609999999999823572e+00,3.517480123933864888e-01,2.955995551178768640e-04,4.815334145531114385e-01,2.006567104247073408e-01,3.542857278881662020e-01,-1.967033388223918822e-01,3.956344009705262676e-01,3.517483340039801454e-01,4.833000000000144403e-01
2.614999999999823022e+00,3.535201714107177873e-01,3.017104670830934583e-04,4.756911209836969245e-01,2.030482235930179402e-01,3.545339117306217092e-01,-1.991338690947920820e-01,3.960875820214352916e-01,3.535205035519761729e-01,4.848000000000145526e-01
2.619999999999822471e+00,3.552935601641579177e-01,3.078991749554281163e-04,4.698871806773339266e-01,2.054514854157876436e-01,3.547784469624261083e-01,-2.015570817133839066e-01,3.965476753570613688e-01,3.552939030984995639e-01,4.863000000000146650e-01
2.624999999999821920e+00,3.570681604926564945e-01,3.141660806319918064e-04,4.641214256542309236e-01,2.078664942373421587e-01,3.550193624816025961e-01,-2.039730130202189740e-01,3.970146447004162527e-01,3.570685144870788252e-01,4.878000000000147773e-01
2.629999999999821370e+00,3.588439543790485908e-01,3.205115849469559932e-04,4.583936875171502612e-01,2.102932483998017910e-01,3.552566870004146837e-01,-2.063816992838337638e-01,3.974884538474827700e-01,3.588443197051748301e-01,4.893000000000148897e-01
2.634999999999820819e+00,3.606209239491296459e-01,3.269360876698792248e-04,4.527037974801895182e-01,2.127317462432994910e-01,3.554904490466889166e-01,-2.087831767014600159e-01,3.979690666650299025e-01,3.606213008832565570e-01,4.908000000000150020e-01
2.639999999999820268e+00,3.623990514707372546e-01,3.334399875041694095e-04,4.470515863966782466e-01,2.151819861061860240e-01,3.557206769650924083e-01,-2.111774814002982947e-01,3.984564470893756094e-01,3.623994402938824355e-01,4.923000000000151144e-01
2.644999999999819718e+00,3.641783193528388418e-01,3.400236820856793944e-04,4.414368847865652867e-01,2.176439663252228707e-01,3.559473989183752907e-01,-2.135646494463621370e-01,3.989505591175674937e-01,3.641787203507881321e-01,4.938000000000152268e-01
2.649999999999819167e+00,3.659587101446251101e-01,3.466875679814315097e-04,4.358595228628650009e-01,2.201176852357623892e-01,3.561706428884793829e-01,-2.159447168319876820e-01,3.994513668199024536e-01,3.659591236079808296e-01,4.953000000000153391e-01
2.654999999999818616e+00,3.677402065346098148e-01,3.534320406884714047e-04,4.303193305577052152e-01,2.226031411719158748e-01,3.563904366777883581e-01,-2.183177194915261188e-01,3.999588343242578281e-01,3.677406327588383927e-01,4.968000000000154515e-01
2.659999999999818066e+00,3.695227913497348138e-01,3.602574946328463497e-04,4.248161375473703538e-01,2.251003324667128769e-01,3.566068079101559762e-01,-2.206836932838504572e-01,4.004729258336067743e-01,3.695232306352149165e-01,4.983000000000155638e-01
2.664999999999817515e+00,3.713064475544810561e-01,3.671643231687087092e-04,4.193497732769083108e-01,2.276092574522489143e-01,3.568197840321377101e-01,-2.230426740143676145e-01,4.009936056040334096e-01,3.713069002065518820e-01,4.998000000000156762e-01
2.669999999999816964e+00,3.730911582499846779e-01,3.741529185775394908e-04,4.139200669842842406e-01,2.301299144598235591e-01,3.570293923139191694e-01,-2.253946974217436727e-01,4.015208379580266218e-01,3.730916245789942520e-01,5.013000000000155110e-01
2.674999999999816414e+00,3.748769066731582056e-01,3.812236720674899628e-04,4.085268477234558215e-01,2.326623018200684734e-01,3.572356598503939051e-01,-2.277397991693007606e-01,4.020545872931023945e-01,3.748773869945120074e-01,5.028000000000153458e-01
2.679999999999815863e+00,3.766636761958176427e-01,3.883769737728426982e-04,4.031699443873771327e-01,2.352064178630711710e-01,3.574386135623298100e-01,-2.300780148733350128e-01,4.025948180535041665e-01,3.766641708300270674e-01,5.043000000000151806e-01
2.684999999999815312e+00,3.784514503238138317e-01,3.956132127535855365e-04,3.978491857300589518e-01,2.377622609184867342e-01,3.576382801971497161e-01,-2.324093800707849322e-01,4.031414947625525658e-01,3.784519595965450955e-01,5.058000000000150154e-01
2.689999999999814762e+00,3.802402126961691997e-01,4.029327769950989549e-04,3.925644003882819977e-01,2.403298293156435617e-01,3.578346863301068992e-01,-2.347339302438873621e-01,4.036945819980054528e-01,3.802407369382922453e-01,5.073000000000148502e-01
2.694999999999814211e+00,3.820299470842194456e-01,4.103360534079536471e-04,3.873154169027288596e-01,2.429091213836432894e-01,3.580278583651202995e-01,-2.370517008056591823e-01,4.042540444065908511e-01,3.820304866318570691e-01,5.088000000000146850e-01
2.699999999999813660e+00,3.838206373907596114e-01,4.178234278278170110e-04,3.821020637386326468e-01,2.455001354514521339e-01,3.582178225357753321e-01,-2.393627271036469217e-01,4.048198467002709355e-01,3.838211925853364792e-01,5.103000000000145198e-01
2.704999999999813109e+00,3.856122676491949286e-01,4.253952850154663762e-04,3.769241693056950560e-01,2.481028698479893768e-01,3.584046049062543648e-01,-2.416670444166142406e-01,4.053919536595694817e-01,3.856128388374872040e-01,5.118000000000143546e-01
2.709999999999812559e+00,3.874048220226968264e-01,4.330520086569073445e-04,3.717815619779840652e-01,2.507173229022079952e-01,3.585882313722879577e-01,-2.439646879676048985e-01,4.059703301205166981e-01,3.874054095568812972e-01,5.133000000000141894e-01
2.714999999999812008e+00,3.891982848033627151e-01,4.407939813635937203e-04,3.666740701127990665e-01,2.533434929431707672e-01,3.587687276619159760e-01,-2.462556928946326162e-01,4.065549410039753231e-01,3.891988890410666979e-01,5.148000000000140242e-01
2.719999999999811457e+00,3.909926404113805432e-01,4.486215846727498982e-04,3.616015220695141807e-01,2.559813783001217979e-01,3.589461193366044189e-01,-2.485400942846771322e-01,4.071457512816498703e-01,3.909932617157315105e-01,5.163000000000138590e-01
2.724999999999810907e+00,3.927878733941980727e-01,4.565351990477912623e-04,3.565637462276027292e-01,2.586309773025539660e-01,3.591204317919021172e-01,-2.508179271440206803e-01,4.077427260057649439e-01,3.927885121338736130e-01,5.178000000000136938e-01
2.729999999999810356e+00,3.945839684256961521e-01,4.645352038788423807e-04,3.515605710047314258e-01,2.612922882802725111e-01,3.592916902584591954e-01,-2.530892264217104448e-01,4.083458302856025068e-01,3.945846249749737633e-01,5.193000000000135286e-01
2.734999999999809805e+00,3.963809103053661520e-01,4.726219774833496879e-04,3.465918248737957508e-01,2.639653095634524327e-01,3.594599198027211839e-01,-2.553540269763550086e-01,4.089550293207246945e-01,3.963815850441735900e-01,5.208000000000133634e-01
2.739999999999809255e+00,3.981786839574921189e-01,4.807958971067895779e-04,3.416573363798818264e-01,2.666500394826982756e-01,3.596251453280295274e-01,-2.576123636146502860e-01,4.095702883624461887e-01,3.981793772714574131e-01,5.223000000000131982e-01
2.744999999999808704e+00,3.999772744303367600e-01,4.890573389234678398e-04,3.367569341569627839e-01,2.693464763690926467e-01,3.597873915752045626e-01,-2.598642710672005585e-01,4.101915727380215371e-01,3.999779867108388398e-01,5.238000000000130330e-01
2.749999999999808153e+00,4.017766668953315912e-01,4.974066780374070780e-04,3.318904469439273308e-01,2.720546185542482842e-01,3.599466831234207631e-01,-2.621097839815285102e-01,4.108188478576431102e-01,4.017773985395508562e-01,5.253000000000128678e-01
2.754999999999807603e+00,4.035768466462713033e-01,5.058442884833256378e-04,3.270577036002325633e-01,2.747744643703555756e-01,3.601030443911493739e-01,-2.643489369366797126e-01,4.114520791998425020e-01,4.035775980572399724e-01,5.268000000000127026e-01
2.759999999999807052e+00,4.053777990985121815e-01,5.143705432277026176e-04,3.222585331213429494e-01,2.775060121502265220e-01,3.602564996368938233e-01,-2.665817644402245223e-01,4.120912323144880762e-01,4.053785706851653625e-01,5.283000000000125373e-01
2.764999999999806501e+00,4.071795097881746872e-01,5.229858141699274482e-04,3.174927646536276349e-01,2.802492602273362610e-01,3.604070729599432865e-01,-2.688083009181206906e-01,4.127362728329322383e-01,4.071803019654012257e-01,5.298000000000123721e-01
2.769999999999805951e+00,4.089819643713498154e-01,5.316904721435330647e-04,3.127602275091564410e-01,2.830042069358650325e-01,3.605547883012374388e-01,-2.710285807244989242e-01,4.133871664582286498e-01,4.089827775600429760e-01,5.313000000000122069e-01
2.774999999999805400e+00,4.107851486233090044e-01,5.404848869175108263e-04,3.080607511797273657e-01,2.857708506107362600e-01,3.606996694440852691e-01,-2.732426381241943036e-01,4.140438789826009214e-01,4.107859832504182074e-01,5.328000000000120417e-01
2.779999999999804849e+00,4.125890484377190970e-01,5.493694271977079451e-04,3.033941653510046077e-01,2.885491895876525215e-01,3.608417400150893406e-01,-2.754505073174430274e-01,4.147063762627538619e-01,4.125899049363008220e-01,5.343000000000118765e-01
2.784999999999804299e+00,4.143936498258604106e-01,5.583444606283012417e-04,2.987602999159366668e-01,2.913392222031313539e-01,3.609810234847342092e-01,-2.776522224100336222e-01,4.153746242497197150e-01,4.143945286351295443e-01,5.358000000000117113e-01
2.789999999999803748e+00,4.161989389158486374e-01,5.674103537933496144e-04,2.941589849880579810e-01,2.941409467945376721e-01,3.611175431683390502e-01,-2.798478174371807348e-01,4.160485889649934710e-01,4.161998404812302654e-01,5.373000000000115461e-01
2.794999999999803197e+00,4.180049019518609632e-01,5.765674722184218606e-04,2.895900509144937462e-01,2.969543617001172420e-01,3.612513222266857671e-01,-2.820373263478690440e-01,4.167282365161828483e-01,4.180058267250415516e-01,5.388000000000113809e-01
2.799999999999802647e+00,4.198115252933656838e-01,5.858161803722986569e-04,2.850533282884255559e-01,2.997794652590273223e-01,3.613823836668303424e-01,-2.842207830037160043e-01,4.174135330981537662e-01,4.198124737323453703e-01,5.403000000000112157e-01
2.804999999999802096e+00,4.216187954143557626e-01,5.951568416687479405e-04,2.805486479615422191e-01,3.026162558113663636e-01,3.615107503429105251e-01,-2.863982211908807640e-01,4.181044449811203156e-01,4.216197679834999268e-01,5.418000000000110505e-01
2.809999999999801545e+00,4.234266989025863293e-01,6.045898184683707634e-04,2.760758410559920328e-01,3.054647316982025407e-01,3.616364449567838202e-01,-2.885696746009527303e-01,4.188009385297578602e-01,4.234276960726776062e-01,5.433000000000108853e-01
2.814999999999800995e+00,4.252352224588155094e-01,6.141154720805179447e-04,2.716347389761111786e-01,3.083248912616020632e-01,3.617594900588941287e-01,-2.907351768428970695e-01,4.195029801912597556e-01,4.252362447071059703e-01,5.448000000000107201e-01
2.819999999999800444e+00,4.270443528960493618e-01,6.237341627652751366e-04,2.672251734197330642e-01,3.111967328446561543e-01,3.618799080489670250e-01,-2.928947614366033125e-01,4.202105365017878569e-01,4.270454007063126389e-01,5.463000000000105549e-01
2.824999999999799893e+00,4.288540771387904793e-01,6.334462497355157614e-04,2.628469763894956679e-01,3.140802547915063081e-01,3.619977211767725356e-01,-2.950484618202752207e-01,4.209235740790849833e-01,4.288551510013743351e-01,5.478000000000103897e-01
2.829999999999799343e+00,4.306643822222902540e-01,6.432520911590170485e-04,2.584999802035929939e-01,3.169754554473706576e-01,3.621129515427772838e-01,-2.971963113324025407e-01,4.216420596405016097e-01,4.306654826341688169e-01,5.493000000000102245e-01
2.834999999999798792e+00,4.324752552918045834e-01,6.531520441606430754e-04,2.541840175064137841e-01,3.198823331585682328e-01,3.622256210990110192e-01,-2.993383432283927559e-01,4.223659599863691105e-01,4.324763827566310281e-01,5.508000000000100593e-01
2.839999999999798241e+00,4.342866836018535737e-01,6.631464648245899342e-04,2.498989212787886827e-01,3.228008862725436079e-01,3.623357516497058839e-01,-3.014745906688215960e-01,4.230952420117433666e-01,4.342878386300127458e-01,5.523000000000098941e-01
2.844999999999797691e+00,4.360986545154849070e-01,6.732357081966930216e-04,2.456445248481645693e-01,3.257311131378886060e-01,3.624433648520703488e-01,-3.036050867270608800e-01,4.238298726987831389e-01,4.360998376241462249e-01,5.538000000000097289e-01
2.849999999999797140e+00,4.379111555035403724e-01,6.834201282867933104e-04,2.414206618983333330e-01,3.286730121043664465e-01,3.625484822169509624e-01,-3.057298643766568902e-01,4.245698191293669210e-01,4.379123672167106740e-01,5.553000000000095637e-01
2.854999999999796589e+00,4.397241741439264495e-01,6.937000780711637940e-04,2.372271664789897816e-01,3.316265815229358926e-01,3.626511251096413702e-01,-3.078489565025717134e-01,4.253150484738548176e-01,4.397254149925031719e-01,5.568000000000093985e-01
2.859999999999796039e+00,4.415376981208885554e-01,7.040759094949940438e-04,2.330638730151715077e-01,3.345918197457685705e-01,3.627513147505333491e-01,-3.099623958947465563e-01,4.260655279975244514e-01,4.415389686427126370e-01,5.583000000000092333e-01
2.864999999999795488e+00,4.433517152242884563e-01,7.145479734749295197e-04,2.289306163161050622e-01,3.375687251262740607e-01,3.628490722158366766e-01,-3.120702152403185825e-01,4.268212250683547926e-01,4.433530159641976831e-01,5.598000000000090681e-01
2.869999999999794937e+00,4.451662133488856199e-01,7.251166199016683420e-04,2.248272315842928804e-01,3.405572960191196041e-01,3.629444184383852079e-01,-3.141724471441091349e-01,4.275821071365352721e-01,4.451675448587681383e-01,5.613000000000089029e-01
2.874999999999794387e+00,4.469811804936218991e-01,7.357821976426097811e-04,2.207535544239438430e-01,3.435575307802503087e-01,3.630373742081671740e-01,-3.162691240983081520e-01,4.283481417647828082e-01,4.469825433324695618e-01,5.628000000000087377e-01
2.879999999999793836e+00,4.487966047609099340e-01,7.465450545445571733e-04,2.167094208494622642e-01,3.465694277669096879e-01,3.631279601732315676e-01,-3.183602785091686482e-01,4.291192966016481036e-01,4.487979994948718132e-01,5.643000000000085725e-01
2.884999999999793285e+00,4.506124743559248302e-01,7.574055374364713602e-04,2.126946672936017857e-01,3.495929853376591456e-01,3.632161968402397578e-01,-3.204459426771733010e-01,4.298955394013493914e-01,4.506139015583611740e-01,5.658000000000084073e-01
2.889999999999792735e+00,4.524287775858998328e-01,7.683639921322745446e-04,2.087091306153234238e-01,3.526282018523969053e-01,3.633021045752589107e-01,-3.225261488047473923e-01,4.306768380160560517e-01,4.524302378374355782e-01,5.673000000000082421e-01
2.894999999999792184e+00,4.542455028594249433e-01,7.794207634337040188e-04,2.047526481076663019e-01,3.556750756723776608e-01,3.633857036044454425e-01,-3.246009289994006841e-01,4.314631603927472914e-01,4.542469967480037840e-01,5.688000000000080769e-01
2.899999999999791633e+00,4.560626386857494774e-01,7.905761951332120801e-04,2.008250575051903353e-01,3.587336051602295073e-01,3.634670140146756268e-01,-3.266703152597304483e-01,4.322544745872126670e-01,4.560641668066879317e-01,5.703000000000079117e-01
2.904999999999791083e+00,4.578801736740877870e-01,8.018306300169140846e-04,1.969261969913042865e-01,3.618037886799745917e-01,3.635460557543457316e-01,-3.287343394886259040e-01,4.330507487508415410e-01,4.578817366301290992e-01,5.718000000000077465e-01
2.909999999999790532e+00,4.596980965329285351e-01,8.131844098675818219e-04,1.930559052054424685e-01,3.648856245970434897e-01,3.636228486339907473e-01,-3.307930334862227428e-01,4.338519511376748850e-01,4.596996949342971317e-01,5.733000000000075813e-01
2.914999999999789981e+00,4.615163960693475786e-01,8.246378754676802559e-04,1.892140212499784924e-01,3.679791112782963558e-01,3.636974123269832160e-01,-3.328464289471272930e-01,4.346580501071731217e-01,4.615180305338032474e-01,5.748000000000074161e-01
2.919999999999789431e+00,4.633350611883239600e-01,8.361913666024489364e-04,1.854003846968533820e-01,3.710842470920364677e-01,3.637697663702577633e-01,-3.348945574637255951e-01,4.354690141209136001e-01,4.633367323412164729e-01,5.763000000000072509e-01
2.924999999999788880e+00,4.651540808920599512e-01,8.478452220630250434e-04,1.816148355943149051e-01,3.742010304080295446e-01,3.638399301649823392e-01,-3.369374505309080670e-01,4.362848117378620438e-01,4.651557893663835208e-01,5.778000000000070857e-01
2.929999999999788329e+00,4.669734442793038176e-01,8.595997796496058965e-04,1.778572144731825622e-01,3.773294595975183463e-01,3.639079229771600144e-01,-3.389751395276651702e-01,4.371054116327774408e-01,4.669751907157516646e-01,5.793000000000069205e-01
2.934999999999787779e+00,4.687931405446762456e-01,8.714553761746535307e-04,1.741273623529665804e-01,3.804695330332393266e-01,3.639737639384564849e-01,-3.410076557347145321e-01,4.379307825785862529e-01,4.687949255916954439e-01,5.808000000000067553e-01
2.939999999999787228e+00,4.706131589780004898e-01,8.834123474661374374e-04,1.704251207480258767e-01,3.836212490894377880e-01,3.640374720467930425e-01,-3.430350303304545156e-01,4.387608934504262925e-01,4.706149832918468112e-01,5.823000000000065901e-01
2.944999999999786677e+00,4.724334889636352952e-01,8.954710283708138419e-04,1.667503316732285301e-01,3.867846061418822590e-01,3.640990661669813999e-01,-3.450572943783337676e-01,4.395957132382751764e-01,4.724353532084282214e-01,5.838000000000064249e-01
2.949999999999786127e+00,4.742541199798118168e-01,9.076317527575435791e-04,1.631028376497588861e-01,3.899596025678829236e-01,3.641585650315135037e-01,-3.470744788462419295e-01,4.404352110275687182e-01,4.742560248275896062e-01,5.853000000000062597e-01
2.954999999999785576e+00,4.760750415979733696e-01,9.198948535206430367e-04,1.594824817105446324e-01,3.931462367463003926e-01,3.642159872410924981e-01,-3.490866145858045333e-01,4.412793560198944864e-01,4.760769877287480134e-01,5.868000000000060945e-01
2.959999999999785025e+00,4.778962434821187877e-01,9.322606625832716371e-04,1.558891074056144854e-01,3.963445070575630780e-01,3.642713512654223162e-01,-3.510937323461665316e-01,4.421281175192163793e-01,4.778982315839315209e-01,5.883000000000059293e-01
2.964999999999784475e+00,4.797177153881492240e-01,9.447295109008518443e-04,1.523225588071977221e-01,3.995544118836800163e-01,3.643246754438123625e-01,-3.530958627666456739e-01,4.429814649392143644e-01,4.797197461571258703e-01,5.898000000000057641e-01
2.969999999999783924e+00,4.815394471632178930e-01,9.573017284645223479e-04,1.487826805148633469e-01,4.027759496082538582e-01,3.643759779858680159e-01,-3.550930363828747605e-01,4.438393677971494422e-01,4.815415213036243758e-01,5.913000000000055989e-01
2.974999999999783373e+00,4.833614287450838098e-01,9.699776443046209543e-04,1.452693176602543601e-01,4.060091186164937471e-01,3.644252769720959240e-01,-3.570852836142773823e-01,4.447017957263810217e-01,4.833635469693813858e-01,5.928000000000054337e-01
2.979999999999782823e+00,4.851836501614677499e-01,9.827575864941996784e-04,1.417823159118390963e-01,4.092539172952283089e-01,3.644725903546622847e-01,-3.590726347793292694e-01,4.455687184611110130e-01,4.851858131903690752e-01,5.943000000000052685e-01
2.984999999999782272e+00,4.870061015294127049e-01,9.956418821525688922e-04,1.383215214794888126e-01,4.125103440329154769e-01,3.645179359579485134e-01,-3.610551200841268238e-01,4.464401058478158490e-01,4.870083100919373464e-01,5.958000000000051033e-01
2.989999999999781721e+00,4.888287730546467258e-01,1.008630857448867711e-03,1.348867811188942667e-01,4.157783972196550937e-01,3.645613314792470194e-01,-3.630327696246025138e-01,4.473159278430238750e-01,4.888310278881773385e-01,5.973000000000049381e-01
2.994999999999781171e+00,4.906516550309493740e-01,1.021724837605664628e-03,1.314779421358446276e-01,4.190580752472002901e-01,3.646027944894218442e-01,-3.650056133867174424e-01,4.481961545131313285e-01,4.906539568812871566e-01,5.988000000000047729e-01
2.999999999999780620e+00,4.924747378395213371e-01,1.034924146902582330e-03,1.280948523902208924e-01,4.223493765089665897e-01,3.646423424335607510e-01,-3.669736812457615738e-01,4.490807560350957850e-01,4.924770874609425975e-01,6.003000000000046077e-01
3.004999999999780069e+00,4.942980119483576518e-01,1.048229108679951021e-03,1.247373603002005366e-01,4.256522994000433435e-01,3.646799926316303120e-01,-3.689370029749060587e-01,4.499697026878900497e-01,4.943004101036697628e-01,6.018000000000044425e-01
3.009999999999779519e+00,4.961214679116234816e-01,1.061640045342481268e-03,1.214053148459982578e-01,4.289668423172024458e-01,3.647157622790150877e-01,-3.708956082239108776e-01,4.508629648737909612e-01,4.961239153722211137e-01,6.033000000000042773e-01
3.014999999999778968e+00,4.979450963690335019e-01,1.075157278362964168e-03,1.180985655735515699e-01,4.322930036589069380e-01,3.647496684473251483e-01,-3.728495265397290259e-01,4.517605130977746519e-01,4.979475939149548558e-01,6.048000000000041121e-01
3.019999999999778417e+00,4.997688880452345050e-01,1.088781128285994061e-03,1.148169625982169706e-01,4.356307818253207231e-01,3.647817280849329769e-01,-3.747987873600511777e-01,4.526623179739755476e-01,4.997714364652180996e-01,6.063000000000039469e-01
3.024999999999777867e+00,5.015928337491912803e-01,1.102511914731708811e-03,1.115603566082483955e-01,4.389801752183152828e-01,3.648119580175884780e-01,-3.767434200057913074e-01,4.535683502332009676e-01,5.015954338407322410e-01,6.078000000000037817e-01
3.029999999999777316e+00,5.034169243735751031e-01,1.116349956399556326e-03,1.083285988679897199e-01,4.423411822414778372e-01,3.648403749491255788e-01,-3.786834536865401613e-01,4.544785807174737680e-01,5.034195769429818945e-01,6.093000000000036165e-01
3.034999999999776765e+00,5.052411508941561102e-01,1.130295571072077992e-03,1.051215412213687694e-01,4.457138013001179511e-01,3.648669954620935574e-01,-3.806189175094472632e-01,4.553929803711559976e-01,5.052438567566073235e-01,6.108000000000034513e-01
3.039999999999776215e+00,5.070655043691985053e-01,1.144349075618709011e-03,1.019390360946154928e-01,4.490980308012755828e-01,3.648918360182696885e-01,-3.825498404536502584e-01,4.563115202665161130e-01,5.070682643487995911e-01,6.123000000000032861e-01
3.044999999999775664e+00,5.088899759388589850e-01,1.158510785999602175e-03,9.878093649969131584e-02,4.524938691537242486e-01,3.649149129594964625e-01,-3.844762514108376328e-01,4.572341715631699222e-01,5.088927908686993185e-01,6.138000000000031209e-01
3.049999999999775113e+00,5.107145568245875511e-01,1.172781017269461379e-03,9.564709603683020644e-02,4.559013147679794042e-01,3.649362425079928363e-01,-3.863981791332291582e-01,4.581609055600990299e-01,5.107174275467971647e-01,6.153000000000029557e-01
3.054999999999774563e+00,5.125392383285328757e-01,1.187160083581397484e-03,9.253736889755335981e-02,4.593203660563020541e-01,3.649558407673303972e-01,-3.883156522831456292e-01,4.590916936460808784e-01,5.125421656943400794e-01,6.168000000000027905e-01
3.059999999999774012e+00,5.143640118329495525e-01,1.201648298190796313e-03,8.945160986705739947e-02,4.627510214327004157e-01,3.649737237227674291e-01,-3.902286993940978221e-01,4.600265073386048953e-01,5.143669967027377776e-01,6.183000000000026253e-01
3.064999999999773461e+00,5.161888687996093461e-01,1.216245973459202483e-03,8.638967432705908778e-02,4.661932793129386354e-01,3.649899072420806356e-01,-3.921373489047359495e-01,4.609653182499163782e-01,5.161919120429743213e-01,6.198000000000024601e-01
3.069999999999772911e+00,5.180138007692143276e-01,1.230953420858215373e-03,8.335141825789540992e-02,4.696471381145375656e-01,3.650044070759561055e-01,-3.940416291226752077e-01,4.619080981231981631e-01,5.180169032650216998e-01,6.213000000000022949e-01
3.074999999999772360e+00,5.198387993608136748e-01,1.245770950973399413e-03,8.033669824126049575e-02,4.731125962567765963e-01,3.650172388588420191e-01,-3.959415682651695190e-01,4.628548187918965495e-01,5.198419619972567407e-01,6.228000000000021297e-01
3.079999999999771809e+00,5.216638562712245797e-01,1.260698873508203470e-03,7.734537146213651959e-02,4.765896521606971525e-01,3.650284181092753877e-01,-3.978371944121269488e-01,4.638054522267021085e-01,5.216670799458813512e-01,6.243000000000019645e-01
3.084999999999771259e+00,5.234889632744543775e-01,1.275737497287894769e-03,7.437729571101985016e-02,4.800783042491036379e-01,3.650379602308091442e-01,-3.997285355512820715e-01,4.647599704903855322e-01,5.234922488943455354e-01,6.258000000000017993e-01
3.089999999999770708e+00,5.253141122211265612e-01,1.290887130263500401e-03,7.143232938605563465e-02,4.835785509465646559e-01,3.650458805123562023e-01,-4.016156195513090332e-01,4.657183457646787983e-01,5.253174607027734089e-01,6.273000000000016341e-01
3.094999999999770157e+00,5.271392950379100162e-01,1.306148079515758592e-03,6.851033149485749596e-02,4.870903906794130100e-01,3.650521941288752403e-01,-4.034984741641228223e-01,4.666805503479778960e-01,5.271427073073922109e-01,6.288000000000014689e-01
3.099999999999769607e+00,5.289645037269509187e-01,1.321520651259079073e-03,6.561116165647354337e-02,4.906138218757463143e-01,3.650569161420255671e-01,-4.053771270372281688e-01,4.676465566429968135e-01,5.289679807199640926e-01,6.303000000000013037e-01
3.104999999999769056e+00,5.307897303653076326e-01,1.337005150845511046e-03,6.273468010309769805e-02,4.941488429654249948e-01,3.650600615006591165e-01,-4.072516056988070843e-01,4.686163371716765558e-01,5.307932730272215682e-01,6.318000000000011385e-01
3.109999999999768505e+00,5.326149671043884926e-01,1.352601882768716783e-03,5.988074768176310236e-02,4.976954523800721786e-01,3.650616450415029024e-01,-4.091219375686396265e-01,4.695898645642685998e-01,5.326185763903057424e-01,6.333000000000009733e-01
3.114999999999767955e+00,5.344402061693928063e-01,1.368311150667954551e-03,5.704922585582544725e-02,5.012536485530706409e-01,3.650616814896980866e-01,-4.109881499529564608e-01,4.705671115644815550e-01,5.344438830442065358e-01,6.348000000000008081e-01
3.119999999999767404e+00,5.362654398587547444e-01,1.384133257332062408e-03,5.423997670675607952e-02,5.048234299195616392e-01,3.650601854594024975e-01,-4.128502700524788183e-01,4.715480510214465348e-01,5.362691852972071294e-01,6.363000000000006429e-01
3.124999999999766853e+00,5.380906605435898937e-01,1.400068504703448711e-03,5.145286293520425630e-02,5.084047949164404168e-01,3.650571714542891200e-01,-4.147083249385086767e-01,4.725326559136212023e-01,5.380944755303301852e-01,6.378000000000004777e-01
3.129999999999766302e+00,5.399158606671448091e-01,1.416117193882087191e-03,4.868774786269637611e-02,5.119977419823528164e-01,3.650526538683487310e-01,-4.165623415927950379e-01,4.735208993089322638e-01,5.399197461967882861e-01,6.393000000000003125e-01
3.134999999999765752e+00,5.417410327442496731e-01,1.432279625129513102e-03,4.594449543254423840e-02,5.156022695576915060e-01,3.650466469861779473e-01,-4.184123468621898656e-01,4.745127544101128692e-01,5.417449898214360404e-01,6.408000000000001473e-01
3.139999999999765201e+00,5.435661693607735101e-01,1.448556097872823927e-03,4.322297021137657541e-02,5.192183760845908713e-01,3.650391649838492514e-01,-4.202583675044567757e-01,4.755081945089024709e-01,5.435701990002256290e-01,6.422999999999999821e-01
3.144999999999764650e+00,5.453912631730830629e-01,1.464946910708679433e-03,4.052303738990831183e-02,5.228460600069192443e-01,3.650302219291898242e-01,-4.221004301432182970e-01,4.765071930310963433e-01,5.453953663996654599e-01,6.437999999999998169e-01
3.149999999999764100e+00,5.472163069075027808e-01,1.481452361407302595e-03,3.784456278433362408e-02,5.264853197702799026e-01,3.650198317826380268e-01,-4.239385613122971241e-01,4.775097234922069944e-01,5.472204847562811558e-01,6.452999999999996517e-01
3.154999999999763549e+00,5.490412933597801359e-01,1.498072746916480737e-03,3.518741283698618993e-02,5.301361538219947489e-01,3.650080083975284495e-01,-4.257727874109197286e-01,4.785157595422634413e-01,5.490455468760796487e-01,6.467999999999994865e-01
3.159999999999762998e+00,5.508662153945516060e-01,1.514808363365568187e-03,3.255145461736996121e-02,5.337985606111032011e-01,3.649947655209511144e-01,-4.276031347463514765e-01,4.795252749231739831e-01,5.508705456340160511e-01,6.482999999999993213e-01
3.164999999999762448e+00,5.526910659448124319e-01,1.531659506069483513e-03,2.993655582297847714e-02,5.374725385883524220e-01,3.649801167940611712e-01,-4.294296295045271217e-01,4.805382434981010364e-01,5.526954739734635247e-01,6.497999999999991561e-01
3.169999999999761897e+00,5.545158380113891505e-01,1.548626469532707198e-03,2.734258478006748941e-02,5.411580862061889929e-01,3.649640757527655710e-01,-4.312522977612553987e-01,4.815546392402547671e-01,5.545203249056855910e-01,6.512999999999989909e-01
3.174999999999761346e+00,5.563405246624145706e-01,1.565709547453274317e-03,2.476941044429058561e-02,5.448552019187499207e-01,3.649466558282635220e-01,-4.330711654797240184e-01,4.825744362353920902e-01,5.563450915093116622e-01,6.527999999999988257e-01
3.179999999999760796e+00,5.581651190328064116e-01,1.582909032726766791e-03,2.221690240128783300e-02,5.485638841818536449e-01,3.649278703476181995e-01,-4.348862585150531923e-01,4.835976086772631466e-01,5.581697669298145703e-01,6.542999999999986604e-01
3.184999999999760245e+00,5.599896143237472756e-01,1.600225217450299128e-03,1.968493086739088460e-02,5.522841314529873813e-01,3.649077325342690026e-01,-4.366976026132322053e-01,4.846241308686770610e-01,5.599943443789927588e-01,6.557999999999984952e-01
3.189999999999759694e+00,5.618140038021689486e-01,1.617658392926498746e-03,1.717336668999754762e-02,5.560159421912986843e-01,3.648862555085565784e-01,-4.385052234008080529e-01,4.856539772318131942e-01,5.618188171344525861e-01,6.572999999999983300e-01
3.194999999999759144e+00,5.636382808002377010e-01,1.635208849667480228e-03,1.468208134800342256e-02,5.597593148575834565e-01,3.648634522883790199e-01,-4.403091464013844658e-01,4.866871222917282247e-01,5.636431785390946247e-01,6.587999999999981648e-01
3.199999999999758593e+00,5.654624387148445841e-01,1.652876877398816967e-03,1.221094695233466455e-02,5.635142479142735139e-01,3.648393357896352884e-01,-4.421093970276378515e-01,4.877235406843353216e-01,5.654674220006039587e-01,6.602999999999979996e-01
3.204999999999758042e+00,5.672864710070959493e-01,1.670662765063500458e-03,9.759836246091011316e-03,5.672807398254210431e-01,3.648139188267707222e-01,-4.439060005728196479e-01,4.887632071649097854e-01,5.672915409909410345e-01,6.617999999999978344e-01
3.209999999999757492e+00,5.691103712018084071e-01,1.688566800825895683e-03,7.328622604864123979e-03,5.710587890566911629e-01,3.647872141134300694e-01,-4.456989822307931282e-01,4.898060965880482454e-01,5.691155290458362881e-01,6.632999999999976692e-01
3.214999999999756941e+00,5.709341328870060073e-01,1.706589272075687610e-03,4.917180037038148752e-03,5.748483940753447152e-01,3.647592342628534490e-01,-4.474883670811692360e-01,4.908521839225393757e-01,5.709393797642874357e-01,6.647999999999975040e-01
3.219999999999756390e+00,5.727577497134198614e-01,1.724730465431816842e-03,2.525383183819296991e-03,5.786495533502235000e-01,3.647299917884616605e-01,-4.492741800886145831e-01,4.919014442520545649e-01,5.727630868080597626e-01,6.662999999999973388e-01
3.224999999999755840e+00,5.745812153939906519e-01,1.742990666746408119e-03,1.531073193809894656e-04,5.824622653517359527e-01,3.646994991044504864e-01,-4.510564461155178728e-01,4.929538527624857114e-01,5.745866439011878546e-01,6.677999999999971736e-01
3.229999999999755289e+00,5.764045237033735836e-01,1.761370161108686454e-03,-2.199771648979302260e-03,5.862865285518419345e-01,3.646677685262208479e-01,-4.528351899114660406e-01,4.940093847524677506e-01,5.764100448294814383e-01,6.692999999999970084e-01
3.234999999999754738e+00,5.782276684774466657e-01,1.779869232848882432e-03,-4.533377181014051731e-03,5.901223414240359677e-01,3.646348122709444639e-01,-4.546104361105805514e-01,4.950680156360473538e-01,5.782332834400328858e-01,6.707999999999968432e-01
3.239999999999754188e+00,5.800506436128204379e-01,1.798488165542128396e-03,-6.847832103375891925e-03,5.939697024433310268e-01,3.646006424581624827e-01,-4.563822092481580883e-01,4.961297209260427943e-01,5.800563536407279397e-01,6.722999999999966780e-01
3.244999999999753637e+00,5.818734430663513590e-01,1.817227242012340975e-03,-9.143258609932715039e-03,5.978286100862404417e-01,3.645652711101700638e-01,-4.581505337376899911e-01,4.971944762570236209e-01,5.818792493997587689e-01,6.737999999999965128e-01
3.249999999999753086e+00,5.836960608546575280e-01,1.836086744336090171e-03,-1.141977826171436568e-02,6.016990628307615774e-01,3.645287101526961115e-01,-4.599154338975185441e-01,4.982622573586624748e-01,5.837019647451393567e-01,6.752999999999963476e-01
3.254999999999752536e+00,5.855184910536364029e-01,1.855066953846455646e-03,-1.367751198710151668e-02,6.055810591563561829e-01,3.644909714152393954e-01,-4.616769339244476411e-01,4.993330400821198722e-01,5.855244937642242187e-01,6.767999999999961824e-01
3.259999999999751985e+00,5.873407277979862950e-01,1.874168151136870004e-03,-1.591658008228603524e-02,6.094745975439315178e-01,3.644520666317437319e-01,-4.634350579075026122e-01,5.004068003862912617e-01,5.873468306032290087e-01,6.782999999999960172e-01
3.264999999999751434e+00,5.891627652807291948e-01,1.893390616064948842e-03,-1.813710221124451016e-02,6.133796764758212561e-01,3.644120074410955867e-01,-4.651898298401835330e-01,5.014835143255530481e-01,5.891689694667543442e-01,6.797999999999958520e-01
3.269999999999750884e+00,5.909845977527370398e-01,1.912734627756299986e-03,-2.033919740619209021e-02,6.172962944357660575e-01,3.643708053874646358e-01,-4.669412735889579835e-01,5.025631580812698340e-01,5.909909046173112968e-01,6.812999999999956868e-01
3.274999999999750333e+00,5.928062195222598696e-01,1.932200464608323622e-03,-2.252298406801057917e-02,6.212244499088919181e-01,3.643284719210482803e-01,-4.686894129214040361e-01,5.036457079336601472e-01,5.928126303748505466e-01,6.827999999999955216e-01
3.279999999999749782e+00,5.946276249544575343e-01,1.951788404293994857e-03,-2.468857996642838740e-02,6.251641413816898529e-01,3.642850183984537860e-01,-4.704342715000027764e-01,5.047311402679985903e-01,5.946341411162929802e-01,6.842999999999953564e-01
3.284999999999749232e+00,5.964488084709321791e-01,1.971498723765625904e-03,-2.683610224065087826e-02,6.291153673419934700e-01,3.642404560831607463e-01,-4.721758728662404647e-01,5.058194315905198968e-01,5.964554312750637299e-01,6.857999999999951912e-01
3.289999999999748681e+00,5.982697645492656147e-01,1.991331699258616552e-03,-2.896566739975759211e-02,6.330781262789587638e-01,3.641947961461863281e-01,-4.739142404658620022e-01,5.069105585031669081e-01,5.982764953406283226e-01,6.872999999999950260e-01
3.294999999999748130e+00,6.000904877225571310e-01,2.011287606295182086e-03,-3.107739132319336725e-02,6.370524166830389134e-01,3.641480496664273314e-01,-4.756493976311196858e-01,5.080044977213424851e-01,6.000973278580312709e-01,6.887999999999948608e-01
3.299999999999747580e+00,6.019109725789648646e-01,2.031366719688067115e-03,-3.317138926141304650e-02,6.410382370459631884e-01,3.641002276312286234e-01,-4.773813675859422956e-01,5.091012260687438618e-01,6.019179234274371071e-01,6.902999999999946956e-01
3.304999999999747029e+00,6.037312137612490526e-01,2.051569313544236630e-03,-3.524777583629312011e-02,6.450355858607129678e-01,3.640513409368851816e-01,-4.791101734524359501e-01,5.102007204708612909e-01,6.037382767036746367e-01,6.917999999999945304e-01
3.309999999999746478e+00,6.055512059663189506e-01,2.071895661268550147e-03,-3.730666504175690623e-02,6.490444616214972040e-01,3.640014003890609251e-01,-4.808358382348371651e-01,5.113029579710339778e-01,6.055583823957825240e-01,6.932999999999943652e-01
3.314999999999745928e+00,6.073709439447801950e-01,2.092346035567415035e-03,-3.934817024464291879e-02,6.530648628237275544e-01,3.639504167034129378e-01,-4.825583848310914248e-01,5.124079157188636824e-01,6.073782352665578754e-01,6.947999999999942000e-01
3.319999999999745377e+00,6.091904225004870499e-01,2.112920708452423798e-03,-4.137240418517675739e-02,6.570967879639951770e-01,3.638984005060660332e-01,-4.842778360443377172e-01,5.135155709587395645e-01,6.091978301321078204e-01,6.962999999999940348e-01
3.324999999999744826e+00,6.110096364900952093e-01,2.133619951243964034e-03,-4.337947897771659428e-02,6.611402355400438635e-01,3.638453623339404919e-01,-4.859942145574738248e-01,5.146259010552731716e-01,6.110171618614033129e-01,6.977999999999938696e-01
3.329999999999744276e+00,6.128285808226175968e-01,2.154444034574810613e-03,-4.536950611156381763e-02,6.651952040507431718e-01,3.637913126354060944e-01,-4.877075429493847314e-01,5.157388834770711972e-01,6.128362253758341538e-01,6.992999999999937044e-01
3.334999999999743725e+00,6.146472504589834962e-01,2.175393228393695741e-03,-4.734259645158536700e-02,6.692616919960642230e-01,3.637362617707268764e-01,-4.894178436954200739e-01,5.168544957962618591e-01,6.146550156487683436e-01,7.007999999999935392e-01
3.339999999999743174e+00,6.164656404115981259e-01,2.196467801968857766e-03,-4.929886023927456534e-02,6.733396978770508357e-01,3.636802200124998330e-01,-4.911251391547907796e-01,5.179727157010973748e-01,6.164735277051122120e-01,7.022999999999933740e-01
3.344999999999742624e+00,6.182837457439073203e-01,2.217668023891568741e-03,-5.123840709322197845e-02,6.774292201957945458e-01,3.636231975462542731e-01,-4.928294515957622468e-01,5.190935209707675524e-01,6.182917566208746551e-01,7.037999999999932088e-01
3.349999999999742073e+00,6.201015615699622119e-01,2.238994162079633362e-03,-5.316134601036640733e-02,6.815302574554049642e-01,3.635652044707291530e-01,-4.945308031573645291e-01,5.202168895136878302e-01,6.201096975227319286e-01,7.052999999999930436e-01
3.354999999999741522e+00,6.219190830539872428e-01,2.260446483780871856e-03,-5.506778536665736523e-02,6.856428081599826863e-01,3.635062507986399072e-01,-4.962292158967742117e-01,5.213427993201195099e-01,6.219273455875959922e-01,7.067999999999928784e-01
3.359999999999740972e+00,6.237363054099509529e-01,2.282025255576572952e-03,-5.695783291779798335e-02,6.897668708145905381e-01,3.634463464568374325e-01,-4.979247117495668729e-01,5.224712285019230684e-01,6.237446960421857423e-01,7.082999999999927132e-01
3.364999999999740421e+00,6.255532239011385442e-01,2.303730743384925159e-03,-5.883159580061973759e-02,6.939024439252247101e-01,3.633855012869767753e-01,-4.996173125361494383e-01,5.236021552861255257e-01,6.255617441625989095e-01,7.097999999999925480e-01
3.369999999999739870e+00,6.273698338397275531e-01,2.325563212464426804e-03,-6.068918053374994931e-02,6.980495259987846701e-01,3.633237250461033852e-01,-5.013070399963365231e-01,5.247355579803466563e-01,6.273784852738878426e-01,7.112999999999923828e-01
3.374999999999739320e+00,6.291861305863649667e-01,2.347522927417266137e-03,-6.253069301853808604e-02,7.022081155430467403e-01,3.632610274067935019e-01,-5.029939157444236475e-01,5.258714150177266067e-01,6.291949147496374017e-01,7.127999999999922176e-01
3.379999999999738769e+00,6.310021095497466703e-01,2.369610152192674988e-03,-6.435623854030385338e-02,7.063782110666272374e-01,3.631974179578730810e-01,-5.046779612865966991e-01,5.270097049395209288e-01,6.310110280115439618e-01,7.142999999999920524e-01
3.384999999999738218e+00,6.328177661862010028e-01,2.391825150090262034e-03,-6.616592176917318602e-02,7.105598110789608235e-01,3.631329062049112877e-01,-5.063591980363852940e-01,5.281504063796489401e-01,6.328268205289991899e-01,7.157999999999918872e-01
3.389999999999737668e+00,6.346330959992727561e-01,2.414168183763318754e-03,-6.795984676132504898e-02,7.147529140902645350e-01,3.630675015705149833e-01,-5.080376472883877392e-01,5.292934980909683729e-01,6.346422878186734895e-01,7.172999999999917220e-01
3.394999999999737117e+00,6.364480945393100608e-01,2.436639515222096750e-03,-6.973811695979928449e-02,7.189575186115068073e-01,3.630012133949615527e-01,-5.097133302434599944e-01,5.304389589200926292e-01,6.364574254441039969e-01,7.187999999999915568e-01
3.399999999999736566e+00,6.382627574030532713e-01,2.459239405837055584e-03,-7.150083519586215852e-02,7.231736231543777205e-01,3.629340509365061584e-01,-5.113862679793181876e-01,5.315867678367893756e-01,6.382722290152834654e-01,7.202999999999913916e-01
3.404999999999736016e+00,6.400770802332277354e-01,2.481968116342092839e-03,-7.324810369002263122e-02,7.274012262312572474e-01,3.628660233720669703e-01,-5.130564814844240651e-01,5.327369039000926509e-01,6.400866941882524808e-01,7.217999999999912264e-01
3.409999999999735465e+00,6.418910587181372307e-01,2.504825906837738602e-03,-7.498002405313199115e-02,7.316403263551812808e-01,3.627971397974740775e-01,-5.147239916336050491e-01,5.338893462826941327e-01,6.419008166646928970e-01,7.232999999999910612e-01
3.414999999999734914e+00,6.437046885912603988e-01,2.527813036794324380e-03,-7.669669728763892080e-02,7.358909220398108797e-01,3.627274092280319273e-01,-5.163888191940398942e-01,5.350440742649497095e-01,6.437145921915249369e-01,7.247999999999908960e-01
3.419999999999734364e+00,6.455179656308489555e-01,2.550929765055123376e-03,-7.839822378861620311e-02,7.401530117994001845e-01,3.626568405990028832e-01,-5.180509848323978650e-01,5.362010672277494061e-01,6.455280165605051801e-01,7.262999999999907308e-01
3.424999999999733813e+00,6.473308856595292315e-01,2.574176349839464757e-03,-8.008470334525602530e-02,7.444265941487634430e-01,3.625854427659996326e-01,-5.197105090997384824e-01,5.373603046676156403e-01,6.473410856078282150e-01,7.277999999999905656e-01
3.429999999999733262e+00,6.491434445439048240e-01,2.597553048745820589e-03,-8.175623514175014983e-02,7.487116676032397056e-01,3.625132245055704416e-01,-5.213674124593048465e-01,5.385217661689176705e-01,6.491537952137297340e-01,7.292999999999904004e-01
3.434999999999732712e+00,6.509556381941628000e-01,2.621060118754856786e-03,-8.341291775872811121e-02,7.530082306786620716e-01,3.624401945154266391e-01,-5.230217152471826614e-01,5.396854314432090183e-01,6.509661413020921827e-01,7.307999999999902352e-01
3.439999999999732161e+00,6.527674625636811223e-01,2.644697816232460200e-03,-8.505484917443793813e-02,7.573162818913218297e-01,3.623663614151754753e-01,-5.246734377070469968e-01,5.408512802944838160e-01,6.527781198400525176e-01,7.322999999999900700e-01
3.444999999999731610e+00,6.545789136486389603e-01,2.668466396932738828e-03,-8.668212676612770118e-02,7.616358197579371492e-01,3.622917337466046717e-01,-5.263225999708442959e-01,5.420192926384992393e-01,6.545897268376124067e-01,7.337999999999899048e-01
3.449999999999731060e+00,6.563899874876288898e-01,2.692366116000988185e-03,-8.829484731117039076e-02,7.659668427956167758e-01,3.622163199742154394e-01,-5.279692220716381001e-01,5.431894484899313369e-01,6.564009583472514286e-01,7.352999999999897396e-01
3.454999999999730509e+00,6.582006801612720892e-01,2.716397227976627329e-03,-8.989310698856849136e-02,7.703093495218269471e-01,3.621401284855895186e-01,-5.296133239263551840e-01,5.443617279796284514e-01,6.582118104635408251e-01,7.367999999999895744e-01
3.459999999999729958e+00,6.600109877918349799e-01,2.740559986796108419e-03,-9.147700138005293580e-02,7.746633384543566425e-01,3.620631675919768200e-01,-5.312549253585019393e-01,5.455361113319030508e-01,6.600222793227614737e-01,7.382999999999894092e-01
3.464999999999729408e+00,6.618209065428484195e-01,2.764854645795792026e-03,-9.304662547168145170e-02,7.790288081112821672e-01,3.619854455285905770e-01,-5.328940460714389760e-01,5.467125788912515771e-01,6.618323611025223041e-01,7.397999999999892440e-01
3.469999999999728857e+00,6.636304326187293379e-01,2.789281457714797279e-03,-9.460207365486812681e-02,7.834057570109325130e-01,3.619069704552450584e-01,-5.345307056790573608e-01,5.478911110916864224e-01,6.636420520213830443e-01,7.412999999999890788e-01
3.474999999999728306e+00,6.654395622644047048e-01,2.813840674697812554e-03,-9.614343972813546579e-02,7.877941836718553859e-01,3.618277504565983183e-01,-5.361649236687183739e-01,5.490716884937939524e-01,6.654513483384769668e-01,7.427999999999889136e-01
3.479999999999727756e+00,6.672482917649372736e-01,2.838532548297888376e-03,-9.767081689825292401e-02,7.921940866127812342e-01,3.617477935428697888e-01,-5.377967194458955769e-01,5.502542917400984335e-01,6.672602463531379646e-01,7.442999999999887484e-01
3.484999999999727205e+00,6.690566174451541004e-01,2.863357329479187825e-03,-9.918429778156442889e-02,7.966054643525865009e-01,3.616671076499840543e-01,-5.394261122937378250e-01,5.514389015954976880e-01,6.690687424045282938e-01,7.457999999999885832e-01
3.489999999999726654e+00,6.708645356692772843e-01,2.888315268619709615e-03,-1.006839744056825386e-01,8.010283154102612047e-01,3.615857006402329321e-01,-5.410531213865218403e-01,5.526254989338151846e-01,6.708768328712695350e-01,7.472999999999884180e-01
3.494999999999726104e+00,6.726720428405564833e-01,2.913406615513982559e-03,-1.021699382107627840e-01,8.054626383048709704e-01,3.615035803027635830e-01,-5.426777658086474609e-01,5.538140647188043442e-01,6.726845141710754428e-01,7.487999999999882528e-01
3.499999999999725553e+00,6.744791354009044282e-01,2.938631619375727932e-03,-1.036422800508627340e-01,8.099084315555219460e-01,3.614207543538215939e-01,-5.443000645282430883e-01,5.550045800305499766e-01,6.744917827603872373e-01,7.502999999999880876e-01
3.504999999999725002e+00,6.762858098305338794e-01,2.963990528840483238e-03,-1.051010901956100502e-01,8.143656936813244984e-01,3.613372304373330124e-01,-5.459200364033948150e-01,5.561970260592336013e-01,6.762986351340105617e-01,7.517999999999879224e-01
3.509999999999724452e+00,6.780920626475973600e-01,2.989483591968206469e-03,-1.065464583314496005e-01,8.188344232013583524e-01,3.612530161254036698e-01,-5.475377001984853553e-01,5.573913840888038429e-01,6.781050678247561025e-01,7.532999999999877572e-01
3.514999999999723901e+00,6.798978904078292196e-01,3.015111056245837855e-03,-1.079784735632746268e-01,8.233146186346356199e-01,3.611681189186091712e-01,-5.491530745575475825e-01,5.585876355236211177e-01,6.799110774030805437e-01,7.547999999999875920e-01
3.519999999999723350e+00,6.817032897041891415e-01,3.040873168589838631e-03,-1.093972244159793633e-01,8.278062785000654955e-01,3.610825462466251690e-01,-5.507661780280636021e-01,5.597857618646587818e-01,6.817166604767311844e-01,7.562999999999874268e-01
3.524999999999722800e+00,6.835082571665093143e-01,3.066770175348690775e-03,-1.108027988357563193e-01,8.323094013164168414e-01,3.609963054685512152e-01,-5.523770290536240690e-01,5.609857447168531408e-01,6.835218136903921105e-01,7.577999999999872616e-01
3.529999999999722249e+00,6.853127894611419357e-01,3.092802322305367255e-03,-1.121952841917912003e-01,8.368239856022847700e-01,3.609094038733277610e-01,-5.539856459589745930e-01,5.621875658040494939e-01,6.853265337253331424e-01,7.592999999999870964e-01
3.534999999999721698e+00,6.871168832906110469e-01,3.118969854679771482e-03,-1.135747672777327466e-01,8.413500298760510088e-01,3.608218486803435043e-01,-5.555920469733327538e-01,5.633912069456957772e-01,6.871308172990601149e-01,7.607999999999869312e-01
3.539999999999721148e+00,6.889205353932649212e-01,3.145273017131145973e-03,-1.149413343133076915e-01,8.458875326558489283e-01,3.607336470397433659e-01,-5.571962502144455209e-01,5.645966500727791493e-01,6.889346611649688201e-01,7.622999999999867660e-01
3.544999999999720597e+00,6.907237425429316735e-01,3.171712053760445457e-03,-1.162950709457255538e-01,8.504364924595290143e-01,3.606448060329384697e-01,-5.587982736979327791e-01,5.658038772184913467e-01,6.907380621119998398e-01,7.637999999999866008e-01
3.549999999999720046e+00,6.925265015485765341e-01,3.198287208112680479e-03,-1.176360622514370513e-01,8.549969078046206761e-01,3.605553326729959429e-01,-5.603981353231543006e-01,5.670128705323594920e-01,6.925410169642963742e-01,7.652999999999864356e-01
3.554999999999719495e+00,6.943288092539617873e-01,3.224998723179228928e-03,-1.189643927376684146e-01,8.595687772082963862e-01,3.604652339052092369e-01,-5.619958528942212705e-01,5.682236122592367877e-01,6.943435225808635147e-01,7.667999999999862704e-01
3.559999999999718945e+00,6.961306625373087087e-01,3.251846841400116324e-03,-1.202801463439526070e-01,8.641520991873338220e-01,3.603745166073960005e-01,-5.635914441045405399e-01,5.694360847547629279e-01,6.961455758552310691e-01,7.682999999999861052e-01
3.564999999999718394e+00,6.979320583109619447e-01,3.278831804666257951e-03,-1.215834064437467804e-01,8.687468722580875546e-01,3.602831875903949044e-01,-5.651849265373071196e-01,5.706502704848664953e-01,6.979471737151173860e-01,7.697999999999859400e-01
3.569999999999717843e+00,6.997329935210552243e-01,3.305953854321678435e-03,-1.228742558461549395e-01,8.733530949364411988e-01,3.601912535985535291e-01,-5.667763176693282334e-01,5.718661520219540106e-01,6.997483131220958441e-01,7.712999999999857748e-01
3.574999999999717293e+00,7.015334651471811789e-01,3.333213231165690991e-03,-1.241527767974081042e-01,8.779707657377792129e-01,3.600987213101667361e-01,-5.683656348761548793e-01,5.730837120397694884e-01,7.015489910712638943e-01,7.727999999999856096e-01
3.579999999999716742e+00,7.033334702020613838e-01,3.360610175455051949e-03,-1.254190509825966193e-01,8.825998831769477082e-01,3.600055973378473162e-01,-5.699528954168058270e-01,5.743029333286759908e-01,7.033492045909133239e-01,7.742999999999854444e-01
3.584999999999716191e+00,7.051330057312196198e-01,3.388144926906078852e-03,-1.266731595274463162e-01,8.872404457682220302e-01,3.599118882290916477e-01,-5.715381164488596566e-01,5.755237987805689182e-01,7.051489507422047387e-01,7.757999999999852792e-01
3.589999999999715641e+00,7.069320688126579100e-01,3.415817724696739929e-03,-1.279151829997056122e-01,8.918924520252671240e-01,3.598176004666500671e-01,-5.731213150291654124e-01,5.767462913881615805e-01,7.069482266188418240e-01,7.772999999999851140e-01
3.594999999999715090e+00,7.087306565565331118e-01,3.443628807468705408e-03,-1.291452014110084645e-01,8.965559004611024507e-01,3.597227404688873587e-01,-5.747025080904251126e-01,5.779703942684071283e-01,7.087470293467493798e-01,7.787999999999849488e-01
3.599999999999714539e+00,7.105287661048373948e-01,3.471578413329374970e-03,-1.303632942185122823e-01,9.012307895880685704e-01,3.596273145904421709e-01,-5.762817124697968696e-01,5.791960906338963211e-01,7.105453560837533544e-01,7.802999999999847835e-01
3.604999999999713989e+00,7.123263946310799399e-01,3.499666779853871819e-03,-1.315695403266251007e-01,9.059171179177896160e-01,3.595313291225172847e-01,-5.778589448924567051e-01,5.804233638092979319e-01,7.123432040192627657e-01,7.817999999999846183e-01
3.609999999999713438e+00,7.141235393399717468e-01,3.527894144087004649e-03,-1.327640180887160737e-01,9.106148839611387658e-01,3.594347902933806571e-01,-5.794342219777928182e-01,5.816521972251680328e-01,7.141405703739545086e-01,7.832999999999844531e-01
3.614999999999712887e+00,7.159201974671117741e-01,3.556260742545199263e-03,-1.339468053088119781e-01,9.153240862282030488e-01,3.593377042687848077e-01,-5.810075602370692316e-01,5.828825744202812409e-01,7.159374523994591621e-01,7.847999999999842879e-01
3.619999999999712337e+00,7.177163662786759657e-01,3.584766811218394189e-03,-1.351179792433659654e-01,9.200447232282489285e-01,3.592400771524149050e-01,-5.825789760720793131e-01,5.841144790429863010e-01,7.177338473780506822e-01,7.862999999999841227e-01
3.624999999999711786e+00,7.195120430711076098e-01,3.613412585571914616e-03,-1.362776166029233682e-01,9.247767934696852210e-01,3.591419149863533389e-01,-5.841484857786966023e-01,5.853478948476545929e-01,7.195297526223368711e-01,7.877999999999839575e-01
3.629999999999711235e+00,7.213072251708114724e-01,3.642198300548304696e-03,-1.374257935538760467e-01,9.295202954600301215e-01,3.590432237514967762e-01,-5.857161055396861160e-01,5.865828057018670494e-01,7.213251654749528452e-01,7.892999999999837923e-01
3.634999999999710685e+00,7.231019099338483747e-01,3.671124190569139897e-03,-1.385625857204536571e-01,9.342752277058780086e-01,3.589440093680638655e-01,-5.872818514295196080e-01,5.878191955816048919e-01,7.231200833082565005e-01,7.907999999999836271e-01
3.639999999999710134e+00,7.248960947456338788e-01,3.700190489536807695e-03,-1.396880681861665807e-01,9.390415887128621408e-01,3.588442776960404368e-01,-5.888457394273074463e-01,5.890570485583161986e-01,7.249145035240264212e-01,7.922999999999834619e-01
3.644999999999709583e+00,7.266897770206371954e-01,3.729397430836249236e-03,-1.408023154957834810e-01,9.438193769856217941e-01,3.587440345354570570e-01,-5.904077853830644873e-01,5.902963488326515851e-01,7.267084235531617864e-01,7.937999999999832967e-01
3.649999999999709033e+00,7.284829542020839765e-01,3.758745247336677149e-03,-1.419054016572044996e-01,9.486085910277705091e-01,3.586432856270981295e-01,-5.919680050507177826e-01,5.915370807014604937e-01,7.285018408553843861e-01,7.952999999999831315e-01
3.654999999999708482e+00,7.302756237616606638e-01,3.788234171393268634e-03,-1.429974001430535935e-01,9.534092293418581221e-01,3.585420366527855562e-01,-5.935264140784604070e-01,5.927792285674367001e-01,7.302947529189435238e-01,7.967999999999829663e-01
3.659999999999707931e+00,7.320677831992208340e-01,3.817864434848817785e-03,-1.440783838925980553e-01,9.582212904293412326e-01,3.584402932357860783e-01,-5.950830279927744604e-01,5.940227769550977532e-01,7.320871572603225852e-01,7.982999999999828011e-01
3.664999999999707381e+00,7.338594300424943206e-01,3.847636269035367967e-03,-1.451484253137430291e-01,9.630447727905485644e-01,3.583380609414208995e-01,-5.966378622176160551e-01,5.952677104915971018e-01,7.338790514239474927e-01,7.997999999999826359e-01
3.669999999999706830e+00,7.356505618467984453e-01,3.877549904775815133e-03,-1.462075962844615329e-01,9.678796749246478814e-01,3.582353452774283964e-01,-5.981909320765983473e-01,5.965140139045486123e-01,7.356704329818984922e-01,8.012999999999824707e-01
3.674999999999706279e+00,7.374411761947508026e-01,3.907605572385472979e-03,-1.472559681551489086e-01,9.727259953296136796e-01,3.581321516942975181e-01,-5.997422527590957619e-01,5.977616720559216779e-01,7.374612995336231602e-01,8.027999999999823055e-01
3.679999999999705729e+00,7.392312706959857094e-01,3.937803501673624654e-03,-1.482936117501285345e-01,9.775837325021943247e-01,3.580284855860346171e-01,-6.012918393761795821e-01,5.990106698861018542e-01,7.392516487056525198e-01,8.042999999999821403e-01
3.684999999999705178e+00,7.410208429868716529e-01,3.968143921945035436e-03,-1.493205973696218880e-01,9.824528849378808548e-01,3.579243522902109675e-01,-6.028397069056491420e-01,6.002609924688696585e-01,7.410414781513186000e-01,8.057999999999819751e-01
3.689999999999704627e+00,7.428098907302312925e-01,3.998627062001437228e-03,-1.503369947917917171e-01,9.873334511308755612e-01,3.578197570887151624e-01,-6.043858702231729163e-01,6.015126249802537073e-01,7.428307855504746593e-01,8.072999999999818099e-01
3.694999999999704077e+00,7.445984116150640153e-01,4.029253150142998730e-03,-1.513428732743885563e-01,9.922254295740585706e-01,3.577147052081036116e-01,-6.059303441028486281e-01,6.027655526979734946e-01,7.446195686092179633e-01,8.087999999999816447e-01
3.699999999999703526e+00,7.463864033562704892e-01,4.060022414169746179e-03,-1.523383015568267884e-01,9.971288187589597563e-01,3.576092018199432676e-01,-6.074731431935993520e-01,6.040197610250457316e-01,7.464078250596137831e-01,8.102999999999814795e-01
3.704999999999702975e+00,7.481738636943789933e-01,4.090935081382978018e-03,-1.533233478620565915e-01,1.002043617175723877e+00,3.575032520414556103e-01,-6.090142820452320027e-01,6.052752354637249699e-01,7.481955526594226136e-01,8.117999999999813143e-01
3.709999999999702425e+00,7.499607903952754118e-01,4.121991378586646604e-03,-1.542980798983469848e-01,1.006969823313084156e+00,3.573968609358250115e-01,-6.105537750934260099e-01,6.065319616305191452e-01,7.499827491918295008e-01,8.132999999999811491e-01
3.714999999999701874e+00,7.517471812499337824e-01,4.153191532088704348e-03,-1.552625648616504372e-01,1.011907435658330412e+00,3.572900335126988902e-01,-6.120916366549842280e-01,6.077899252609360037e-01,7.517694124651749243e-01,8.147999999999809839e-01
3.719999999999701323e+00,7.535330340741506205e-01,4.184535767702446396e-03,-1.562168694370352495e-01,1.016856452697277424e+00,3.571827747287469879e-01,-6.136278809615683949e-01,6.090491121757498627e-01,7.535555403126893426e-01,8.162999999999808187e-01
3.724999999999700773e+00,7.553183467082800195e-01,4.216024310747801263e-03,-1.571610598011272675e-01,1.021816872914240504e+00,3.570750894877863235e-01,-6.151625221017917866e-01,6.103095083389111775e-01,7.553411305922280716e-01,8.177999999999806535e-01
3.729999999999700222e+00,7.571031170169725266e-01,4.247657386052617126e-03,-1.580952016236352453e-01,1.026788694792002410e+00,3.569669826416501102e-01,-6.166955740843571565e-01,6.115710997944079352e-01,7.571261811860102720e-01,8.192999999999804883e-01
3.734999999999699671e+00,7.588873428889145734e-01,4.279435217953911699e-03,-1.590193600696799547e-01,1.031771916811784262e+00,3.568584589902425996e-01,-6.182270507779279445e-01,6.128338727263971109e-01,7.589106900003584899e-01,8.207999999999803231e-01
3.739999999999699121e+00,7.606710222365720142e-01,4.311358030299103881e-03,-1.599335998016055971e-01,1.036766537453217785e+00,3.567495232823659768e-01,-6.197569659626405159e-01,6.140978134076910955e-01,7.606946549654423073e-01,8.222999999999801579e-01
3.744999999999698570e+00,7.624541529959346642e-01,4.343426046447221127e-03,-1.608379849811640838e-01,1.041772555194324879e+00,3.566401802158846723e-01,-6.212853332944041629e-01,6.153629082354583613e-01,7.624780740350226571e-01,8.237999999999799927e-01
3.749999999999698019e+00,7.642367331262630570e-01,4.375639489270086863e-03,-1.617325792714078003e-01,1.046789968511477653e+00,3.565304344383472546e-01,-6.228121663294838850e-01,6.166291437066440118e-01,7.642609451861993586e-01,8.252999999999798275e-01
3.754999999999697469e+00,7.660187606098384228e-01,4.407998581153474947e-03,-1.626174458386561161e-01,1.051818775879378665e+00,3.564202905472910188e-01,-6.243374785044609743e-01,6.178965064380103067e-01,7.660432664191602070e-01,8.267999999999796623e-01
3.759999999999696918e+00,7.678002334517141092e-01,4.440503543998249383e-03,-1.634926473547782810e-01,1.056858975771035825e+00,3.563097530908039823e-01,-6.258612831412961874e-01,6.191649831610699373e-01,7.678250357569326168e-01,8.282999999999794971e-01
3.764999999999696367e+00,7.695811496794693340e-01,4.473154599221482348e-03,-1.643582459990038103e-01,1.061910566657730204e+00,3.561988265680189336e-01,-6.273835934644435008e-01,6.204345607049760458e-01,7.696062512451383730e-01,8.297999999999793319e-01
3.769999999999695817e+00,7.713615073429657132e-01,4.505951967757549671e-03,-1.652143034601963323e-01,1.066973547008995604e+00,3.560875154293896006e-01,-6.289044225712983049e-01,6.217052260260733654e-01,7.713869109517488276e-01,8.312999999999791667e-01
3.774999999999695266e+00,7.731413045141055651e-01,4.538895870059206361e-03,-1.660608809387286167e-01,1.072047915292590359e+00,3.559758240773427951e-01,-6.304237834609991431e-01,6.229769661790989232e-01,7.731670129668443137e-01,8.327999999999790015e-01
3.779999999999694715e+00,7.749205392865922137e-01,4.571986526098635248e-03,-1.668980391488074644e-01,1.077133669974474461e+00,3.558637568665613538e-01,-6.319416890076501314e-01,6.242497683439587330e-01,7.749465554023743374e-01,8.342999999999788363e-01
3.784999999999694165e+00,7.766992097756936220e-01,4.605224155368489551e-03,-1.677258383204444925e-01,1.082230809518784476e+00,3.557513181046101369e-01,-6.334581519882792611e-01,6.255236197977694923e-01,7.767255363919206568e-01,8.357999999999786711e-01
3.789999999999693614e+00,7.784773141180076905e-01,4.638608976882901622e-03,-1.685443382016388603e-01,1.087339332387809332e+00,3.556385120522012611e-01,-6.349731850590794036e-01,6.267985079386213521e-01,7.785039540904630240e-01,8.372999999999785059e-01
3.794999999999693063e+00,7.802548504712288890e-01,4.672141209178476938e-03,-1.693535980603107782e-01,1.092459237041965237e+00,3.555253429237649754e-01,-6.364868007692447982e-01,6.280744202717372104e-01,7.802818066741457059e-01,8.387999999999783407e-01
3.799999999999692513e+00,7.820318170139187730e-01,4.705821070315275093e-03,-1.701536766867579320e-01,1.097590521939775465e+00,3.554118148878410710e-01,-6.379990115439293508e-01,6.293513444265166346e-01,7.820590923400486671e-01,8.402999999999781755e-01
3.804999999999691962e+00,7.838082119452777219e-01,4.739648777877771696e-03,-1.709446323955216562e-01,1.102733185537847271e+00,3.552979320676896702e-01,-6.395098297155400457e-01,6.306292681252448906e-01,7.838358093059585308e-01,8.417999999999780103e-01
3.809999999999691411e+00,7.855840334849193418e-01,4.773624548975796862e-03,-1.717265230278805510e-01,1.107887226290851457e+00,3.551836985414980608e-01,-6.410192674859143125e-01,6.319081792209149118e-01,7.856119558101436473e-01,8.432999999999778451e-01
3.814999999999690861e+00,7.873592798726474218e-01,4.807748600245464153e-03,-1.724994059537090785e-01,1.113052642651494173e+00,3.550691183430738640e-01,-6.425273369657911182e-01,6.331880656577557609e-01,7.873875301111306069e-01,8.447999999999776799e-01
3.819999999999690310e+00,7.891339493682343331e-01,4.842021147850078706e-03,-1.732633380738155260e-01,1.118229433070504708e+00,3.549541954620313300e-01,-6.440340501334300694e-01,6.344689155126115310e-01,7.891625304874826385e-01,8.462999999999775147e-01
3.824999999999689759e+00,7.909080402512015384e-01,4.876442407481023679e-03,-1.740183758221348631e-01,1.123417595996610396e+00,3.548389338445070984e-01,-6.455394188652822107e-01,6.357507169642747646e-01,7.909369552375810075e-01,8.477999999999773495e-01
3.829999999999689209e+00,7.926815508206042082e-01,4.911012594358653630e-03,-1.747645751679404724e-01,1.128617129876516412e+00,3.547233373934828293e-01,-6.470434549238526234e-01,6.370334583056245226e-01,7.927108026794088547e-01,8.492999999999771843e-01
3.834999999999688658e+00,7.944544793948161709e-01,4.945731923233148003e-03,-1.755019916181647655e-01,1.133828033154887338e+00,3.546074099692627657e-01,-6.485461699594154972e-01,6.383171279419084243e-01,7.944840711503364794e-01,8.507999999999770191e-01
3.839999999999688107e+00,7.962268243113180821e-01,4.980600608385368951e-03,-1.762306802194985311e-01,1.139050304274330738e+00,3.544911553899295353e-01,-6.500475755155834534e-01,6.396017143851731035e-01,7.962567590069092871e-01,8.522999999999768539e-01
3.844999999999687557e+00,7.979985839264874814e-01,5.015618863627692263e-03,-1.769506955606172383e-01,1.144283941675372951e+00,3.543745774317279551e-01,-6.515476830152259202e-01,6.408872062683493853e-01,7.980288646246380679e-01,8.537999999999766887e-01
3.849999999999687006e+00,7.997697566153908477e-01,5.050786902304833098e-03,-1.776620917747787076e-01,1.149528943796446878e+00,3.542576798296299678e-01,-6.530465037679450413e-01,6.421735923377734911e-01,7.998003863977916073e-01,8.552999999999765235e-01
3.854999999999686455e+00,8.015403407715789852e-01,5.086104937294664771e-03,-1.783649225416258088e-01,1.154785309073872890e+00,3.541404662778024903e-01,-6.545440489906007020e-01,6.434608614326653431e-01,8.015713227391911833e-01,8.567999999999763583e-01
3.859999999999685905e+00,8.033103348068835192e-01,5.121573181009011523e-03,-1.790592410899133624e-01,1.160053035941840616e+00,3.540229404298127491e-01,-6.560403297586512306e-01,6.447490025337825337e-01,8.033416720800077293e-01,8.582999999999761931e-01
3.864999999999685354e+00,8.050797371512163902e-01,5.157191845394443024e-03,-1.797451001994666286e-01,1.165332122832394735e+00,3.539051058994579502e-01,-6.575353570634147049e-01,6.460380047061647923e-01,8.051114328695611055e-01,8.597999999999760279e-01
3.869999999999684803e+00,8.068485462523707907e-01,5.192961141933054997e-03,-1.804225522037093410e-01,1.170622568175419209e+00,3.537869662608595922e-01,-6.590291417613182157e-01,6.473278571498802814e-01,8.068806035751214800e-01,8.612999999999758627e-01
3.874999999999684253e+00,8.086167605758256549e-01,5.228881281643235103e-03,-1.810916489920625094e-01,1.175924370398621077e+00,3.536685250492107579e-01,-6.605216946110334941e-01,6.486185491628924105e-01,8.086491826817131523e-01,8.627999999999756975e-01
3.879999999999683702e+00,8.103843786045515918e-01,5.264952475080435755e-03,-1.817524420120209261e-01,1.181237527927516906e+00,3.535497857610448991e-01,-6.620130262620517181e-01,6.499100701524850310e-01,8.104171686919210416e-01,8.642999999999755323e-01
3.884999999999683151e+00,8.121513988388182614e-01,5.301174932337913114e-03,-1.824049822718276925e-01,1.186562039185419248e+00,3.534307518546535576e-01,-6.635031472364377736e-01,6.512024096535037332e-01,8.121845601256981739e-01,8.657999999999753671e-01
3.889999999999682601e+00,8.139178197960057481e-01,5.337548863047481690e-03,-1.830493203425005988e-01,1.191897902593423320e+00,3.533114267507374007e-01,-6.649920679643936960e-01,6.524955572927999548e-01,8.139513555201768336e-01,8.672999999999752019e-01
3.894999999999682050e+00,8.156836400104170437e-01,5.374074476380248135e-03,-1.836855063605314919e-01,1.197245116570394341e+00,3.531918138326021750e-01,-6.664797987425326031e-01,6.537895028309492762e-01,8.157175534294808239e-01,8.687999999999750367e-01
3.899999999999681499e+00,8.174488580330929732e-01,5.410751981047345026e-03,-1.843135900300406915e-01,1.202603679532953773e+00,3.530719164468891225e-01,-6.679663497762403646e-01,6.550842361198939701e-01,8.174831524245410597e-01,8.702999999999748715e-01
3.904999999999680949e+00,8.192134724316294525e-01,5.447581585300657718e-03,-1.849336206254561799e-01,1.207973589895468436e+00,3.529517379037647173e-01,-6.694517311433926254e-01,6.563797471392259775e-01,8.192481510929123800e-01,8.717999999999747063e-01
3.909999999999680398e+00,8.209774817899969657e-01,5.484563496933549456e-03,-1.855456469936176689e-01,1.213354846070043402e+00,3.528312814775743100e-01,-6.709359528278994178e-01,6.576760259626347471e-01,8.210125480385938035e-01,8.732999999999745411e-01
3.914999999999679847e+00,8.227408847083625965e-01,5.521697923281572613e-03,-1.861497175564362228e-01,1.218747446466506013e+00,3.527105504070676689e-01,-6.724190246823760209e-01,6.589730627952485875e-01,8.227763418818493379e-01,8.747999999999743759e-01
3.919999999999679297e+00,8.245036798029137248e-01,5.558985071223184263e-03,-1.867458803132610867e-01,1.224151389492399877e+00,3.525895478961035279e-01,-6.739009564630987770e-01,6.602708479386650842e-01,8.245395312590325654e-01,8.762999999999742107e-01
3.924999999999678746e+00,8.262658657056840550e-01,5.596425147180456548e-03,-1.873341828433992273e-01,1.229566673552974443e+00,3.524682771139067694e-01,-6.753817578091749763e-01,6.615693718117923172e-01,8.263021148224128920e-01,8.777999999999740455e-01
3.929999999999678195e+00,8.280274410643825300e-01,5.634018357119789655e-03,-1.879146723085672321e-01,1.234993297051177441e+00,3.523467411955938933e-01,-6.768614382530611095e-01,6.628686249403221709e-01,8.280640912400037967e-01,8.792999999999738803e-01
3.934999999999677645e+00,8.297884045422238009e-01,5.671764906552611771e-03,-1.884873954552432340e-01,1.240431258387646896e+00,3.522249432425643145e-01,-6.783400072150826965e-01,6.641685979622122815e-01,8.298254591953938553e-01,8.807999999999737151e-01
3.939999999999677094e+00,8.315487548177604715e-01,5.709665000536082516e-03,-1.890523986173509030e-01,1.245880555960700020e+00,3.521028863229636041e-01,-6.798174739972918657e-01,6.654692816338293460e-01,8.315862173875788743e-01,8.822999999999735499e-01
3.944999999999676543e+00,8.333084905847191193e-01,5.747718843673805048e-03,-1.896097277187691332e-01,1.251341188166335661e+00,3.519805734722258883e-01,-6.812938478026364653e-01,6.667706668107793444e-01,8.333463645307980228e-01,8.837999999999733847e-01
3.949999999999675993e+00,8.350676105518372028e-01,5.785926640116530358e-03,-1.901594282756568222e-01,1.256813153398217198e+00,3.518580076933723322e-01,-6.827691377229823111e-01,6.680727444598806297e-01,8.351058993543705178e-01,8.852999999999732195e-01
3.954999999999675442e+00,8.368261134427024128e-01,5.824288593562855498e-03,-1.907015453991054987e-01,1.262296450047675211e+00,3.517351919574646102e-01,-6.842433527288678263e-01,6.693755056694159489e-01,8.368648206025353087e-01,8.867999999999730543e-01
3.959999999999674891e+00,8.385839979955946877e-01,5.862804907259943493e-03,-1.912361237977703854e-01,1.267791076503701486e+00,3.516121292041907154e-01,-6.857165016884276820e-01,6.706789416302003648e-01,8.386231270342929811e-01,8.882999999999728891e-01
3.964999999999674341e+00,8.403412629633303377e-01,5.901475784004231104e-03,-1.917632077804467539e-01,1.273297031152940351e+00,3.514888223422095170e-01,-6.871885933641488364e-01,6.719830436388307682e-01,8.403808174232498818e-01,8.897999999999727239e-01
3.969999999999673790e+00,8.420979071131077243e-01,5.940301426142144403e-03,-1.922828412583829361e-01,1.278814312379690676e+00,3.513652742495395609e-01,-6.886596364101393863e-01,6.732878031004108088e-01,8.421378905574639084e-01,8.912999999999725587e-01
3.974999999999673239e+00,8.438539292263559366e-01,5.979282035570811747e-03,-1.927950677481486408e-01,1.284342918565900993e+00,3.512414877739836183e-01,-6.901296393561882070e-01,6.745932115444956967e-01,8.438943452392930755e-01,8.927999999999723935e-01
3.979999999999672688e+00,8.456093280985845784e-01,6.018417813738786287e-03,-1.932999303740053632e-01,1.289882848091165268e+00,3.511174657337598481e-01,-6.915986106407210343e-01,6.758992605921307906e-01,8.456501802852457450e-01,8.942999999999722283e-01
3.984999999999672138e+00,8.473641025392376624e-01,6.057708961646780625e-03,-1.937974718708726785e-01,1.295434099332724687e+00,3.509932109177115733e-01,-6.930665585784521188e-01,6.772059419882032749e-01,8.474053945258338549e-01,8.957999999999720631e-01
3.989999999999671587e+00,8.491182513715476166e-01,6.097155679848399734e-03,-1.942877345865456629e-01,1.300996670665464539e+00,3.508687260859352786e-01,-6.945334913980897307e-01,6.785132475637308813e-01,8.491599868054275912e-01,8.972999999999718979e-01
3.994999999999671036e+00,8.508717734323921755e-01,6.136758168450876481e-03,-1.947707604843913476e-01,1.306570560461915775e+00,3.507440139699248838e-01,-6.959994171949273056e-01,6.798211692832742958e-01,8.509139559821123910e-01,8.987999999999717327e-01
3.999999999999670486e+00,8.526246675721539381e-01,6.176516627115815825e-03,-1.952465911462872294e-01,1.312155767092253233e+00,3.506190772733285832e-01,-6.974643439619376828e-01,6.811296992138409223e-01,8.526673009275477222e-01,9.002999999999715675e-01
4.004999999999672156e+00,8.543769241389523872e-01,6.216432364987031951e-03,-1.957144071292789000e-01,1.317593936251757691e+00,3.504907043910588382e-01,-5.778533559323746349e-01,5.613639058456370012e-01,8.544200120393092845e-01,9.002999999999715675e-01
4.009999999999673825e+00,8.561285358934318523e-01,6.256503403606176322e-03,-1.961737140161102511e-01,1.322739991618901767e+00,3.503632492169587720e-01,2.593651449414405619e+00,3.733355680018698664e+00,8.561720820526511622e-01,9.002999999999715675e-01
4.014999999999675495e+00,8.580011791297916801e-01,6.299532537468984297e-03,-2.098467027163762599e-01,1.328318803868944409e+00,3.907765752334916298e-01,2.603299566344459137e+00,3.740453717461407201e+00,8.580452195537149329e-01,9.002999999999715675e-01
4.019999999999677165e+00,8.600756629375245765e-01,6.347411646873458296e-03,-2.454874306771869796e-01,1.334666716311772472e+00,4.311467964171973866e-01,2.239628639222073669e+00,3.374533070060393936e+00,8.601202557825523565e-01,9.002999999999715675e-01
4.024999999999678835e+00,8.623376959797560692e-01,6.399863256706229617e-03,-3.015240058195641226e-01,1.341319702453079632e+00,4.667799547063266052e-01,1.328381168462330564e+00,2.462934753387336251e+00,8.623828968263009820e-01,9.002999999999715675e-01
4.029999999999680504e+00,8.647429185445499877e-01,6.455901901404720832e-03,-3.731362719096960046e-01,1.347538817437559100e+00,4.907815024628625622e-01,4.345903468095270172e-01,1.570914553898441923e+00,8.647887720784425136e-01,9.002999999999715675e-01
4.034999999999682174e+00,8.672341211435683483e-01,6.514205544457231378e-03,-4.541284756660132760e-01,1.353189029992161174e+00,5.034598080540877429e-01,-3.144674487816312980e-01,8.230134452934889655e-01,8.672806568087791934e-01,9.002999999999715675e-01
4.039999999999683844e+00,8.697603736123077356e-01,6.573576361758887848e-03,-5.390038140625852403e-01,1.358471689063731391e+00,5.067035151690414407e-01,-8.264367749763652515e-01,3.116995818539983198e-01,8.698076067956613810e-01,9.002999999999715675e-01
4.044999999999685514e+00,8.722837637656619680e-01,6.633112513938278255e-03,-6.236896837767293977e-01,1.363525918034304230e+00,5.035914419842115741e-01,-1.116290086844363039e+00,2.219253404628174220e-02,8.723316991536387288e-01,9.002999999999715675e-01
4.049999999999687184e+00,8.747810956823106610e-01,6.692254430147087131e-03,-7.057160009048122351e-01,1.368437633921850693e+00,4.969721406375611772e-01,-1.231180589865881192e+00,-9.254305526178385755e-02,8.748297312366061229e-01,9.002999999999715675e-01
4.054999999999688853e+00,8.772414475407106504e-01,6.750731776516955170e-03,-7.839463554635186515e-01,1.373260474640209727e+00,4.890643552184982812e-01,-1.233196882687096041e+00,-9.452407119991779183e-02,8.772907779029470721e-01,9.002999999999715675e-01
4.059999999999690523e+00,8.796628340077506936e-01,6.808487249566694786e-03,-8.582106752720806142e-01,1.378027228483044819e+00,4.813416369771842951e-01,-1.176725619675046186e+00,-3.808971406308481189e-02,8.797128530361797427e-01,9.002999999999715675e-01
4.064999999999692193e+00,8.820483433906456394e-01,6.865586145034680357e-03,-9.288853287083829180e-01,1.382757955302321262e+00,4.745257069900479796e-01,-1.103379196151839325e+00,3.517535500959323436e-02,8.820990456393469348e-01,9.002999999999715675e-01
4.069999999999693863e+00,8.844030830437555890e-01,6.922143947670761702e-03,-9.965616016387485177e-01,1.387465053256612402e+00,4.688088408552255060e-01,-1.038440632018156284e+00,1.000050823909814368e-01,8.844544643842557896e-01,9.002999999999715675e-01
4.074999999999695532e+00,8.867321644909770262e-01,6.978277978527712595e-03,-1.061827327498700679e+00,1.392156234516710001e+00,4.640642895401640988e-01,-9.933615100629371586e-01,1.449582538222970451e-01,8.867842221541911707e-01,9.002999999999715675e-01
4.079999999999697202e+00,8.890396407825623681e-01,7.034081449977085294e-03,-1.125152248232282659e+00,1.396836344833752408e+00,4.600235469518551001e-01,-9.699932446742347558e-01,1.681897967810763173e-01,8.890923730844488837e-01,9.002999999999715675e-01
4.084999999999698872e+00,8.913281648554689518e-01,7.089614716452822575e-03,-1.186851710894109679e+00,1.401508472056250731e+00,4.563986354727245232e-01,-9.647345074457220893e-01,1.733049330458198978e-01,8.913815708112777791e-01,9.002999999999715675e-01
4.089999999999700542e+00,8.935990985828168309e-01,7.144907431666191328e-03,-1.247099184837060726e+00,1.406174619519028113e+00,4.529509050628872657e-01,-9.718464672281741379e-01,1.660449017917813297e-01,8.936531775417611012e-01,9.002999999999715675e-01
4.094999999999702212e+00,8.958528381626321702e-01,7.199966065802281510e-03,-1.305962087967721619e+00,1.410836114792071383e+00,4.495173338366699745e-01,-9.856398208114356407e-01,1.521005127177010863e-01,8.959075895292446523e-01,9.002999999999715675e-01
4.099999999999703881e+00,8.980891874128206220e-01,7.254782736461764386e-03,-1.363442633339998933e+00,1.415493858511877256e+00,4.460089832274171107e-01,-1.001624360560299687e+00,1.359629300472706137e-01,8.981446104727052182e-01,9.002999999999715675e-01
4.104999999999705551e+00,9.003077739211254871e-01,7.309345257588450648e-03,-1.419522588304948263e+00,1.420148261061925821e+00,4.424306093636161674e-01,-1.016873538746227990e+00,1.205604748054374675e-01,9.003638677880211327e-01,9.002999999999715675e-01
4.109999999999707221e+00,9.025081674563273371e-01,7.363639959393185504e-03,-1.474176867560052617e+00,1.424799568148418238e+00,4.387448699253712614e-01,-1.030102494434447458e+00,1.071770917485173058e-01,9.025649310527168456e-01,9.002999999999715675e-01
4.114999999999708891e+00,9.046898705862383983e-01,7.417651417618027765e-03,-1.527373416604621337e+00,1.429448257464185579e+00,4.349719511749122192e-01,-1.041269022536751798e+00,9.585508615525684117e-02,9.047473026201227064e-01,9.002999999999715675e-01
4.119999999999710560e+00,9.068525345011584360e-01,7.471367806810728061e-03,-1.579095497012634963e+00,1.434094671738009863e+00,4.311404487614443060e-01,-1.049709021126329578e+00,8.725886241772107255e-02,9.069106335091999815e-01,9.002999999999715675e-01
4.124999999999712230e+00,9.089959717985740539e-01,7.524781256928333995e-03,-1.629343136803804271e+00,1.438739065315925769e+00,4.272852718046664111e-01,-1.056010624158744582e+00,8.080048433789038809e-02,9.090547361941423432e-01,9.002999999999715675e-01
4.129999999999713900e+00,9.111201428710957728e-01,7.577887556878863499e-03,-1.678131685743966983e+00,1.443381633330015124e+00,4.234325289280982396e-01,-1.060801773559334471e+00,7.585214318910565856e-02,9.111795709891455930e-01,9.002999999999715675e-01
4.134999999999715570e+00,9.132251122920301833e-01,7.630685101908638544e-03,-1.725487105803171328e+00,1.448022530184551959e+00,4.195996118500229799e-01,-1.064736058558809928e+00,7.176034130258940325e-02,9.132852024212924080e-01,9.002999999999715675e-01
4.139999999999717240e+00,9.153110053933661838e-01,7.683173831686687140e-03,-1.771441284647278680e+00,1.452661881578178882e+00,4.157952213908438499e-01,-1.068292383991568784e+00,6.804623833381928666e-02,9.153717557955650674e-01,9.002999999999715675e-01
4.144999999999718909e+00,9.173779722101488288e-01,7.735354339443089797e-03,-1.816028152340242841e+00,1.457299792451683951e+00,4.120218139806353652e-01,-1.071770369444533522e+00,6.441026119322268428e-02,9.174393811282222089e-01,9.002999999999715675e-01
4.149999999999720579e+00,9.194261635231624208e-01,7.787227274676913023e-03,-1.859281113236148641e+00,1.461936352325187150e+00,4.082780108857332890e-01,-1.075307494963606114e+00,6.071496426525646584e-02,9.194882291820447584e-01,9.002999999999715675e-01
4.154999999999722249e+00,9.214557180965936567e-01,7.838793021346797743e-03,-1.901231692444051991e+00,1.466571638921454701e+00,4.045607287376388195e-01,-1.078928618549297891e+00,5.693551580416356117e-02,9.215184386999492050e-01,9.002999999999715675e-01
4.159999999999723919e+00,9.234667585504621190e-01,7.890051590984385049e-03,-1.941909116926800571e+00,1.471205720653210314e+00,4.008666410455981599e-01,-1.082593938338405337e+00,5.311173834036952979e-02,9.235301322760428588e-01,9.002999999999715675e-01
4.164999999999725588e+00,9.254593926362734146e-01,7.941002651834998260e-03,-1.981340479338333127e+00,1.475838658355086430e+00,3.971930072068960982e-01,-1.086238534227047747e+00,4.930856877131295501e-02,9.255234176316123884e-01,9.002999999999715675e-01
4.169999999999727258e+00,9.274337171109845457e-01,7.991645624507971724e-03,-2.019551179901994065e+00,1.480470506515995766e+00,3.935379872454787820e-01,-1.089798406230930050e+00,4.559002112853405286e-02,9.274983914902753535e-01,9.002999999999715675e-01
4.174999999999728928e+00,9.293898221768709389e-01,8.041979793096480297e-03,-2.056565426096917726e+00,1.485101314183351340e+00,3.899006212229924051e-01,-1.093224193081395512e+00,4.200546871661858805e-02,9.294551440192438951e-01,9.002999999999715675e-01
4.179999999999730598e+00,9.313277952941463322e-01,8.092004401351564694e-03,-2.092406661343944485e+00,1.489731125652262067e+00,3.862806340425096185e-01,-1.096485428413272345e+00,3.858538840407843562e-02,9.313937626431634254e-01,9.002999999999715675e-01
4.184999999999732267e+00,9.332477238606274872e-01,8.141718720665994807e-03,-2.127097868574507000e+00,1.494359981012350236e+00,3.826781878457823916e-01,-1.099568908234672460e+00,3.534299346983604817e-02,9.333143347246452004e-01,9.002999999999715675e-01
4.189999999999733937e+00,9.351496967227881374e-01,8.191122088547766675e-03,-2.160661745505757736e+00,1.498987916597395609e+00,3.790936573677747279e-01,-1.102474247487127634e+00,3.227867725980027025e-02,9.352169490758163173e-01,9.002999999999715675e-01
4.194999999999735607e+00,9.370338047394558556e-01,8.240213922911627034e-03,-2.193120776171251674e+00,1.503614965365182021e+00,3.755274637299539364e-01,-1.105208849900628065e+00,2.938504348887405193e-02,9.371016965222022099e-01,9.002999999999715675e-01
4.199999999999737277e+00,9.389001407109391906e-01,8.288993719999949994e-03,-2.224497233019084419e+00,1.508241157224151863e+00,3.719799735764747761e-01,-1.107783592122479899e+00,2.665122223316451766e-02,9.389686698318305824e-01,9.002999999999715675e-01
4.204999999999738947e+00,9.407487989711763587e-01,8.337461043488323190e-03,-2.254813142088044842e+00,1.512866519317203728e+00,3.684514538973138187e-01,-1.110209770367814652e+00,2.406592337755608657e-02,9.408179633072381032e-01,9.002999999999715675e-01
4.209999999999740616e+00,9.425798748716712749e-01,8.385615510661505179e-03,-2.284090236193270673e+00,1.517491076269866568e+00,3.649420660311031295e-01,-1.112497344073577255e+00,2.161919304334247727e-02,9.426496722692278007e-01,9.002999999999715675e-01
4.214999999999742286e+00,9.443934643026588027e-01,8.433456779456467017e-03,-2.312349911938224256e+00,1.522114850408450293e+00,3.614518820631238416e-01,-1.114654231213495716e+00,1.930311834158937589e-02,9.444638925778632288e-01,9.002999999999715675e-01
4.219999999999743956e+00,9.461896633228522591e-01,8.480984538278602686e-03,-2.339613198294965724e+00,1.526737861952956576e+00,3.579809100996834692e-01,-1.116686310647611480e+00,1.711182508033814997e-02,9.462607202620816338e-01,9.002999999999715675e-01
4.224999999999745626e+00,9.479685679150403610e-01,8.528198499095236348e-03,-2.365900738611001586e+00,1.531360129188986008e+00,3.545291193885040659e-01,-1.118597804323893552e+00,1.504109560948230229e-02,9.480402512751977540e-01,9.002999999999715675e-01
4.229999999999747295e+00,9.497302738523381027e-01,8.575098393453549003e-03,-2.391232784382499421e+00,1.535981668622346641e+00,3.510964604776254938e-01,-1.120391787682563756e+00,1.308785845407389736e-02,9.498025813611007395e-01,9.002999999999715675e-01
4.234999999999748965e+00,9.514748766455526363e-01,8.621683970678126196e-03,-2.415629197584546972e+00,1.540602495119469451e+00,3.476828788315348140e-01,-1.122070668156538664e+00,1.124970984420947673e-02,9.515478060015948314e-01,9.002999999999715675e-01
4.239999999999750635e+00,9.532024715403367709e-01,8.667954997439488926e-03,-2.439109458163040589e+00,1.545222622036138471e+00,3.442883223608885213e-01,-1.123636552617395701e+00,9.524546293662283780e-03,9.532760204135464210e-01,9.002999999999715675e-01
4.244999999999752305e+00,9.549131535380690483e-01,8.713911258009831781e-03,-2.461692673873696169e+00,1.549842061336446752e+00,3.409127443172724758e-01,-1.125091483783864810e+00,7.910328211759409811e-03,9.549873195697682338e-01,9.002999999999715675e-01
4.249999999999753975e+00,9.566070174223667566e-01,8.759552554723102832e-03,-2.483397590520888265e+00,1.554460823703370131e+00,3.375561032427766839e-01,-1.126437561336463222e+00,6.404958806123572934e-03,9.566817982255390040e-01,9.002999999999715675e-01
4.254999999999755644e+00,9.582841577809400047e-01,8.804878708357895267e-03,-2.504242601496253773e+00,1.559078918641943146e+00,3.342183614493194344e-01,-1.127676979013159997e+00,5.006247002393271472e-03,9.583595509404627677e-01,9.002999999999715675e-01
4.259999999999757314e+00,9.599446690186358433e-01,8.849889558322875452e-03,-2.524245756184644751e+00,1.563696354575698555e+00,3.308994830941762166e-01,-1.128812011069531440e+00,3.711920998148210415e-03,9.600206720915190894e-01,9.002999999999715675e-01
4.264999999999758984e+00,9.615886453615657414e-01,8.894584962632252206e-03,-2.543424767239809370e+00,1.568313138936847428e+00,3.275994324872905650e-01,-1.129844975951185493e+00,2.519664603700011440e-03,9.616652558771909831e-01,9.002999999999715675e-01
4.269999999999760654e+00,9.632161808543067139e-01,8.938964797716534086e-03,-2.561797016957860773e+00,1.572929278250532636e+00,3.243181729092730059e-01,-1.130778196279726089e+00,1.427157268738210583e-03,9.632933963146660394e-01,9.002999999999715675e-01
4.274999999999762323e+00,9.648273693528386374e-01,8.983028958133463734e-03,-2.579379563046862334e+00,1.577544778213436416e+00,3.210556659762402454e-01,-1.131613965881605566e+00,4.321070655942671479e-04,9.649051872327724100e-01,9.002999999999715675e-01
4.279999999999763993e+00,9.664223045156532521e-01,9.026777356239903613e-03,-2.596189144065158771e+00,1.582159643766985369e+00,3.178118714528563871e-01,-1.132354528011070061e+00,-4.677275220625887187e-04,9.665007222630860317e-01,9.002999999999715675e-01
4.284999999999765663e+00,9.680010797948274126e-01,9.070209921869467132e-03,-2.612242184727111116e+00,1.586773879165408463e+00,3.145867473643567669e-01,-1.133002064614172744e+00,-1.274526852062640714e-03,9.680800948310022136e-01,9.002999999999715675e-01
4.289999999999767333e+00,9.695637884281187446e-01,9.113326602042068694e-03,-2.627554801197552692e+00,1.591387488038880971e+00,3.113802502624189450e-01,-1.133558694060787353e+00,-1.990407845079200655e-03,9.696433981478297381e-01,9.002999999999715675e-01
4.294999999999769003e+00,9.711105234325195790e-01,9.156127360715464458e-03,-2.642142806424473189e+00,1.596000473452015456e+00,3.081923355342082171e-01,-1.134026474432185072e+00,-2.617427262058491522e-03,9.711907252043452399e-01,9.002999999999715675e-01
4.299999999999770672e+00,9.726413775992694966e-01,9.198612178577427259e-03,-2.656021715514745640e+00,1.600612837957956058e+00,3.050229576821766320e-01,-1.134407409331279259e+00,-3.157587504853065496e-03,9.727221687658046401e-01,9.002999999999715675e-01
4.304999999999772342e+00,9.741564434900785718e-01,9.240781052870924647e-03,-2.669206751128159194e+00,1.605224583648317216e+00,3.018720705415309236e-01,-1.134703454333371164e+00,-3.612843057898995625e-03,9.742378213681669452e-01,9.002999999999715675e-01
4.309999999999774012e+00,9.756558134342250277e-01,9.282633997242332319e-03,-2.681712848856137033e+00,1.609835712199231939e+00,2.987396274265997076e-01,-1.134916522641992831e+00,-3.985106135527716198e-03,9.757377753151929012e-01,9.002999999999715675e-01
4.314999999999775682e+00,9.771395795262001194e-01,9.324171041603235635e-03,-2.693554662553430123e+00,1.614446224913743233e+00,2.956255812157537188e-01,-1.135048489475459554e+00,-4.276251060506108814e-03,9.772221226760910984e-01,9.002999999999715675e-01
4.319999999999777351e+00,9.786078336236411213e-01,9.365392231998294001e-03,-2.704746569596112149e+00,1.619056122760773819e+00,2.925298843905875801e-01,-1.135101195156197562e+00,-4.488117345866293739e-03,9.786909552834507364e-01,9.002999999999715675e-01
4.324999999999779021e+00,9.800606673453713391e-01,9.406297630473963930e-03,-2.715302676048545472e+00,1.623665406410902179e+00,2.894524890454028276e-01,-1.135076447004921274e+00,-4.622511582072497127e-03,9.801443647312834129e-01,9.002999999999715675e-01
4.329999999999780691e+00,9.814981720694422318e-01,9.446887314945140446e-03,-2.725236821731767289e+00,1.628274076269160320e+00,2.863933468817178585e-01,-1.134976020402993502e+00,-4.681208492835375878e-03,9.815824423730654669e-01,9.002999999999715675e-01
4.334999999999782361e+00,9.829204389311344547e-01,9.487161379058445254e-03,-2.734562585189040274e+00,1.632882132505047768e+00,2.833524091979035542e-01,-1.134801659439459876e+00,-4.665951576056426298e-03,9.830052793197399108e-01,9.002999999999715675e-01
4.339999999999784031e+00,9.843275588209067228e-01,9.527119932052012519e-03,-2.743293288550078923e+00,1.637489575079977167e+00,2.803296268787596746e-01,-1.134555077226710562e+00,-4.578453413822347606e-03,9.844129664376660704e-01,9.002999999999715675e-01
4.344999999999785700e+00,9.857196223823047054e-01,9.566763098612192026e-03,-2.751442002297902256e+00,1.642096403772311808e+00,2.773249503888370326e-01,-1.134237956178210993e+00,-4.420395944873978245e-03,9.858055943465287019e-01,9.002999999999715675e-01
4.349999999999787370e+00,9.870967200098476058e-01,9.606091018727894865e-03,-2.759021549940586127e+00,1.646702618200205137e+00,2.743383297696162515e-01,-1.133851948357274209e+00,-4.193430808507869756e-03,9.871832534172249041e-01,9.002999999999715675e-01
4.354999999999789040e+00,9.884589418469089672e-01,9.645103847543211317e-03,-2.766044512592782834e+00,1.651308217842346826e+00,2.713697146393279080e-01,-1.133398675800079802e+00,-3.899179663080509783e-03,9.885460337697455913e-01,9.002999999999715675e-01
4.359999999999790710e+00,9.898063777836051402e-01,9.683801755208866491e-03,-2.772523233469249337e+00,1.655913202056849665e+00,2.684190541954888931e-01,-1.132879730984784894e+00,-3.539234650951295080e-03,9.898940252710638488e-01,9.002999999999715675e-01
4.364999999999792379e+00,9.911391174546980709e-01,9.722184926732903992e-03,-2.778469822293470060e+00,1.660517570098358986e+00,2.654862972180743186e-01,-1.132296677293118004e+00,-3.115158856231481366e-03,9.912273175330383879e-01,9.002999999999715675e-01
4.369999999999794049e+00,9.924572502375160754e-01,9.760253561830840516e-03,-2.783896159622782029e+00,1.665121321133554266e+00,2.625713920732468676e-01,-1.131651049541119836e+00,-2.628486831976584170e-03,9.925459999103339870e-01,9.002999999999715675e-01
4.374999999999795719e+00,9.937608652498917117e-01,9.798007874775433584e-03,-2.788813901090946956e+00,1.669724454255159030e+00,2.596742867166065838e-01,-1.130944354480678760e+00,-2.080725098454694333e-03,9.938501614983603627e-01,9.002999999999715675e-01
4.379999999999797389e+00,9.950500513481151943e-01,9.835448094246093675e-03,-2.793234481571316152e+00,1.674326968494578516e+00,2.567949286962044053e-01,-1.130178071257960770e+00,-1.473352598573618444e-03,9.951398911312248075e-01,9.002999999999715675e-01
4.384999999999799059e+00,9.963248971249039077e-01,9.872574463178100321e-03,-2.797169119259534931e+00,1.678928862833278357e+00,2.539332651557468790e-01,-1.129353651959746685e+00,-8.078212414561747323e-04,9.964152773797023688e-01,9.002999999999715675e-01
4.389999999999800728e+00,9.975854909073844645e-01,9.909387238611544121e-03,-2.800628819678956827e+00,1.683530136213008177e+00,2.510892428367622053e-01,-1.128472521993127309e+00,-8.555627960105116614e-05,9.976764085492176859e-01,9.002999999999715675e-01
4.394999999999802398e+00,9.988319207550888645e-01,9.945886691540116106e-03,-2.803624379609272133e+00,1.688130787544958267e+00,2.482628080817524396e-01,-1.127536080566454935e+00,6.920432124931652496e-04,9.989233726778411482e-01,9.002999999999715675e-01
4.399999999999804068e+00,1.000064274457965752e+00,9.982073106759782599e-03,-2.806166390939519140e+00,1.692730815717947701e+00,2.454539068369409605e-01,-1.126545701091632878e+00,1.523603938165196681e-03,1.000156257534300153e+00,9.002999999999715675e-01
4.404999999999805738e+00,1.001282639534405439e+00,1.001794678271739243e-02,-2.808265244448244768e+00,1.697330219605717838e+00,2.426624846555296700e-01,-1.125502731564663073e+00,2.407777999996141283e-03,1.001375150616004683e+00,9.002999999999715675e-01
4.409999999999807407e+00,1.002487103229285026e+00,1.005350803135930324e-02,-2.809931133510173318e+00,1.701928998073414689e+00,2.398884867016541078e-01,-1.124408495012101383e+00,3.343242455131512081e-03,1.002580139147092320e+00,9.002999999999715675e-01
4.414999999999809077e+00,1.003677752512032617e+00,1.008875717798005632e-02,-2.811174057733470733e+00,1.706527149983325886e+00,2.371318577541100536e-01,-1.123264289798948878e+00,4.328699009021219624e-03,1.003771310076490675e+00,9.002999999999715675e-01
4.419999999999810747e+00,1.004854674074712628e+00,1.012369456107122152e-02,-2.812003826526581651e+00,1.711124674199922202e+00,2.343925422115407387e-01,-1.122071390093003940e+00,5.362873552545943667e-03,1.004948750076004815e+00,9.002999999999715675e-01
4.424999999999812417e+00,1.006017954330138409e+00,1.015832053217040516e-02,-2.812430062598409108e+00,1.715721569594318430e+00,2.316704840970052470e-01,-1.120831046164160849e+00,6.444515864068578459e-03,1.006112545538428549e+00,9.002999999999715675e-01
4.429999999999814086e+00,1.007167679410009287e+00,1.019263545571052511e-02,-2.812462205391453196e+00,1.720317835048135180e+00,2.289656270639610081e-01,-1.119544484828801423e+00,7.572399166265952886e-03,1.007262782575681470e+00,9.002999999999715675e-01
4.434999999999815756e+00,1.008303935163076925e+00,1.022663970886936863e-02,-2.812109514450215286e+00,1.724913469456863302e+00,2.262779144017297295e-01,-1.118212909771618246e+00,8.745319805420148640e-03,1.008399547016975095e+00,9.002999999999715675e-01
4.439999999999817426e+00,1.009426807153342542e+00,1.026033368141947462e-02,-2.811381072726303998e+00,1.729508471732770669e+00,2.236072890419403270e-01,-1.116837501927072207e+00,9.962096870961834050e-03,1.009522924407010525e+00,9.002999999999715675e-01
4.444999999999819096e+00,1.010536380658285438e+00,1.029371777557840095e-02,-2.810285789821088009e+00,1.734102840807381529e+00,2.209536935651111866e-01,-1.115419419855992356e+00,1.122157181978111762e-02,1.010633000004206083e+00,9.002999999999715675e-01
4.449999999999820766e+00,1.011632740667127939e+00,1.032679240585940295e-02,-2.808832405167539292e+00,1.738696575633584374e+00,2.183170702073646552e-01,-1.113959800090722929e+00,1.252260813189787214e-02,1.011729858778961377e+00,9.002999999999715675e-01
4.454999999999822435e+00,1.012715971879130317e+00,1.035955799892255419e-02,-2.807029491152460032e+00,1.743289675187396082e+00,2.156973608676014120e-01,-1.112459757499565161e+00,1.386409094675333797e-02,1.012813585411954209e+00,9.002999999999715675e-01
4.459999999999824105e+00,1.013786158701927453e+00,1.039201499342634616e-02,-2.804885456180415293e+00,1.747882138469420976e+00,2.130945071148189207e-01,-1.110920385641285257e+00,1.524492670936272720e-02,1.013884264292473913e+00,9.002999999999715675e-01
4.464999999999825775e+00,1.014843385249898589e+00,1.042416383987980477e-02,-2.802408547680054873e+00,1.752473964506036541e+00,2.105084501956298593e-01,-1.109342757122194101e+00,1.666404281382194430e-02,1.014941979516793769e+00,9.002999999999715675e-01
4.469999999999827445e+00,1.015887735342578369e+00,1.045600500049514645e-02,-2.799606855054765475e+00,1.757065152350336446e+00,2.079391310418778338e-01,-1.107727923918723656e+00,1.812038728125808795e-02,1.015986814886579159e+00,9.002999999999715675e-01
4.474999999999829114e+00,1.016919292503104089e+00,1.048753894904101702e-02,-2.796488312578604862e+00,1.761655701082848635e+00,2.053864902787222446e-01,-1.106076917743187282e+00,1.961292839453276926e-02,1.017018853907335263e+00,9.002999999999715675e-01
4.479999999999830784e+00,1.017938139956705346e+00,1.051876617069634652e-02,-2.793060702237512238e+00,1.766245609812069794e+00,2.028504682325693032e-01,-1.104390750391390785e+00,2.114065435104384161e-02,1.018038179786898034e+00,9.002999999999715675e-01
4.484999999999832454e+00,1.018944360629233215e+00,1.054968716190483186e-02,-2.789331656519401736e+00,1.770834877674819507e+00,2.003310049390160386e-01,-1.102670414022063117e+00,2.270257298365951915e-02,1.019044875433959385e+00,9.002999999999715675e-01
4.489999999999834124e+00,1.019938037145729615e+00,1.058030243023011692e-02,-2.785308661150675213e+00,1.775423503836446315e+00,1.978280401516068210e-01,-1.100916881585066065e+00,2.429771133282387918e-02,1.020039023456640770e+00,9.002999999999715675e-01
4.494999999999835794e+00,1.020919251829039975e+00,1.061061249421163359e-02,-2.780999057783945627e+00,1.780011487490904543e+00,1.953415133494354750e-01,-1.099131107026511067e+00,2.592511544172049209e-02,1.021020706161101410e+00,9.002999999999715675e-01
4.499999999999837463e+00,1.021888086698467202e+00,1.064061788322122164e-02,-2.776410046635056528e+00,1.784598827860710779e+00,1.928713637463763952e-01,-1.097314025728643561e+00,2.758384991662776731e-02,1.021990005550193370e+00,9.002999999999715675e-01
4.504999999999839133e+00,1.022844623468467162e+00,1.067031913732047893e-02,-2.771548689071931193e+00,1.789185524196805765e+00,1.904175302988757312e-01,-1.095466554754030764e+00,2.927299768294233662e-02,1.022947003322156823e+00,9.002999999999715675e-01
4.509999999999840803e+00,1.023788943547386587e+00,1.069971680711889056e-02,-2.766421910155483666e+00,1.793771575778319249e+00,1.879799517147415500e-01,-1.093589593194113530e+00,3.099165963680305946e-02,1.023891780869357504e+00,9.002999999999715675e-01
4.514999999999842473e+00,1.024721128036245377e+00,1.072881145363276806e-02,-2.761036501134127796e+00,1.798356981912269337e+00,1.855585664615281016e-01,-1.091684022460015502e+00,3.273895435443474611e-02,1.024824419277067022e+00,9.002999999999715675e-01
4.519999999999844142e+00,1.025641257727558653e+00,1.075760364814504037e-02,-2.755399121892509573e+00,1.802941741933199449e+00,1.831533127751911183e-01,-1.089750706609686537e+00,3.451401776513218778e-02,1.025744999322285800e+00,9.002999999999715675e-01
4.524999999999845812e+00,1.026549413104203889e+00,1.078609397206586711e-02,-2.749516303354771374e+00,1.807525855202757326e+00,1.807641286684827930e-01,-1.087790492651124374e+00,3.631600284814484603e-02,1.026653601472609534e+00,9.002999999999715675e-01
4.529999999999847482e+00,1.027445674338328230e+00,1.081428301679412604e-02,-2.743394449844656080e+00,1.812109321109224735e+00,1.783909519393297172e-01,-1.085804210808371195e+00,3.814407936676911248e-02,1.027550305885136073e+00,9.002999999999715675e-01
4.534999999999849152e+00,1.028330121290300436e+00,1.084217138357981489e-02,-2.737039841401543327e+00,1.816692139067028755e+00,1.760337201796042250e-01,-1.083792674870262207e+00,3.999743351966766891e-02,1.028435192405416032e+00,9.002999999999715675e-01
4.539999999999850822e+00,1.029202833507703252e+00,1.086975968338732730e-02,-2.730458636055041133e+00,1.821274308516203311e+00,1.736923707831703467e-01,-1.081756682424678484e+00,4.187526770667271414e-02,1.029308340566444713e+00,9.002999999999715675e-01
4.544999999999852491e+00,1.030063890224369949e+00,1.089704853675967956e-02,-2.723656872057040879e+00,1.825855828921841839e+00,1.713668409546050819e-01,-1.079697015203327393e+00,4.377680018405005757e-02,1.030169829587698427e+00,9.002999999999715675e-01
4.549999999999854161e+00,1.030913370359458403e+00,1.092403857368363582e-02,-2.716640470073917069e+00,1.830436699773527520e+00,1.690570677171205904e-01,-1.077614439300633276e+00,4.570126484563719060e-02,1.031019738374208128e+00,9.002999999999715675e-01
4.554999999999855831e+00,1.031751352516571796e+00,1.095073043345582385e-02,-2.709415235338314076e+00,1.835016920584750411e+00,1.667629879212356170e-01,-1.075509705509281044e+00,4.764791088732234225e-02,1.031858145515679226e+00,9.002999999999715675e-01
4.559999999999857501e+00,1.032577914982917067e+00,1.097712476454977548e-02,-2.701986859761600801e+00,1.839596490892317915e+00,1.644845382526449185e-01,-1.073383549563313721e+00,4.961600256395748421e-02,1.032685129285649150e+00,9.002999999999715675e-01
4.564999999999859170e+00,1.033393135728504886e+00,1.100322222448395226e-02,-2.694360924008492919e+00,1.844175410255762149e+00,1.622216552404105172e-01,-1.071236692403734203e+00,5.160481892376078683e-02,1.033500767640686435e+00,9.002999999999715675e-01
4.569999999999860840e+00,1.034197092405390039e+00,1.102902347969075131e-02,-2.686542899533022055e+00,1.848753678256743749e+00,1.599742752651248101e-01,-1.069069840481583267e+00,5.361365350524127660e-02,1.034305138219631326e+00,9.002999999999715675e-01
4.574999999999862510e+00,1.034989862346951117e+00,1.105452920538647736e-02,-2.678538150578363641e+00,1.853331294498460791e+00,1.577423345665139309e-01,-1.066883685963240680e+00,5.564181413188706848e-02,1.035098318342874579e+00,9.002999999999715675e-01
4.579999999999864180e+00,1.035771522567211056e+00,1.107974008544233314e-02,-2.670351936139527371e+00,1.857908258605054153e+00,1.555257692516684165e-01,-1.064678907044723788e+00,5.768862259785834112e-02,1.035880385011676230e+00,9.002999999999715675e-01
4.584999999999865850e+00,1.036542149760194764e+00,1.110465681225637422e-02,-2.661989411891191537e+00,1.862484570221029978e+00,1.533245153024559160e-01,-1.062456168153162794e+00,5.975341446649395927e-02,1.036651414907523661e+00,9.002999999999715675e-01
4.589999999999867519e+00,1.037301820299326938e+00,1.112928008662650639e-02,-2.653455632079922299e+00,1.867060229010680583e+00,1.511385085834997810e-01,-1.060216120247412075e+00,6.183553876968611585e-02,1.037411484391528527e+00,9.002999999999715675e-01
4.594999999999869189e+00,1.038050610236866733e+00,1.115361061762445115e-02,-2.644755551382494296e+00,1.871635234657522906e+00,1.489676848494026762e-01,-1.057959401022670054e+00,6.393435780323752926e-02,1.038160669503860545e+00,9.002999999999715675e-01
4.599999999999870859e+00,1.038788595303379747e+00,1.117764912247074145e-02,-2.635894026729877826e+00,1.876209586863738732e+00,1.468119797523887715e-01,-1.055686635181709132e+00,6.604924685561203157e-02,1.038899045963218581e+00,9.002999999999715675e-01
4.604999999999872529e+00,1.039515850907248629e+00,1.120139632641070117e-02,-2.626875819099066867e+00,1.880783285349626466e+00,1.446713288494575200e-01,-1.053398434631833025e+00,6.817959401095236016e-02,1.039626689166340601e+00,9.002999999999715675e-01
4.609999999999874198e+00,1.040232452134217223e+00,1.122485296259148613e-02,-2.617705595271682117e+00,1.885356329853081103e+00,1.425456676099482733e-01,-1.051095398775555134e+00,7.032479985837919445e-02,1.040343674187546918e+00,9.002999999999715675e-01
4.614999999999875868e+00,1.040938473746973569e+00,1.124801977194007582e-02,-2.608387929561208907e+00,1.889928720129063322e+00,1.404349314222639034e-01,-1.048778114690740448e+00,7.248427731182260914e-02,1.041050075778323647e+00,9.002999999999715675e-01
4.619999999999877538e+00,1.041633990184766212e+00,1.127089750304233022e-02,-2.598927305508418772e+00,1.894500455949096107e+00,1.383390556011172279e-01,-1.046447157390763660e+00,7.465745134984297371e-02,1.041745968366935449e+00,9.002999999999715675e-01
4.624999999999879208e+00,1.042319075563054698e+00,1.129348691202300761e-02,-2.589328117546710661e+00,1.899071537100775808e+00,1.362579753942265159e-01,-1.044103090011016866e+00,7.684375882909549871e-02,1.042431426058078925e+00,9.002999999999715675e-01
4.629999999999880878e+00,1.042993803673196718e+00,1.131578876242683371e-02,-2.579594672636796648e+00,1.903641963387284086e+00,1.341916259893509988e-01,-1.041746464066777733e+00,7.904264822643941590e-02,1.043106522632566202e+00,9.002999999999715675e-01
4.634999999999882547e+00,1.043658247982166554e+00,1.133780382510056646e-02,-2.569731191872330012e+00,1.908211734626930278e+00,1.321399425207069878e-01,-1.039377819633519051e+00,8.125357945860439690e-02,1.043771331547042935e+00,9.002999999999715675e-01
4.639999999999884217e+00,1.044312481632307277e+00,1.135953287807606529e-02,-2.559741812055916554e+00,1.912780850652692655e+00,1.301028600757075382e-01,-1.036997685592176754e+00,8.347602363690126426e-02,1.044425925933741617e+00,9.002999999999715675e-01
4.644999999999885887e+00,1.044956577441115586e+00,1.138097670645435606e-02,-2.549630587247024405e+00,1.917349311311778326e+00,1.280803137011479742e-01,-1.034606579799596693e+00,8.570946289675024365e-02,1.045070378600262861e+00,9.002999999999715675e-01
4.649999999999887557e+00,1.045590607901057290e+00,1.140213610229070390e-02,-2.539401490281875340e+00,1.921917116465201136e+00,1.260722384097481830e-01,-1.032205009319457467e+00,8.795339016674003085e-02,1.045704762029392443e+00,9.002999999999715675e-01
4.654999999999889226e+00,1.046214645179416092e+00,1.142301186448069043e-02,-2.529058414265359822e+00,1.926484265987364664e+00,1.240785691862313772e-01,-1.029793470618066475e+00,9.020730897281020733e-02,1.046329148378947860e+00,9.002999999999715675e-01
4.659999999999890896e+00,1.046828761118170803e+00,1.144360479864726075e-02,-2.518605174036851579e+00,1.931050759765664537e+00,1.220992409933444878e-01,-1.027372449732471660e+00,9.247073327012089727e-02,1.046943609481654658e+00,9.002999999999715675e-01
4.664999999999892566e+00,1.047433027233904079e+00,1.146391571702880773e-02,-2.508045507608991365e+00,1.935616597700094532e+00,1.201341887781303686e-01,-1.024942422516831986e+00,9.474318719666474653e-02,1.047548216845055613e+00,9.002999999999715675e-01
4.669999999999894236e+00,1.048027514717741360e+00,1.148394543836819826e-02,-2.497383077580217492e+00,1.940181779702875309e+00,1.181833474774064002e-01,-1.022503854796766420e+00,9.702420491890095811e-02,1.048143041651447005e+00,9.002999999999715675e-01
4.674999999999895905e+00,1.048612294435315118e+00,1.150369478780278489e-02,-2.486621472522446030e+00,1.944746305698087596e+00,1.162466520235854450e-01,-1.020057202544574215e+00,9.931333045652140923e-02,1.048728154757844422e+00,9.002999999999715675e-01
4.679999999999897575e+00,1.049187436926762418e+00,1.152316459675541659e-02,-2.475764208343158579e+00,1.949310175621315810e+00,1.143240373505279295e-01,-1.017602912102477664e+00,1.016101174591917955e-01,1.049303626695976766e+00,9.002999999999715675e-01
4.684999999999899245e+00,1.049753012406746677e+00,1.154235570282639844e-02,-2.464814729622927469e+00,1.953873389419311213e+00,1.124154383987713696e-01,-1.015141420329110034e+00,1.039141290600519296e-01,1.049869527672308678e+00,9.002999999999715675e-01
4.689999999999900915e+00,1.050309090764507847e+00,1.156126894968643147e-02,-2.453776410929191076e+00,1.958435947049653958e+00,1.105207901210778776e-01,-1.012673154782088192e+00,1.062249376931314604e-01,1.050425927568090501e+00,9.002999999999715675e-01
4.694999999999902585e+00,1.050855741563939905e+00,1.157990518697051517e-02,-2.442652558105743665e+00,1.962997848480434682e+00,1.086400274877973027e-01,-1.010198533915168895e+00,1.085421248961827567e-01,1.050972895939433327e+00,9.002999999999715675e-01
4.699999999999904254e+00,1.051393034043693220e+00,1.159826527017279209e-02,-2.431446409539126829e+00,1.967559093689941196e+00,1.067730854918218786e-01,-1.007717967215195687e+00,1.108652811737251276e-01,1.051510502017411142e+00,9.002999999999715675e-01
4.704999999999905924e+00,1.051921037117304225e+00,1.161635006054235510e-02,-2.420161137402631724e+00,1.972119682666352070e+00,1.049198991538631692e-01,-1.005231855383509565e+00,1.131940058156267193e-01,1.052038814708189163e+00,9.002999999999715675e-01
4.709999999999907594e+00,1.052439819373347962e+00,1.163416042498000708e-02,-2.408799848876889804e+00,1.976679615407448409e+00,1.030804035274440061e-01,-1.002740590528303777e+00,1.155279067047404462e-01,1.052557902593176831e+00,9.002999999999715675e-01
4.714999999999909264e+00,1.052949449075617272e+00,1.165169723593591916e-02,-2.397365587349129967e+00,1.981238891920328316e+00,1.012545337034294751e-01,-1.000244556268995666e+00,1.178666002125285939e-01,1.053067833929205666e+00,9.002999999999715675e-01
4.719999999999910933e+00,1.053449994163324188e+00,1.166896137130826738e-02,-2.385861333590465261e+00,1.985797512221120220e+00,9.944222481518578960e-02,-9.977441279417789133e-01,1.202097109935054697e-01,1.053568676648728664e+00,9.002999999999715675e-01
4.724999999999912603e+00,1.053941522251326424e+00,1.168595371434277483e-02,-2.374290006912168405e+00,1.990355476334728424e+00,9.764341204303536581e-02,-9.952396727328847170e-01,1.225568718519685629e-01,1.054060498360046561e+00,9.002999999999715675e-01
4.729999999999914273e+00,1.054424100630376726e+00,1.170267515353317495e-02,-2.362654466300854850e+00,1.994912784294559538e+00,9.585803061889812404e-02,-9.927315498490523193e-01,1.249077235715310707e-01,1.054543366347555855e+00,9.002999999999715675e-01
4.734999999999915943e+00,1.054897796267392440e+00,1.171912658252259945e-02,-2.350957511532909994e+00,1.999469436142271572e+00,9.408601583061050599e-02,-9.902201106548368381e-01,1.272619147778054627e-01,1.055017347572019260e+00,9.002999999999715675e-01
4.739999999999917613e+00,1.055362675805749939e+00,1.173530890000584227e-02,-2.339201884269411114e+00,2.004025431927533685e+00,9.232730302630964836e-02,-9.877056988064853993e-01,1.296191018045300680e-01,1.055482508670856578e+00,9.002999999999715675e-01
4.744999999999919282e+00,1.055818805565599261e+00,1.175122300963256199e-02,-2.327390269130639400e+00,2.008580771707763279e+00,9.058182761889387036e-02,-9.851886504345488405e-01,1.319789485109565952e-01,1.055938915958460456e+00,9.002999999999715675e-01
4.749999999999920952e+00,1.056266251544199397e+00,1.176686981991137589e-02,-2.315525294751725749e+00,2.013135455547923947e+00,8.884952508990394404e-02,-9.826692942462482705e-01,1.343411261794802414e-01,1.056386635426530107e+00,9.002999999999715675e-01
4.754999999999922622e+00,1.056705079416274895e+00,1.178225024411481275e-02,-2.303609534818672699e+00,2.017689483520272997e+00,8.713033099381925495e-02,-9.801479517011562059e-01,1.367053133399622200e-01,1.056825732744426372e+00,9.002999999999715675e-01
4.759999999999924292e+00,1.057135354534392668e+00,1.179736520018518156e-02,-2.291645509086047916e+00,2.022242855704142972e+00,8.542418096179854592e-02,-9.776249371128789001e-01,1.390711956680488748e-01,1.057256273259548518e+00,9.002999999999715675e-01
4.764999999999925961e+00,1.057557141929356792e+00,1.181221561064127977e-02,-2.279635684376061011e+00,2.026795572185734251e+00,8.373101070578212179e-02,-9.751005578098821402e-01,1.414384658243448833e-01,1.057678321997727267e+00,9.002999999999715675e-01
4.769999999999927631e+00,1.057970506310624614e+00,1.182680240248601931e-02,-2.267582475559907884e+00,2.031347633057892565e+00,8.205075602216604924e-02,-9.725751142519087900e-01,1.438068233380019323e-01,1.058091943663641121e+00,9.002999999999715675e-01
4.774999999999929301e+00,1.058375512066740631e+00,1.184112650711487136e-02,-2.255488246520890971e+00,2.035899038419907825e+00,8.038335279558937729e-02,-9.700489001805255862e-01,1.461759744561715868e-01,1.058497202641248025e+00,9.002999999999715675e-01
4.779999999999930971e+00,1.058772223265788126e+00,1.185518886022519404e-02,-2.243355311100439842e+00,2.040449788377312057e+00,7.872873700236686367e-02,-9.675222027163954408e-01,1.485456320467381519e-01,1.058894162994236554e+00,9.002999999999715675e-01
4.784999999999932641e+00,1.059160703655858349e+00,1.186899040172638420e-02,-2.231185934027037909e+00,2.044999883041680011e+00,7.708684471421904660e-02,-9.649953025050067579e-01,1.509155154525926301e-01,1.059282888466495320e+00,9.002999999999715675e-01
4.789999999999934310e+00,1.059541016665539459e+00,1.188253207565089994e-02,-2.218982331828155186e+00,2.049549322530442641e+00,7.545761210165273514e-02,-9.624684738379674087e-01,1.532853503703419662e-01,1.059663442482598361e+00,9.002999999999715675e-01
4.794999999999935980e+00,1.059913225404420567e+00,1.189581483006611415e-02,-2.206746673725930474e+00,2.054098106966691262e+00,7.384097543727623225e-02,-9.599419847621568636e-01,1.556548687411627441e-01,1.060035888148310512e+00,9.002999999999715675e-01
4.799999999999937650e+00,1.060277392663611096e+00,1.190883961698697285e-02,-2.194481082516540393e+00,2.058646236479002578e+00,7.223687109917703575e-02,-9.574160972131635639e-01,1.580238086173679779e-01,1.060400288251105216e+00,9.002999999999715675e-01
4.804999999999939320e+00,1.060633580916280350e+00,1.192160739228952278e-02,-2.182187635433475936e+00,2.063193711201250835e+00,7.064523557402446752e-02,-9.548910671233930003e-01,1.603919140543024202e-01,1.060756705260702537e+00,9.002999999999715675e-01
4.809999999999940989e+00,1.060981852318208185e+00,1.193411911562520730e-02,-2.169868364995637844e+00,2.067740531272437732e+00,6.906600546019540932e-02,-9.523671445257799739e-01,1.627589350066380169e-01,1.061105201329619385e+00,9.002999999999715675e-01
4.814999999999942659e+00,1.061322268708353889e+00,1.194637575033601073e-02,-2.157525259839523812e+00,2.072286696836518782e+00,6.749911747095320436e-02,-9.498445736920155813e-01,1.651246271901510299e-01,1.061445838293737509e+00,9.002999999999715675e-01
4.819999999999944329e+00,1.061654891609440376e+00,1.195837826337037973e-02,-2.145160265536936617e+00,2.076832208042235450e+00,6.594450843721208488e-02,-9.473235932067971543e-01,1.674887520074768710e-01,1.061778677672886806e+00,9.002999999999715675e-01
4.824999999999945999e+00,1.061979782228552160e+00,1.197012762519997393e-02,-2.132775285397519038e+00,2.081377065042952168e+00,6.440211531068211481e-02,-9.448044361126340940e-01,1.698510764033102083e-01,1.062103780671440623e+00,9.002999999999715675e-01
4.829999999999947669e+00,1.062297001457745527e+00,1.198162480973717983e-02,-2.120372181256757749e+00,2.085921267996491579e+00,6.287187516646565444e-02,-9.422873299906465716e-01,1.722113727836137587e-01,1.062421208178928822e+00,9.002999999999715675e-01
4.834999999999949338e+00,1.062606609874677144e+00,1.199287079425342094e-02,-2.107952774250096528e+00,2.090464817064982217e+00,6.135372520590269552e-02,-9.397724970660391586e-01,1.745694189101477667e-01,1.062731020770661283e+00,9.002999999999715675e-01
4.839999999999951008e+00,1.062908667743242885e+00,1.200386655929825894e-02,-2.095518845572354127e+00,2.095007712414695078e+00,5.984760275932300005e-02,-9.372601543319079020e-01,1.769249977766715887e-01,1.063033278708367835e+00,9.002999999999715675e-01
4.844999999999952678e+00,1.063203235014230197e+00,1.201461308861924253e-02,-2.083072137224235121e+00,2.099549954215907288e+00,5.835344528844937234e-02,-9.347505136071085907e-01,1.792778975510784800e-01,1.063328041940849511e+00,9.002999999999715675e-01
4.849999999999954348e+00,1.063490371325984674e+00,1.202511136908254730e-02,-2.070614352744579278e+00,2.104091542642736457e+00,5.687119038927181819e-02,-9.322437816878984540e-01,1.816279114237618897e-01,1.063615370104643354e+00,9.002999999999715675e-01
4.854999999999956017e+00,1.063770136005088407e+00,1.203536239059436325e-02,-2.058147157929815396e+00,2.108632477873012778e+00,5.540077579417134607e-02,-9.297401603957271554e-01,1.839748375598305175e-01,1.063895322524701204e+00,9.002999999999715675e-01
4.859999999999957687e+00,1.064042588067049433e+00,1.204536714602304735e-02,-2.045672181540286072e+00,2.113172760088123603e+00,5.394213937459967773e-02,-9.272398467037370473e-01,1.863184789726112789e-01,1.064167958215076482e+00,9.002999999999715675e-01
4.864999999999959357e+00,1.064307786217005392e+00,1.205512663112201163e-02,-2.033191015993391471e+00,2.117712389472883761e+00,5.249521914328610095e-02,-9.247430328211407868e-01,1.886586434392820699e-01,1.064433335879628517e+00,9.002999999999715675e-01
4.869999999999961027e+00,1.064565788850437178e+00,1.206464184445335541e-02,-2.020705218044814622e+00,2.122251366215392121e+00,5.105995325649057698e-02,-9.222499062623759070e-01,1.909951434317190277e-01,1.064691513912733756e+00,9.002999999999715675e-01
4.874999999999962697e+00,1.064816654053893696e+00,1.207391378731225220e-02,-2.008216309457008020e+00,2.126789690506901032e+00,4.963628001647532595e-02,-9.197606499756928455e-01,1.933277959879168284e-01,1.064942550400010512e+00,9.002999999999715675e-01
4.879999999999964366e+00,1.065060439605729048e+00,1.208294346365205475e-02,-1.995725777655624089e+00,2.131327362541692860e+00,4.822413787341506969e-02,-9.172754424045946875e-01,1.956564226505529414e-01,1.065186503119054606e+00,9.002999999999715675e-01
4.884999999999966036e+00,1.065297202976848601e+00,1.209173188001011999e-02,-1.983235076374000316e+00,2.135864382516940996e+00,4.682346542758581559e-02,-9.147944575803871325e-01,1.979808493744455999e-01,1.065423429540184541e+00,9.002999999999715675e-01
4.889999999999967706e+00,1.065527001331467050e+00,1.210028004543435738e-02,-1.970745626286173113e+00,2.140400750632589055e+00,4.543420143141372464e-02,-9.123178652027417179e-01,2.003009064459941313e-01,1.065653386827198901e+00,9.002999999999715675e-01
4.894999999999969376e+00,1.065749891527874693e+00,1.210858897141049717e-02,-1.958258815628000082e+00,2.144936467091231869e+00,4.405628479151763033e-02,-9.098458307360364206e-01,2.026164283868446270e-01,1.065876431838141292e+00,9.002999999999715675e-01
4.899999999999971045e+00,1.065965930119215255e+00,1.211665967179005772e-02,-1.945776000807708739e+00,2.149471532097990689e+00,4.268965457052611295e-02,-9.073785154649227636e-01,2.049272538983282210e-01,1.066092621126077944e+00,9.002999999999715675e-01
4.904999999999972715e+00,1.066175173354273253e+00,1.212449316271901542e-02,-1.933298507004286293e+00,2.154005945860396398e+00,4.133424998917063775e-02,-9.049160766175037285e-01,2.072332257382896170e-01,1.066302010939881972e+00,9.002999999999715675e-01
4.909999999999974385e+00,1.066377677178268035e+00,1.213209046256717716e-02,-1.920827628756568428e+00,2.158539708588279371e+00,3.999001042777213660e-02,-9.024586673759227295e-01,2.095341907105013335e-01,1.066504657225029407e+00,9.002999999999715675e-01
4.914999999999976055e+00,1.066573497233661350e+00,1.213945259185823973e-02,-1.908364630539783446e+00,2.163072820493649573e+00,3.865687542854538694e-02,-9.000064370509957001e-01,2.118299994900388339e-01,1.066700615624403214e+00,9.002999999999715675e-01
4.919999999999977724e+00,1.066762688860968700e+00,1.214658057320053448e-02,-1.895910747333312996e+00,2.167605281790593974e+00,3.733478469660047455e-02,-8.975595310399349103e-01,2.141205066655595957e-01,1.066889941479104653e+00,9.002999999999715675e-01
4.924999999999979394e+00,1.066945307099582463e+00,1.215347543121845023e-02,-1.883467185177071457e+00,2.172137092695164196e+00,3.602367810240574009e-02,-8.951180910097882304e-01,2.164055705558707854e-01,1.067072689829275944e+00,9.002999999999715675e-01
4.929999999999981064e+00,1.067121406688602558e+00,1.216013819248453615e-02,-1.871035121718269245e+00,2.176668253425273480e+00,3.472349568280019144e-02,-8.926822548967310311e-01,2.186850532106405232e-01,1.067248915414929389e+00,9.002999999999715675e-01
4.934999999999982734e+00,1.067291042067674445e+00,1.216656988545225526e-02,-1.858615706748118823e+00,2.181198764200589224e+00,3.343417764290147753e-02,-8.902521570132988504e-01,2.209588203031714326e-01,1.067418672676784031e+00,9.002999999999715675e-01
4.939999999999984404e+00,1.067454267377835331e+00,1.217277154038943175e-02,-1.846210062728670387e+00,2.185728625242441936e+00,3.215566435750773222e-02,-8.878279281071207452e-01,2.232267410716702871e-01,1.067582015757111202e+00,9.002999999999715675e-01
4.944999999999986073e+00,1.067611136462368604e+00,1.217874418931232799e-02,-1.833819285310431368e+00,2.190257836773716438e+00,3.088789637259984830e-02,-8.854096954235699535e-01,2.254886882566028983e-01,1.067738998500588288e+00,9.002999999999715675e-01
4.949999999999987743e+00,1.067761702867663587e+00,1.218448886592039468e-02,-1.821444443840204208e+00,2.194786399018763934e+00,2.963081440687816148e-02,-8.829975827944059885e-01,2.277445380120560747e-01,1.067889674455156701e+00,9.002999999999715675e-01
4.954999999999989413e+00,1.067906019844084398e+00,1.219000660553164889e-02,-1.809086581859869147e+00,2.199314312203302091e+00,2.838435935298458043e-02,-8.805917106801093297e-01,2.299941698634062615e-01,1.068034096872889860e+00,9.002999999999715675e-01
4.959999999999991083e+00,1.068044140346844584e+00,1.219529844501871657e-02,-1.796746717596306997e+00,2.203841576554328441e+00,2.714847227898914417e-02,-8.781921962470533582e-01,2.322374666301524893e-01,1.068172318710868041e+00,9.002999999999715675e-01
4.964999999999992752e+00,1.068176117036889305e+00,1.220036542274549607e-02,-1.784425844441723141e+00,2.208368192300028898e+00,2.592309442967970570e-02,-8.757991534423665847e-01,2.344743143510581440e-01,1.068304392632058120e+00,9.002999999999715675e-01
4.969999999999994422e+00,1.068302002281781737e+00,1.220520857850444958e-02,-1.772124931426379613e+00,2.212894159669690275e+00,2.470816722766946624e-02,-8.734126930144865408e-01,2.367046022636001279e-01,1.068430371006200197e+00,9.002999999999715675e-01
4.974999999999996092e+00,1.068421848156599463e+00,1.220982895345454691e-02,-1.759844923681419093e+00,2.217419478893611906e+00,2.350363227500354077e-02,-8.710329226455379992e-01,2.389282226715948032e-01,1.068550305910700882e+00,9.002999999999715675e-01
4.979999999999997762e+00,1.068535706444832867e+00,1.221422759005980421e-02,-1.747586742894567502e+00,2.221944150203031931e+00,2.230943135381891276e-02,-8.686599469279443486e-01,2.411450709685902805e-01,1.068664249131532351e+00,9.002999999999715675e-01
4.984999999999999432e+00,1.068643628639291743e+00,1.221840553202845417e-02,-1.735351287756328631e+00,2.226468173830034925e+00,2.112550642803890169e-02,-8.662938675076570227e-01,2.433550454946405428e-01,1.068772252164138514e+00,9.002999999999715675e-01
4.990000000000001101e+00,1.068745665943016343e+00,1.222236382425272681e-02,-1.723139434399153291e+00,2.230991550007481283e+00,1.995179964395430924e-02,-8.639347830625747626e-01,2.455580475578876265e-01,1.068874366214344729e+00,9.002999999999715675e-01
4.995000000000002771e+00,1.068841869270196643e+00,1.222610351274922361e-02,-1.710952036827755762e+00,2.235514278968925961e+00,1.878825333178871237e-02,-8.615827894311910429e-01,2.477539813059205231e-01,1.068970642199273735e+00,9.002999999999715675e-01
5.000000000000004441e+00,1.068932289247092271e+00,1.222962564459992817e-02,-1.698789927342198691e+00,2.240036360948546523e+00,1.763481000631189621e-02,-8.592379796110922729e-01,2.499427537272764788e-01,1.069061130748267141e+00,9.002999999999715675e-01
5.005000000000006111e+00,1.069016976212960435e+00,1.223293126789377558e-02,-1.686653916952863819e+00,2.244557796181062770e+00,1.649141236815423323e-02,-8.569004438546394820e-01,2.521242745557659148e-01,1.069145882203811793e+00,9.002999999999715675e-01
5.010000000000007780e+00,1.069095980220989173e+00,1.223602143166883406e-02,-1.674544795788347695e+00,2.249078584901679001e+00,1.535800330456515636e-02,-8.545702696943505705e-01,2.542984562450901764e-01,1.069224946622471917e+00,9.002999999999715675e-01
5.015000000000009450e+00,1.069169351039233273e+00,1.223889718585508858e-02,-1.662463333495394213e+00,2.253598727346001418e+00,1.423452589050492635e-02,-8.522475420270192448e-01,2.564652138847255958e-01,1.069298373775823263e+00,9.002999999999715675e-01
5.020000000000011120e+00,1.069237138151556854e+00,1.224155958121776570e-02,-1.650410279631765453e+00,2.258118223749977727e+00,1.312092338930358378e-02,-8.499323431313781096e-01,2.586244651822658391e-01,1.069366213151395462e+00,9.002999999999715675e-01
5.025000000000012790e+00,1.069299390758577495e+00,1.224400966930128468e-02,-1.638386364052249577e+00,2.262637074349832300e+00,1.201713925372805726e-02,-8.476247527348790278e-01,2.607761303966389388e-01,1.069428513953615711e+00,9.002999999999715675e-01
5.030000000000014460e+00,1.069356157778618588e+00,1.224624850237375148e-02,-1.626392297287084787e+00,2.267155279381999566e+00,1.092311712681473708e-02,-8.453248480792632247e-01,2.629201322725443490e-01,1.069485325104758688e+00,9.002999999999715675e-01
5.035000000000016129e+00,1.069407487848661908e+00,1.224827713337203750e-02,-1.614428770913989952e+00,2.271672839083060946e+00,9.838800842473672398e-03,-8.430327039361196206e-01,2.650563960248948914e-01,1.069536695245899338e+00,9.002999999999715675e-01
5.040000000000017799e+00,1.069453429325306404e+00,1.225009661584741845e-02,-1.602496457923201056e+00,2.276189753689689343e+00,8.764134426492790550e-03,-8.407483926873903224e-01,2.671848492583123180e-01,1.069582672737869444e+00,9.002999999999715675e-01
5.045000000000019469e+00,1.069494030285729647e+00,1.225170800391178240e-02,-1.590596013075732396e+00,2.280706023438586971e+00,7.699062097098765232e-03,-8.384719843572433495e-01,2.693054219352589707e-01,1.069623305662219304e+00,9.002999999999715675e-01
5.050000000000021139e+00,1.069529338528653284e+00,1.225311235218437718e-02,-1.578728073255464048e+00,2.285221648566432506e+00,6.643528265687774839e-03,-8.362035466527391048e-01,2.714180463353716988e-01,1.069658641822181400e+00,9.002999999999715675e-01
5.055000000000022808e+00,1.069559401575311597e+00,1.225431071573912165e-02,-1.566893257814286455e+00,2.289736629309821581e+00,5.597477537601913515e-03,-8.339431450308714133e-01,2.735226569884237069e-01,1.069688728743638961e+00,9.002999999999715675e-01
5.060000000000024478e+00,1.069584266670424055e+00,1.225530415005246336e-02,-1.555092168911637041e+00,2.294250965905215267e+00,4.560854712604307630e-03,-8.316908427103411050e-01,2.756191906625503063e-01,1.069713613676095854e+00,9.002999999999715675e-01
5.065000000000026148e+00,1.069603980783170316e+00,1.225609371095178618e-02,-1.543325391847257588e+00,2.298764658588891230e+00,3.533604785748051778e-03,-8.294467007588950391e-01,2.777075862769162740e-01,1.069733343593651576e+00,9.002999999999715675e-01
5.070000000000027818e+00,1.069618590608168773e+00,1.225668045456435040e-02,-1.531593495388009485e+00,2.303277707596888657e+00,2.515672947664846816e-03,-8.272107780981874381e-01,2.797877848968510772e-01,1.069747965195979145e+00,9.002999999999715675e-01
5.075000000000029488e+00,1.069628142566457107e+00,1.225706543726674987e-02,-1.519897032089045252e+00,2.307790113164960744e+00,1.507004585316551459e-03,-8.249831315569564616e-01,2.818597296806771291e-01,1.069757524909303648e+00,9.002999999999715675e-01
5.080000000000031157e+00,1.069632682806476831e+00,1.225724971563494324e-02,-1.508236538608960897e+00,2.312301875528536943e+00,5.075452825830128502e-04,-8.227638159298631404e-01,2.839233658208702438e-01,1.069762068887386786e+00,9.002999999999715675e-01
5.085000000000032827e+00,1.069632257205059167e+00,1.225723434639477277e-02,-1.496612536018510742e+00,2.316812994922665236e+00,-4.827591793971289648e-04,-8.205528840081401931e-01,2.859786405134141507e-01,1.069761643012511199e+00,9.002999999999715675e-01
5.090000000000034497e+00,1.069626911368414035e+00,1.225702038637301039e-02,-1.485025530105179792e+00,2.321323471581970832e+00,-1.463962821778683589e-03,-8.183503865798399390e-01,2.880255029575525816e-01,1.069756292896468342e+00,9.002999999999715675e-01
5.095000000000036167e+00,1.069616690633121925e+00,1.225660889244895718e-02,-1.473476011670801222e+00,2.325833305740620194e+00,-2.436119467078033847e-03,-8.161563725597706931e-01,2.900639042258540967e-01,1.069746063881549913e+00,9.002999999999715675e-01
5.100000000000037836e+00,1.069601640067127324e+00,1.225600092150651819e-02,-1.461964456824389691e+00,2.330342497632271748e+00,-3.399282739425017741e-03,-8.139708889388581614e-01,2.920937973148519107e-01,1.069731001041539731e+00,9.002999999999715675e-01
5.105000000000039506e+00,1.069581804470734143e+00,1.225519753038678897e-02,-1.450491327269385122e+00,2.334851047490045683e+00,-4.353506063694435185e-03,-8.117939808684555558e-01,2.941151370607355542e-01,1.069711149182708043e+00,9.002999999999715675e-01
5.110000000000041176e+00,1.069557228377602920e+00,1.225419977584117463e-02,-1.439057070586093667e+00,2.339358955546475105e+00,-5.298842665255041814e-03,-8.096256916781358060e-01,2.961278801215584400e-01,1.069686552844808736e+00,9.002999999999715675e-01
5.115000000000042846e+00,1.069527956055750906e+00,1.225300871448499820e-02,-1.427662120508252697e+00,2.343866222033474944e+00,-6.235345569493690697e-03,-8.074660629404223355e-01,2.981319849125093624e-01,1.069657256302077641e+00,9.002999999999715675e-01
5.120000000000044516e+00,1.069494031508554377e+00,1.225162540275159286e-02,-1.416306897195247938e+00,2.348372847182308210e+00,-7.163067601721562726e-03,-8.053151344622240249e-01,3.001274116144767579e-01,1.069623303564232408e+00,9.002999999999715675e-01
5.125000000000046185e+00,1.069455498475749389e+00,1.225005089684692156e-02,-1.404991807498858769e+00,2.352878831223552680e+00,-8.082061386533292979e-03,-8.031729443652146916e-01,3.021141220936717775e-01,1.069584738377476363e+00,9.002999999999715675e-01
5.130000000000047855e+00,1.069412400434437860e+00,1.224828625270464946e-02,-1.393717245225397416e+00,2.357384174387056497e+00,-8.992379347766777178e-03,-8.010395290869694040e-01,3.040920799004913633e-01,1.069541604225499487e+00,9.002999999999715675e-01
5.135000000000049525e+00,1.069364780600093434e+00,1.224633252594173848e-02,-1.382483591392973388e+00,2.361888876901923506e+00,-9.894073708055424812e-03,-7.989149234339358863e-01,3.060612502165482862e-01,1.069493944330484947e+00,9.002999999999715675e-01
5.140000000000051195e+00,1.069312681927568454e+00,1.224419077181450495e-02,-1.371291214484146037e+00,2.366392938996471518e+00,-1.078719648864514581e-02,-7.967991606078299593e-01,3.080215998282755940e-01,1.069441801654114954e+00,9.002999999999715675e-01
5.145000000000052864e+00,1.069256147112102484e+00,1.224186204517515621e-02,-1.360140470693643744e+00,2.370896360898201660e+00,-1.167179950914271763e-02,-7.946922722448488408e-01,3.099730970877148106e-01,1.069385218898579293e+00,9.002999999999715675e-01
5.150000000000054534e+00,1.069195218590332175e+00,1.223934740042880581e-02,-1.349031704171901769e+00,2.375399142833779731e+00,-1.254793438736815508e-02,-7.925942884285444023e-01,3.119157118996429556e-01,1.069324238507582070e+00,9.002999999999715675e-01
5.155000000000056204e+00,1.069129938541302227e+00,1.223664789149096592e-02,-1.337965247264071067e+00,2.379901285029002445e+00,-1.341565253897979669e-02,-7.905052377432203459e-01,3.138494156681751468e-01,1.069258902667352906e+00,9.002999999999715675e-01
5.160000000000057874e+00,1.069060348887476364e+00,1.223376457174550798e-02,-1.326941420744687239e+00,2.384402787708774341e+00,-1.427500517740005331e-02,-7.884251472987029441e-01,3.157741812719942476e-01,1.069189253307657239e+00,9.002999999999715675e-01
5.165000000000059543e+00,1.068986491295750740e+00,1.223069849400308835e-02,-1.315960534047374342e+00,2.388903651097079806e+00,-1.512604331367974064e-02,-7.863540427636479535e-01,3.176899830310458417e-01,1.069115332102808402e+00,9.002999999999715675e-01
5.170000000000061213e+00,1.068908407178466247e+00,1.222745071046001282e-02,-1.305022885491956774e+00,2.393403875416966198e+00,-1.596881775641947887e-02,-7.842919483551880067e-01,3.195967967168888979e-01,1.069037180472678816e+00,9.002999999999715675e-01
5.175000000000062883e+00,1.068826137694423251e+00,1.222402227265760241e-02,-1.294128762505389441e+00,2.397903460890513205e+00,-1.680337911119451216e-02,-7.822388869664477218e-01,3.214945994251828809e-01,1.068954839583714067e+00,9.002999999999715675e-01
5.180000000000064553e+00,1.068739723749896564e+00,1.222041423144197905e-02,-1.283278441840131512e+00,2.402402407738815526e+00,-1.762977778125665584e-02,-7.801948800680695850e-01,3.233833696741618691e-01,1.068868350349946317e+00,9.002999999999715675e-01
5.185000000000066223e+00,1.068649205999649743e+00,1.221662763692429529e-02,-1.272472189787996033e+00,2.406900716181965993e+00,-1.844806396662274431e-02,-7.781599478351224342e-01,3.252630872777239612e-01,1.068777753434007716e+00,9.002999999999715675e-01
5.190000000000067892e+00,1.068554624847950052e+00,1.221266353844145669e-02,-1.261710262390055570e+00,2.411398386439027597e+00,-1.925828766444703799e-02,-7.761341091343174625e-01,3.271337333582187146e-01,1.068683089248146034e+00,9.002999999999715675e-01
5.195000000000069562e+00,1.068456020449586319e+00,1.220852298451724667e-02,-1.250992905642730468e+00,2.415895418728023714e+00,-2.006049866889056746e-02,-7.741173815544584169e-01,3.289952903159949482e-01,1.068584397955237852e+00,9.002999999999715675e-01
5.200000000000071232e+00,1.068353432710882789e+00,1.220420702282389892e-02,-1.240320355700206933e+00,2.420391813265914571e+00,-2.085474657104913546e-02,-7.721097814340834864e-01,3.308477418017595761e-01,1.068481719469805968e+00,9.002999999999715675e-01
5.205000000000072902e+00,1.068246901290716533e+00,1.219971670014410349e-02,-1.229692839072772159e+00,2.424887570268581705e+00,-2.164108075891034086e-02,-7.701113238937304928e-01,3.326910726843122501e-01,1.068375093459032588e+00,9.002999999999715675e-01
5.210000000000074571e+00,1.068136465601534191e+00,1.219505306233346562e-02,-1.219110572822241778e+00,2.429382689950815521e+00,-2.241955041740517629e-02,-7.681220228391080207e-01,3.345252690473746737e-01,1.068264559343776066e+00,9.002999999999715675e-01
5.215000000000076241e+00,1.068022164810366714e+00,1.219021715428338266e-02,-1.208573764753022139e+00,2.433877172526295318e+00,-2.319020452818499473e-02,-7.661418910309947261e-01,3.363503181196900726e-01,1.068150156299585207e+00,9.002999999999715675e-01
5.220000000000077911e+00,1.067904037839847664e+00,1.218521001988434951e-02,-1.198082613600202073e+00,2.438371018207579954e+00,-2.395309186998831330e-02,-7.641709400605229963e-01,3.381662082997409779e-01,1.068031923257716231e+00,9.002999999999715675e-01
5.225000000000079581e+00,1.067782123369228175e+00,1.218003270198968896e-02,-1.187637309213805725e+00,2.442864227206090977e+00,-2.470826101838628081e-02,-7.622091804094488499e-01,3.399729290954789374e-01,1.067909898906145960e+00,9.002999999999715675e-01
5.230000000000081251e+00,1.067656459835393701e+00,1.217468624237968457e-02,-1.177238032739915230e+00,2.447356799732102406e+00,-2.545576034600544046e-02,-7.602566214475796613e-01,3.417704711268954032e-01,1.067784121690588783e+00,9.002999999999715675e-01
5.235000000000082920e+00,1.067527085433878975e+00,1.216917168172615416e-02,-1.166884956798708517e+00,2.451848735994730966e+00,-2.619563802242558248e-02,-7.583132714733135105e-01,3.435588260854839371e-01,1.067654629815510514e+00,9.002999999999715675e-01
5.240000000000084590e+00,1.067394038119885202e+00,1.216349005955744654e-02,-1.156578245658284487e+00,2.456340036201918320e+00,-2.692794201431161771e-02,-7.563791377494984980e-01,3.453379866983784519e-01,1.067521461245142911e+00,9.002999999999715675e-01
5.245000000000086260e+00,1.067257355609292802e+00,1.215764241422379738e-02,-1.146318055406496006e+00,2.460830700560429740e+00,-2.765272008572347909e-02,-7.544542264695609513e-01,3.471079467622281145e-01,1.067384653704498643e+00,9.002999999999715675e-01
5.250000000000087930e+00,1.067117075379677038e+00,1.215162978286315164e-02,-1.136104534118950848e+00,2.465320729275835898e+00,-2.837001979771699989e-02,-7.525385428546911282e-01,3.488687010460084781e-01,1.067244244680383591e+00,9.002999999999715675e-01
5.255000000000089599e+00,1.066973234671322990e+00,1.214545320136736425e-02,-1.125937822023730384e+00,2.469810122552511977e+00,-2.907988850891969276e-02,-7.506320911295303322e-01,3.506202453153356990e-01,1.067100271422410929e+00,9.002999999999715675e-01
5.260000000000091269e+00,1.066825870488237626e+00,1.213911370434877721e-02,-1.115818051663718169e+00,2.474298880593628347e+00,-2.978237337552932032e-02,-7.487348745366515512e-01,3.523625763179840664e-01,1.066952770944013196e+00,9.002999999999715675e-01
5.265000000000092939e+00,1.066675019599163443e+00,1.213261232510724243e-02,-1.105745348055269028e+00,2.478787003601136796e+00,-3.047752135123691503e-02,-7.468468953947464684e-01,3.540956917257005454e-01,1.066801780023454382e+00,9.002999999999715675e-01
5.270000000000094609e+00,1.066520718538590540e+00,1.212595009559750900e-02,-1.095719828844868848e+00,2.483274491775772308e+00,-3.116537918764108323e-02,-7.449681550762730087e-01,3.558195901565559538e-01,1.066647335204841562e+00,9.002999999999715675e-01
5.275000000000096279e+00,1.066363003607767812e+00,1.211912804639703363e-02,-1.085741604461607279e+00,2.487761345317039741e+00,-3.184599343412330280e-02,-7.430986540854418454e-01,3.575342710969581783e-01,1.066489472799134974e+00,9.002999999999715675e-01
5.280000000000097948e+00,1.066201910875714143e+00,1.211214720667412072e-02,-1.075810778268168955e+00,2.492247564423216044e+00,-3.251941043847667717e-02,-7.412383919960099377e-01,3.592397349638578041e-01,1.066328228885157436e+00,9.002999999999715675e-01
5.285000000000099618e+00,1.066037476180226928e+00,1.210500860415650651e-02,-1.065927446708123005e+00,2.496733149291337828e+00,-3.318567634649471909e-02,-7.393873675559339276e-01,3.609359830000956060e-01,1.066163639310602873e+00,9.002999999999715675e-01
5.290000000000101288e+00,1.065869735128892160e+00,1.209771326510029714e-02,-1.056091699450776300e+00,2.501218100117203136e+00,-3.384483710266521228e-02,-7.375455786443146922e-01,3.626230173174559424e-01,1.065995739693045508e+00,9.002999999999715675e-01
5.295000000000102958e+00,1.065698723100091172e+00,1.209026221425929699e-02,-1.046303619533861529e+00,2.505702417095363899e+00,-3.449693845007793108e-02,-7.357130223121133294e-01,3.643008408559522682e-01,1.065824565420945502e+00,9.002999999999715675e-01
5.300000000000104627e+00,1.065524475244008729e+00,1.208265647485471869e-02,-1.036563283502590416e+00,2.510186100419127708e+00,-3.514202593062573654e-02,-7.338896948281073973e-01,3.659694573378692306e-01,1.065650151654655264e+00,9.002999999999715675e-01
5.305000000000106297e+00,1.065347026483637105e+00,1.207489706854524350e-02,-1.026870761546916810e+00,2.514669150280543608e+00,-3.578014488557000605e-02,-7.320755916357435389e-01,3.676288713109085449e-01,1.065472533327423976e+00,9.002999999999715675e-01
5.310000000000107967e+00,1.065166280198038162e+00,1.206697924445611532e-02,-1.017212683605357437e+00,2.519151625607346734e+00,-3.645214445301093314e-02,-7.302705809762025657e-01,3.692789616345494297e-01,1.065291613701913054e+00,9.002999999999715675e-01
5.315000000000109637e+00,1.064982254258778793e+00,1.205890327900130572e-02,-1.007587441772736625e+00,2.523633526138407746e+00,-3.709990996360378046e-02,-7.280916657346776510e-01,3.713031131731625578e-01,1.065107410643548524e+00,9.002999999999715675e-01
5.320000000000111307e+00,1.064795060215710576e+00,1.205067357737927419e-02,-9.980030983246490628e-01,2.528114816324006586e+00,-3.772606594829717996e-02,-7.256218266453633436e-01,3.736182887407386022e-01,1.064920035786924846e+00,9.002999999999715675e-01
5.325000000000112976e+00,1.064604803596721716e+00,1.204229430027543846e-02,-9.884672275454239321e-01,2.532595475834729992e+00,-3.833111028974377221e-02,-7.234721337904341798e-01,3.756133848153404564e-01,1.064729594739687313e+00,9.002999999999715675e-01
5.330000000000114646e+00,1.064411569860499895e+00,1.203376874253732354e-02,-9.789853250308145904e-01,2.537075493693996098e+00,-3.892153605672377809e-02,-7.216278807828359065e-01,3.773030864719127964e-01,1.064536173021564336e+00,9.002999999999715675e-01
5.335000000000116316e+00,1.064215416065522168e+00,1.202509896009044607e-02,-9.695598703112556782e-01,2.541554864674790970e+00,-3.950256976852834639e-02,-7.200406705856154943e-01,3.787357780177135758e-01,1.064339827725011567e+00,9.002999999999715675e-01
5.340000000000117986e+00,1.064016377012910297e+00,1.201628603516386763e-02,-9.601909779588649885e-01,2.546033586929430825e+00,-4.007819911288584142e-02,-7.185894663398814108e-01,3.800324888877729679e-01,1.064140593663789325e+00,9.002999999999715675e-01
5.345000000000119655e+00,1.063814473367867386e+00,1.200733043107559198e-02,-9.508772704914287832e-01,2.550511660489653831e+00,-4.065050931680403573e-02,-7.171759322513604484e-01,3.812915508895375893e-01,1.063938491502145478e+00,9.002999999999715675e-01
5.350000000000121325e+00,1.063609719784069485e+00,1.199823234969385997e-02,-9.416167544764117991e-01,2.554989086332736470e+00,-4.122013155839994447e-02,-7.157316573279872696e-01,3.825813731000047291e-01,1.063733535887067871e+00,9.002999999999715675e-01
5.355000000000122995e+00,1.063402130727303607e+00,1.198899198908458946e-02,-9.324074479559579798e-01,2.559465865832127651e+00,-4.178671647668442263e-02,-7.142241383241403341e-01,3.839344580465183232e-01,1.063525741277618897e+00,9.002999999999715675e-01
5.360000000000124665e+00,1.063191723831500735e+00,1.197960969303712292e-02,-9.232477406515211538e-01,2.563942000455581294e+00,-4.234944456773046678e-02,-7.126477789586151967e-01,3.853564019214437697e-01,1.063315125304298947e+00,9.002999999999715675e-01
5.365000000000126334e+00,1.062978521126617837e+00,1.197008600665719173e-02,-9.141365238083867251e-01,2.568417491616261206e+00,-4.290739773829393283e-02,-7.110138530568287374e-01,3.868359311031969172e-01,1.063101709998187872e+00,9.002999999999715675e-01
5.370000000000128004e+00,1.062762548839006449e+00,1.196042166852119039e-02,-9.050731658385485767e-01,2.572892340611131257e+00,-4.345978895037136414e-02,-7.093409108482915393e-01,3.883544956729851338e-01,1.062885521591162563e+00,9.002999999999715675e-01
5.375000000000129674e+00,1.062543836436523170e+00,1.195061756893776687e-02,-8.960574067625955985e-01,2.577366548604510754e+00,-4.400606175094224498e-02,-7.076480205798214573e-01,3.898930277116838816e-01,1.062666589560096186e+00,9.002999999999715675e-01
5.380000000000131344e+00,1.062322415447801038e+00,1.194067469776962861e-02,-8.870892288486558197e-01,2.581840116631588966e+00,-4.454589962592526986e-02,-7.059508711867651387e-01,3.914358385928701223e-01,1.062444945444980027e+00,9.002999999999715675e-01
5.385000000000133014e+00,1.062098318389764096e+00,1.193059409673895635e-02,-8.781687395706452293e-01,2.586313045608633399e+00,-4.507918383400245921e-02,-7.042603011135223356e-01,3.929720901534080602e-01,1.062220621775378016e+00,9.002999999999715675e-01
5.390000000000134683e+00,1.061871577964219382e+00,1.192037682349910213e-02,-8.692960841775725367e-01,2.590785336343969458e+00,-4.560593182220235020e-02,-7.025824423306472610e-01,3.944956506777799188e-01,1.061993651266218475e+00,9.002999999999715675e-01
5.395000000000136353e+00,1.061642226557004465e+00,1.191002392908866413e-02,-8.604713913485306787e-01,2.595256989547956472e+00,-4.612623736113911910e-02,-7.009197216926332796e-01,3.960040935435863996e-01,1.061764066316434718e+00,9.002999999999715675e-01
5.400000000000138023e+00,1.061410295997685882e+00,1.189953644699073484e-02,-8.516947472476744663e-01,2.599728005842043110e+00,-4.664022352379219860e-02,-6.992721268557136050e-01,3.974974313055704145e-01,1.061531898768414584e+00,9.002999999999715675e-01
5.405000000000139693e+00,1.061175817505454866e+00,1.188891539053732634e-02,-8.429661898194746872e-01,2.604198385767499069e+00,-4.714801189835255563e-02,-6.976383641256569401e-01,3.989769578477515011e-01,1.061297179853837758e+00,9.002999999999715675e-01
5.410000000000141362e+00,1.060938821744414007e+00,1.187816175525208129e-02,-8.342857149374677261e-01,2.608668129794330159e+00,-4.764970660743136910e-02,-6.960167279176056043e-01,4.004443789224226835e-01,1.061059940249011291e+00,9.002999999999715675e-01
5.415000000000143032e+00,1.060699338925496393e+00,1.186727652332629501e-02,-8.256532875701677598e-01,2.613137238330492718e+00,-4.814538939807962853e-02,-6.944056430981736527e-01,4.019012698068430423e-01,1.060820210176888434e+00,9.002999999999715675e-01
5.420000000000144702e+00,1.060457398912349580e+00,1.185626066830711492e-02,-8.170688533314320878e-01,2.617605711731248785e+00,-4.863512159025332876e-02,-6.928039245065497065e-01,4.033488157816468300e-01,1.060578019513058301e+00,9.002999999999715675e-01
5.425000000000146372e+00,1.060213031307803755e+00,1.184511515893463436e-02,-8.085323478836633493e-01,2.622073550308317458e+00,-4.911894925920613081e-02,-6.912108343628049489e-01,4.047877547231369388e-01,1.060333397872297967e+00,9.002999999999715675e-01
5.430000000000148042e+00,1.059966265512487071e+00,1.183384096173591138e-02,-8.000437032913634283e-01,2.626540754338441808e+00,-4.959690907562537554e-02,-6.896260209417299780e-01,4.062184384311267049e-01,1.060086374667249087e+00,9.002999999999715675e-01
5.435000000000149711e+00,1.059717130756809400e+00,1.182243904242066303e-02,-7.916028514670983007e-01,2.631007324071062747e+00,-5.006903330237377769e-02,-6.880494069206224417e-01,4.076409442836524399e-01,1.059836979140430735e+00,9.002999999999715675e-01
5.440000000000151381e+00,1.059465656112392740e+00,1.181091036634662576e-02,-7.832097253805588855e-01,2.635473259734875562e+00,-5.053535332380208051e-02,-6.864810737267392771e-01,4.090551908924949243e-01,1.059585240375681359e+00,9.002999999999715675e-01
5.445000000000153051e+00,1.059211870490379237e+00,1.179925589838717349e-02,-7.748642588405708631e-01,2.639938561543222484e+00,-5.099590167390055662e-02,-6.849211674882031975e-01,4.104610321553631702e-01,1.059331187296463916e+00,9.002999999999715675e-01
5.450000000000154721e+00,1.058955802633243515e+00,1.178747660250046431e-02,-7.665663855747484323e-01,2.644403229698363500e+00,-5.145071285270574196e-02,-6.833698354756819748e-01,4.118583208171410215e-01,1.059074848657667323e+00,9.002999999999715675e-01
5.455000000000156390e+00,1.058697481104966753e+00,1.177557344122096873e-02,-7.583160381335692923e-01,2.648867264394700882e+00,-5.189982332930425518e-02,-6.818271919146716709e-01,4.132469426601851903e-01,1.058816253035768984e+00,9.002999999999715675e-01
5.460000000000158060e+00,1.058436934282496855e+00,1.176354737520737478e-02,-7.501131469360120541e-01,2.653330665821164391e+00,-5.234327111137122845e-02,-6.802933062654340501e-01,4.146268282265322958e-01,1.058555428820283639e+00,9.002999999999715675e-01
5.465000000000159730e+00,1.058174190349790100e+00,1.175139936290727632e-02,-7.419576395966041016e-01,2.657793434162897483e+00,-5.278109516992153527e-02,-6.787682059228897780e-01,4.159979501196965357e-01,1.058292404207799464e+00,9.002999999999715675e-01
5.470000000000161400e+00,1.057909277294611483e+00,1.173913036034753520e-02,-7.338494405521194253e-01,2.662255569602404393e+00,-5.321333490323740256e-02,-6.772518860302308985e-01,4.173603131923363518e-01,1.058027207198768638e+00,9.002999999999715675e-01
5.475000000000163070e+00,1.057642222907621221e+00,1.172674132102982658e-02,-7.257884709358946029e-01,2.666717072320323734e+00,-5.364002972965997706e-02,-6.757443211522092819e-01,4.187139428738942959e-01,1.057759865596595406e+00,9.002999999999715675e-01
5.480000000000164739e+00,1.057373054783045774e+00,1.171423319589927348e-02,-7.177746486223998135e-01,2.671177942495904123e+00,-5.406121883157976454e-02,-6.742454755206810368e-01,4.200588749257019860e-01,1.057490407008303990e+00,9.002999999999715675e-01
5.485000000000166409e+00,1.057101800320229490e+00,1.170160693335437797e-02,-7.098078883661768090e-01,2.675638180307307490e+00,-5.447694103114020941e-02,-6.727553104907171289e-01,4.213951479853088600e-01,1.057218858846090237e+00,9.002999999999715675e-01
5.490000000000168079e+00,1.056828486725523542e+00,1.168886347927309763e-02,-7.018881019751043171e-01,2.680097785931771170e+00,-5.488723476113195610e-02,-6.712737889971971406e-01,4.227227991101831228e-01,1.056945248329210330e+00,9.002999999999715675e-01
5.495000000000169749e+00,1.056553141014149100e+00,1.167600377703841008e-02,-6.940151984803403229e-01,2.684556759545694504e+00,-5.529213809225146797e-02,-6.698008774939526733e-01,4.240418618387554739e-01,1.056669602485845738e+00,9.002999999999715675e-01
5.500000000000171418e+00,1.056275790011855342e+00,1.166302876755477731e-02,-6.861890842811927405e-01,2.689015101324670809e+00,-5.569168878436349390e-02,-6.683365462491072106e-01,4.253523658951966491e-01,1.056391948154759008e+00,9.002999999999715675e-01
5.505000000000173088e+00,1.055996460356309230e+00,1.164993938925275481e-02,-6.784096632604653676e-01,2.693472811443487380e+00,-5.608592434078152333e-02,-6.668807685723139311e-01,4.266543379622531051e-01,1.056112311986685093e+00,9.002999999999715675e-01
5.510000000000174758e+00,1.055715178498248585e+00,1.163673657808284023e-02,-6.706768368727813456e-01,2.697929890076102399e+00,-5.647488205204094502e-02,-6.654335197736164220e-01,4.279478027224267178e-01,1.055830720445482873e+00,9.002999999999715675e-01
5.515000000000176428e+00,1.055431970702455313e+00,1.162342126750140481e-02,-6.629905042119913494e-01,2.702386337395618288e+00,-5.685859902590446185e-02,-6.639947761271249860e-01,4.292327838943230667e-01,1.055547199809107939e+00,9.002999999999715675e-01
5.520000000000178098e+00,1.055146863048622485e+00,1.160999438845184209e-02,-6.553505620663330200e-01,2.706842153574248400e+00,-5.723711220380911513e-02,-6.625645140263093369e-01,4.305093050773617369e-01,1.055261776170477672e+00,9.002999999999715675e-01
5.525000000000179767e+00,1.054859881432168356e+00,1.159645686934372179e-02,-6.477569049672283752e-01,2.711297338783281941e+00,-5.761045836632109479e-02,-6.611427094956872086e-01,4.317773902400914299e-01,1.054974475438287040e+00,9.002999999999715675e-01
5.530000000000181437e+00,1.054571051565045714e+00,1.158280963603188114e-02,-6.402094252360207571e-01,2.715751893193053768e+00,-5.797867413223137950e-02,-6.597293379281153891e-01,4.330370639828887702e-01,1.054685323337814618e+00,9.002999999999715675e-01
5.535000000000183107e+00,1.054280398976564559e+00,1.156905361179654153e-02,-6.327080130318906148e-01,2.720205816972910196e+00,-5.834179595421269682e-02,-6.583243740077939776e-01,4.342883516149464995e-01,1.054394345411745038e+00,9.002999999999715675e-01
5.540000000000184777e+00,1.053987949014239200e+00,1.155518971732490997e-02,-6.252525564014526083e-01,2.724659110291188568e+00,-5.869986011342707977e-02,-6.569277917904439157e-01,4.355312790740804574e-01,1.054101567021015429e+00,9.002999999999715675e-01
5.545000000000186446e+00,1.053693726844660450e+00,1.154121887069427949e-02,-6.178429413299382222e-01,2.729111773315199496e+00,-5.905290271509248956e-02,-6.555395648044177737e-01,4.367658728256081369e-01,1.053807013345686716e+00,9.002999999999715675e-01
5.550000000000188116e+00,1.053397757454384687e+00,1.152714198735635930e-02,-6.104790517939289174e-01,2.733563806211209979e+00,-5.940095968526686726e-02,-6.541596661580360017e-01,4.379921597549983336e-01,1.053510709385832467e+00,9.002999999999715675e-01
5.555000000000189786e+00,1.053100065650838024e+00,1.151295998012253838e-02,-6.031607698146177476e-01,2.738015209144435858e+00,-5.974406676891923923e-02,-6.527880686595277648e-01,4.392101670479187092e-01,1.053212679962440612e+00,9.002999999999715675e-01
5.560000000000191456e+00,1.052800676063222252e+00,1.149867375914976481e-02,-5.958879755104891096e-01,2.742465982279032044e+00,-6.008225952944484111e-02,-6.514247448905152726e-01,4.404199221167419687e-01,1.052912949718320501e+00,9.002999999999715675e-01
5.565000000000193126e+00,1.052499613143422996e+00,1.148428423192681368e-02,-5.886605471499878339e-01,2.746916125778091633e+00,-6.041557334902273452e-02,-6.500696672281063293e-01,4.416214525784422640e-01,1.052611543119008841e+00,9.002999999999715675e-01
5.570000000000194795e+00,1.052196901166915444e+00,1.146979230326078056e-02,-5.814783612020864023e-01,2.751365639803649454e+00,-6.074404342915933064e-02,-6.487228079097264732e-01,4.428147861897577253e-01,1.052308484453675197e+00,9.002999999999715675e-01
5.575000000000196465e+00,1.051892564233663396e+00,1.145519887526374667e-02,-5.743412923870575559e-01,2.755814524516679853e+00,-6.106770479196810264e-02,-6.473841389731095353e-01,4.439999509071913542e-01,1.052003797836021270e+00,9.002999999999715675e-01
5.580000000000198135e+00,1.051586626269017222e+00,1.144050484733960364e-02,-5.672492137249856015e-01,2.760262780077102907e+00,-6.138659228058800793e-02,-6.460536323413915705e-01,4.451769748019137052e-01,1.051697507205175741e+00,9.002999999999715675e-01
5.585000000000199805e+00,1.051279111024603363e+00,1.142571111617101884e-02,-5.602019965834827975e-01,2.764710406643790641e+00,-6.170074056060600304e-02,-6.447312597497791842e-01,4.463458861330904526e-01,1.051389636326585775e+00,9.002999999999715675e-01
5.590000000000201474e+00,1.050970042079213629e+00,1.141081857570657582e-02,-5.531995107247419385e-01,2.769157404374575471e+00,-6.201018412045416345e-02,-6.434169927688662138e-01,4.475067133245611006e-01,1.051080208792902981e+00,9.002999999999715675e-01
5.595000000000203144e+00,1.050659442839688040e+00,1.139582811714814382e-02,-5.462416243509643499e-01,2.773603773426255525e+00,-6.231495727202718965e-02,-6.421108028241885313e-01,4.486594849452837375e-01,1.050769248024867819e+00,9.002999999999715675e-01
5.600000000000204814e+00,1.050347336541797461e+00,1.138074062893844850e-02,-5.393282041492468704e-01,2.778049513954604421e+00,-6.261509415147199775e-02,-6.408126611589205490e-01,4.498042297466336992e-01,1.050456777272189335e+00,9.002999999999715675e-01
5.605000000000206484e+00,1.050033746251120670e+00,1.136555699674888543e-02,-5.324591153356394990e-01,2.782494626114381475e+00,-6.291062871942464108e-02,-6.395225388620651152e-01,4.509409766342145631e-01,1.050142819614423351e+00,9.002999999999715675e-01
5.610000000000208153e+00,1.049718694863922996e+00,1.135027810346761479e-02,-5.256342216983710403e-01,2.786939110059335256e+00,-6.320159476153547340e-02,-6.382404068727665081e-01,4.520697546635428221e-01,1.049827397961848652e+00,9.002999999999715675e-01
5.615000000000209823e+00,1.049402205108028729e+00,1.133490482918787443e-02,-5.188533856400644462e-01,2.791382965942218686e+00,-6.348802588897839438e-02,-6.369662359862675594e-01,4.531905930340895394e-01,1.049510535056340066e+00,9.002999999999715675e-01
5.620000000000211493e+00,1.049084299543693088e+00,1.131943805119653423e-02,-5.121164682194180306e-01,2.795826193914799251e+00,-6.376995553896629143e-02,-6.356999968480112617e-01,4.543035210951760217e-01,1.049192253472239544e+00,9.002999999999715675e-01
5.625000000000213163e+00,1.048765000564472638e+00,1.130387864396290888e-02,-5.054233291922924920e-01,2.800268794127865668e+00,-6.404741697512263132e-02,-6.344416599753917030e-01,4.554085683242256599e-01,1.048872575617224578e+00,9.002999999999715675e-01
5.630000000000214833e+00,1.048444330398091262e+00,1.128822747912780651e-02,-4.987738270513122907e-01,2.804710766731237204e+00,-6.432044328806507671e-02,-6.331911957735290031e-01,4.565057643109850516e-01,1.048551523733174173e+00,9.002999999999715675e-01
5.635000000000216502e+00,1.048122311107303251e+00,1.127248542549276304e-02,-4.921678190654689145e-01,2.809152111873777891e+00,-6.458906739612492454e-02,-6.319485744987576314e-01,4.575951387940355719e-01,1.048229119897032380e+00,9.002999999999715675e-01
5.640000000000218172e+00,1.047798964590755944e+00,1.125665334900953669e-02,-4.856051613185646820e-01,2.813592829703399190e+00,-6.485332204553440061e-02,-6.307137663115756077e-01,4.586767216078451725e-01,1.047905386021668495e+00,9.002999999999715675e-01
5.645000000000219842e+00,1.047474312583848599e+00,1.124073211276982280e-02,-4.790857087471482312e-01,2.818032920367085303e+00,-6.511323981122996152e-02,-6.294867412538445173e-01,4.597505427055645910e-01,1.047580343856735485e+00,9.002999999999715675e-01
5.650000000000221512e+00,1.047148376659587043e+00,1.122472257699516987e-02,-4.726093151773330669e-01,2.822472384010870083e+00,-6.536885309730149085e-02,-6.282674692703174024e-01,4.608166321375020136e-01,1.047254014989524862e+00,9.002999999999715675e-01
5.655000000000223181e+00,1.046821178229437432e+00,1.120862559902710900e-02,-4.661758333615397265e-01,2.826911220779888545e+00,-6.562019413765605991e-02,-6.270559201890241185e-01,4.618750200707354425e-01,1.046926420845819106e+00,9.002999999999715675e-01
5.660000000000224851e+00,1.046492738544176682e+00,1.119244203331750884e-02,-4.597851150136494924e-01,2.831349430818361768e+00,-6.586729499637219987e-02,-6.258520637655384800e-01,4.629257367448442184e-01,1.046597582690740991e+00,9.002999999999715675e-01
5.665000000000226521e+00,1.046163078694739568e+00,1.117617273141912650e-02,-4.534370108442685177e-01,2.835787014269611994e+00,-6.611018756856265610e-02,-6.246558696322696003e-01,4.639688125226192339e-01,1.046267521629601571e+00,9.002999999999715675e-01
5.670000000000228191e+00,1.045832219613064495e+00,1.115981854197638061e-02,-4.471313705952542072e-01,2.840223971276071957e+00,-6.634890358053020798e-02,-6.234673073540719646e-01,4.650042778344505301e-01,1.045936258608742175e+00,9.002999999999715675e-01
5.675000000000229861e+00,1.045500182072934159e+00,1.114338031071634635e-02,-4.408680430727238697e-01,2.844660301979295092e+00,-6.658347459058196194e-02,-6.222863464251806587e-01,4.660321631813917342e-01,1.045603814416378174e+00,9.002999999999715675e-01
5.680000000000231530e+00,1.045166986690815536e+00,1.112685888043989622e-02,-4.346468761805700742e-01,2.849096006519967084e+00,-6.681393198974749925e-02,-6.211129562248376423e-01,4.670524991795346748e-01,1.045270209683435425e+00,9.002999999999715675e-01
5.685000000000233200e+00,1.044832653926696331e+00,1.111025509101311141e-02,-4.284677169524335194e-01,2.853531085037911641e+00,-6.704030700187554870e-02,-6.199471060927839172e-01,4.680653164845148262e-01,1.044935464884386933e+00,9.002999999999715675e-01
5.690000000000234870e+00,1.044497204084918307e+00,1.109356977935886494e-02,-4.223304115835828654e-01,2.857965537672103817e+00,-6.726263068464644057e-02,-6.187887652745618361e-01,4.690706458462088335e-01,1.044599600338085965e+00,9.002999999999715675e-01
5.695000000000236540e+00,1.044160657315007512e+00,1.107680377944860080e-02,-4.162348054619973703e-01,2.862399364560678894e+00,-6.748093392983120498e-02,-6.176379029624281536e-01,4.700685180678218500e-01,1.044262636208594719e+00,9.002999999999715675e-01
5.700000000000238209e+00,1.043823033612503615e+00,1.105995792229432471e-02,-4.101807431984975660e-01,2.866832565840941260e+00,-6.769524746402474924e-02,-6.164944882855901698e-01,4.710589640156511715e-01,1.043924592506013882e+00,9.002999999999715675e-01
5.705000000000239879e+00,1.043484352819783467e+00,1.104303303594078231e-02,-4.041680686571439418e-01,2.871265141649371522e+00,-6.790560184920424458e-02,-6.153584902949496005e-01,4.720420146343391465e-01,1.043585489087304641e+00,9.002999999999715675e-01
5.710000000000241549e+00,1.043144634626884670e+00,1.102602994545784365e-02,-3.981966249841493166e-01,2.875697092121641152e+00,-6.811202748304354126e-02,-6.142298780188728546e-01,4.730177008911053971e-01,1.043245345657112022e+00,9.002999999999715675e-01
5.715000000000243219e+00,1.042803898572324028e+00,1.100894947293308036e-02,-3.922662546367354786e-01,2.880128417392620932e+00,-6.831455459989525802e-02,-6.131086204103453063e-01,4.739860538285907143e-01,1.042904181768583127e+00,9.002999999999715675e-01
5.720000000000244889e+00,1.042462164043915784e+00,1.099179243746450756e-02,-3.863767994111863002e-01,2.884559117596386280e+00,-6.851321327104760439e-02,-6.119946863860113995e-01,4.749471045258161217e-01,1.042562016824183369e+00,9.002999999999715675e-01
5.725000000000246558e+00,1.042119450279582749e+00,1.097455965515354605e-02,-3.805281004703963132e-01,2.888989192866225242e+00,-6.870803340543690796e-02,-6.108880448122362417e-01,4.759008841121223909e-01,1.042218870076508486e+00,9.002999999999715675e-01
5.730000000000248228e+00,1.041775776368169648e+00,1.095725193909816153e-02,-3.747199983710344240e-01,2.893418643334654927e+00,-6.889904475013629293e-02,-6.097886645130177197e-01,4.768474237592548182e-01,1.041874760629096119e+00,9.002999999999715675e-01
5.735000000000249898e+00,1.041431161250250481e+00,1.093987009938620150e-02,-3.689523330900532638e-01,2.897847469133429499e+00,-6.908627689090221513e-02,-6.086965142822267083e-01,4.777867546691247358e-01,1.041529707437232943e+00,9.002999999999715675e-01
5.740000000000251568e+00,1.041085623718933650e+00,1.092241494308891087e-02,-3.632249440506368221e-01,2.902275670393541507e+00,-6.926975925283414270e-02,-6.076115628796310286e-01,4.787189080777843331e-01,1.041183729308759132e+00,9.002999999999715675e-01
5.745000000000253237e+00,1.040739182420663989e+00,1.090488727425462274e-02,-3.575376701476434271e-01,2.906703247245238320e+00,-6.944952110094111675e-02,-6.065337790329077272e-01,4.796439152534133776e-01,1.040836844904870162e+00,9.002999999999715675e-01
5.750000000000254907e+00,1.040391855856023229e+00,1.088728789390262276e-02,-3.518903497723320783e-01,2.911130199818031450e+00,-6.962559154069250522e-02,-6.054631314414398169e-01,4.805618074925235295e-01,1.040489072740914844e+00,9.002999999999715675e-01
5.755000000000256577e+00,1.040043662380525147e+00,1.086961760001721802e-02,-3.462828208373639471e-01,2.915556528240699219e+00,-6.979799951857712514e-02,-6.043995887664888045e-01,4.814726161297824270e-01,1.040140431187192904e+00,9.002999999999715675e-01
5.760000000000258247e+00,1.039694620205411812e+00,1.085187718754199691e-02,-3.407149208003424912e-01,2.919982232641300079e+00,-6.996677382249689992e-02,-6.033431196806409158e-01,4.823763724885707926e-01,1.039790938469747017e+00,9.002999999999715675e-01
5.765000000000259917e+00,1.039344747398442070e+00,1.083406744837422768e-02,-3.351864866874472715e-01,2.924407313147182386e+00,-7.013194308275472189e-02,-6.022936928106786825e-01,4.832731079381068495e-01,1.039440612671153730e+00,9.002999999999715675e-01
5.770000000000261586e+00,1.038994061884681130e+00,1.081618917135944262e-02,-3.296973551165310323e-01,2.928831769884991054e+00,-7.029353577227141769e-02,-6.012512767790597623e-01,4.841628538519696656e-01,1.039089471731310610e+00,9.002999999999715675e-01
5.775000000000263256e+00,1.038642581447285052e+00,1.079824314228621310e-02,-3.242473623192992926e-01,2.933255602980673782e+00,-7.045158020729766490e-02,-6.002158401992513381e-01,4.850456416127622572e-01,1.038737533448220951e+00,9.002999999999715675e-01
5.780000000000264926e+00,1.038290323728283227e+00,1.078023014388108242e-02,-3.188363441640211793e-01,2.937678812559492592e+00,-7.060610454802888902e-02,-5.991873516525384469e-01,4.859215026353048139e-01,1.038384815478775369e+00,9.002999999999715675e-01
5.785000000000266596e+00,1.037937306229358425e+00,1.076215095580368604e-02,-3.134641361767899759e-01,2.942101398746037599e+00,-7.075713679888676055e-02,-5.981657797504238427e-01,4.867904683042321157e-01,1.038031335339530958e+00,9.002999999999715675e-01
5.790000000000268265e+00,1.037583546312623062e+00,1.074400635464204182e-02,-3.081305735628112052e-01,2.946523361664223017e+00,-7.090470480956635735e-02,-5.971510930741384948e-01,4.876525700344837011e-01,1.037677110407486669e+00,9.002999999999715675e-01
5.795000000000269935e+00,1.037229061201392355e+00,1.072579711390795817e-02,-3.028354912271559174e-01,2.950944701437306694e+00,-7.104883627527076861e-02,-5.961432602099875355e-01,4.885078392359588073e-01,1.037322157920857579e+00,9.002999999999715675e-01
5.800000000000271605e+00,1.036873867980956820e+00,1.070752400403268689e-02,-2.975787237953987918e-01,2.955365418187891446e+00,-7.118955873736751427e-02,-5.951422497420438829e-01,4.893563073208196945e-01,1.036966494979843612e+00,9.002999999999715675e-01
5.805000000000273275e+00,1.036517983599348103e+00,1.068918779236269039e-02,-2.923601056331543435e-01,2.959785512037937938e+00,-7.132689958391662255e-02,-5.941480302741177777e-01,4.901980056815238851e-01,1.036610138547398474e+00,9.002999999999715675e-01
5.810000000000274945e+00,1.036161424868106362e+00,1.067078924315558071e-02,-2.871794708660019846e-01,2.964204983108772673e+00,-7.146088605044842446e-02,-5.931605703903884974e-01,4.910329657301897854e-01,1.036253105449993939e+00,9.002999999999715675e-01
5.815000000000276614e+00,1.035804208463040110e+00,1.065232911757622858e-02,-2.820366533984617341e-01,2.968623831521087997e+00,-7.159154522020347300e-02,-5.921798387076893100e-01,4.918612188463145629e-01,1.035895412378379676e+00,9.002999999999715675e-01
5.820000000000278284e+00,1.035446350924988712e+00,1.063380817369304239e-02,-2.769314869327001993e-01,2.973042057394963855e+00,-7.171890402501351902e-02,-5.912058038414776950e-01,4.926827964107985958e-01,1.035537075888345537e+00,9.002999999999715675e-01
5.825000000000279954e+00,1.035087868660576005e+00,1.061522716647437387e-02,-2.718638049871510698e-01,2.977459660849863798e+00,-7.184298924571307088e-02,-5.902384344186051290e-01,4.934977297931809059e-01,1.035178112401473838e+00,9.002999999999715675e-01
5.830000000000281624e+00,1.034728777942965472e+00,1.059658684778511974e-02,-2.668334409142138486e-01,2.981876642004649192e+00,-7.196382751268716460e-02,-5.892776990959506245e-01,4.943060503330011790e-01,1.034818538205895200e+00,9.002999999999715675e-01
5.835000000000283293e+00,1.034369094912610532e+00,1.057788796638345352e-02,-2.618402279181912262e-01,2.986293000977586320e+00,-7.208144530662660698e-02,-5.883235665297381622e-01,4.951077893704827204e-01,1.034458369457036397e+00,9.002999999999715675e-01
5.840000000000284963e+00,1.034008835578002827e+00,1.055913126791772731e-02,-2.568839990721573097e-01,2.990708737886350388e+00,-7.219586895886137556e-02,-5.873760054162039390e-01,4.959029782058662628e-01,1.034097622178369758e+00,9.002999999999715675e-01
5.845000000000286633e+00,1.033648015816417187e+00,1.054031749492350539e-02,-2.519645873353318910e-01,2.995123852848040613e+00,-7.230712465218819274e-02,-5.864349844488516705e-01,4.966916481421514984e-01,1.033736312262156787e+00,9.002999999999715675e-01
5.850000000000288303e+00,1.033286651374653919e+00,1.052144738682079042e-02,-2.470818255691486498e-01,2.999538345979178455e+00,-7.241523842112114473e-02,-5.855004723751100482e-01,4.974738304284431756e-01,1.033374455470190023e+00,9.002999999999715675e-01
5.855000000000289972e+00,1.032924757869777110e+00,1.050252167991136062e-02,-2.422355465540052266e-01,3.003952217395724489e+00,-7.252023615284244884e-02,-5.845724379376492363e-01,4.982495563186300491e-01,1.033012067434530890e+00,9.002999999999715675e-01
5.860000000000291642e+00,1.032562350789853145e+00,1.048354110737628048e-02,-2.374255830045908511e-01,3.008365467213075739e+00,-7.262214358737384412e-02,-5.836508499420189899e-01,4.990188570037483728e-01,1.032649163658247105e+00,9.002999999999715675e-01
5.865000000000293312e+00,1.032199445494682788e+00,1.046450639927354841e-02,-2.326517675858953138e-01,3.012778095546085666e+00,-7.272098631858903151e-02,-5.827356771893279497e-01,4.997817636793031593e-01,1.032285759516144763e+00,9.002999999999715675e-01
5.870000000000294982e+00,1.031836057216531710e+00,1.044541828253588329e-02,-2.279139329280314430e-01,3.017190102509061500e+00,-7.281678979433750531e-02,-5.818268885435625704e-01,5.005383074779464758e-01,1.031921870255498197e+00,9.002999999999715675e-01
5.875000000000296652e+00,1.031472201060859684e+00,1.042627748096868791e-02,-2.232119116414449378e-01,3.021601488215772235e+00,-7.290957931740700559e-02,-5.809244528772012917e-01,5.012885195238645508e-01,1.031557510996778060e+00,9.002999999999715675e-01
5.880000000000298321e+00,1.031107892007044224e+00,1.040708471524811989e-02,-2.185455363312616139e-01,3.026012252779464617e+00,-7.299938004576406181e-02,-5.800283391195402150e-01,5.020324308844505978e-01,1.031192696734375858e+00,9.002999999999715675e-01
5.885000000000299991e+00,1.030743144909104236e+00,1.038784070291932753e-02,-2.139146396118445648e-01,3.030422396312857369e+00,-7.308621699338947730e-02,-5.791385162222006944e-01,5.027700726047987789e-01,1.030827442337324928e+00,9.002999999999715675e-01
5.890000000000301661e+00,1.030377974496417659e+00,1.036854615839481915e-02,-2.093190541202524513e-01,3.034831918928159844e+00,-7.317011503064899114e-02,-5.782549531948132371e-01,5.035014756720174178e-01,1.030461762550019200e+00,9.002999999999715675e-01
5.895000000000303331e+00,1.030012395374439338e+00,1.034920179295297123e-02,-2.047586125305889404e-01,3.039240820737072468e+00,-7.325109888509866163e-02,-5.773776190567527777e-01,5.042266710634950577e-01,1.030095671992930395e+00,9.002999999999715675e-01
5.900000000000305000e+00,1.029646422025413788e+00,1.032980831473668398e-02,-2.002331475667196159e-01,3.043649101850797400e+00,-7.332919314164738911e-02,-5.765064829126994583e-01,5.049456896713383491e-01,1.029729185163319460e+00,9.002999999999715675e-01
5.905000000000306670e+00,1.029280068809086623e+00,1.031036642875216534e-02,-1.957424920158806203e-01,3.048056762380040308e+00,-7.340442224366851287e-02,-5.756415138696245881e-01,5.056585623853865341e-01,1.029362316435947555e+00,9.002999999999715675e-01
5.910000000000308340e+00,1.028913349963411772e+00,1.029087683686785888e-02,-1.912864787411875933e-01,3.052463802435023688e+00,-7.347681049302355605e-02,-5.747826811146993231e-01,5.063653200153018785e-01,1.028995080063783707e+00,9.002999999999715675e-01
5.915000000000310010e+00,1.028546279605257352e+00,1.027134023781350186e-02,-1.868649406943850289e-01,3.056870222125481984e+00,-7.354638205106489579e-02,-5.739299538621869257e-01,5.070659933436765243e-01,1.028627490178709136e+00,9.002999999999715675e-01
5.920000000000311680e+00,1.028178871731107780e+00,1.025175732717931512e-02,-1.824777109277915255e-01,3.061276021560695337e+00,-7.361316093893627288e-02,-5.730833013905091144e-01,5.077606130889672498e-01,1.028259560792218696e+00,9.002999999999715675e-01
5.925000000000313349e+00,1.027811140217762320e+00,1.023212879741531092e-02,-1.781246226066919291e-01,3.065681200849465160e+00,-7.367717103832847891e-02,-5.722426930089282715e-01,5.084492099388110420e-01,1.027891305796120314e+00,9.002999999999715675e-01
5.930000000000315019e+00,1.027443098823032752e+00,1.021245533783077079e-02,-1.738055090206634679e-01,3.070085760100129235e+00,-7.373843609178844238e-02,-5.714080981038199836e-01,5.091318145037543319e-01,1.027522738963229987e+00,9.002999999999715675e-01
5.935000000000316689e+00,1.027074761186436147e+00,1.019273763459382053e-02,-1.695202035954619380e-01,3.074489699420579036e+00,-7.379697970360185599e-02,-5.705794860891525433e-01,5.098084573667706065e-01,1.027153873948066787e+00,9.002999999999715675e-01
5.940000000000318359e+00,1.026706140829886760e+00,1.017297637073114741e-02,-1.652685399039313108e-01,3.078893018918258839e+00,-7.385282534002213239e-02,-5.697568264602150823e-01,5.104791690295340523e-01,1.026784724287541417e+00,9.002999999999715675e-01
5.945000000000320028e+00,1.026337251158383479e+00,1.015317222612784065e-02,-1.610503516771218391e-01,3.083295718700172383e+00,-7.390599633016954606e-02,-5.689400887480564606e-01,5.111439799579797771e-01,1.026415303401645662e+00,9.002999999999715675e-01
5.950000000000321698e+00,1.025968105460696389e+00,1.013332587752735492e-02,-1.568654728150503663e-01,3.087697798872885535e+00,-7.395651586632820407e-02,-5.681292425515755973e-01,5.118029205502123702e-01,1.026045624594135175e+00,9.002999999999715675e-01
5.955000000000323368e+00,1.025598716910046670e+00,1.011343799853160058e-02,-1.527137373970764433e-01,3.092099259542543610e+00,-7.400440700463664645e-02,-5.673242575292551937e-01,5.124560211447726221e-01,1.025675701053213151e+00,9.002999999999715675e-01
5.960000000000325038e+00,1.025229098564788277e+00,1.009350925960116226e-02,-1.485949796923378141e-01,3.096500100814865153e+00,-7.404969266565486485e-02,-5.665251033929641356e-01,5.131033120268342351e-01,1.025305545852208677e+00,9.002999999999715675e-01
5.965000000000326708e+00,1.024859263369085172e+00,1.007354032805563536e-02,-1.445090341695336178e-01,3.100900322795153041e+00,-7.409239563483555058e-02,-5.657317499269091110e-01,5.137448234092524268e-01,1.024935171950253299e+00,9.002999999999715675e-01
5.970000000000328377e+00,1.024489224153583233e+00,1.005353186807408233e-02,-1.404557355070923941e-01,3.105299925588305143e+00,-7.413253856322096769e-02,-5.649441669625039353e-01,5.143805854576941616e-01,1.024564592192954260e+00,9.002999999999715675e-01
5.975000000000330047e+00,1.024118993636084385e+00,1.003348454069561552e-02,-1.364349186023327276e-01,3.109698909298812541e+00,-7.417014396780181873e-02,-5.641623244176889873e-01,5.150106282513178257e-01,1.024193819313065523e+00,9.002999999999715675e-01
5.980000000000331717e+00,1.023748584422211838e+00,1.001339900382008929e-02,-1.324464185811874140e-01,3.114097274030771523e+00,-7.420523423236431715e-02,-5.633861922487872764e-01,5.156349818309173827e-01,1.023822865931155679e+00,9.002999999999715675e-01
5.985000000000333387e+00,1.023378009006078670e+00,9.993275912208918893e-03,-1.284900708072158060e-01,3.118495019887886244e+00,-7.423783160770433542e-02,-5.626157405014871049e-01,5.162536761479383784e-01,1.023451744556274079e+00,9.002999999999715675e-01
5.990000000000335056e+00,1.023007279770948630e+00,9.973115917486010187e-03,-1.245657108903785865e-01,3.122892146973471839e+00,-7.426795821247994533e-02,-5.618509392785412393e-01,5.168667410967816567e-01,1.023080467586610975e+00,9.002999999999715675e-01
5.995000000000336726e+00,1.022636408989897161e+00,9.952919668138804007e-03,-1.206731746962882296e-01,3.127288655390469074e+00,-7.429563603363503743e-02,-5.610917587421108133e-01,5.174742065124536827e-01,1.022709047310159436e+00,9.002999999999715675e-01
6.000000000000338396e+00,1.022265408826468658e+00,9.932687809519445341e-03,-1.168122983540349491e-01,3.131684545241439466e+00,-7.432088692683866404e-02,-5.603381691544656595e-01,5.180761021298713187e-01,1.022337495905371041e+00,9.002999999999715675e-01
6.005000000000340066e+00,1.021894291335331051e+00,9.912420983846037537e-03,-1.129829182650806535e-01,3.136079816628581263e+00,-7.434373261743215666e-02,-5.595901408043620906e-01,5.186724576574811563e-01,1.021965825441809805e+00,9.002999999999715675e-01
6.010000000000341736e+00,1.021523068462927508e+00,9.892119830204047434e-03,-1.091848711112048120e-01,3.140474469653726342e+00,-7.436419470041720492e-02,-5.588476440880104645e-01,5.192633026962903964e-01,1.021594047880804101e+00,9.002999999999715675e-01
6.015000000000343405e+00,1.021151752048125028e+00,9.871784984547805897e-03,-1.054179938625980084e-01,3.144868504418349975e+00,-7.438229464147085024e-02,-5.581106494591204781e-01,5.198486667898242208e-01,1.021222175076095251e+00,9.002999999999715675e-01
6.020000000000345075e+00,1.020780353822861475e+00,9.851417079702093349e-03,-1.016821237852138377e-01,3.149261921023575272e+00,-7.439805377730415725e-02,-5.573791274550080610e-01,5.204285793980171215e-01,1.020850218774482343e+00,9.002999999999715675e-01
6.025000000000346745e+00,1.020408885412787736e+00,9.831016745363850215e-03,-9.797709844880389540e-02,3.153654719570177178e+00,-7.441149331634418218e-02,-5.566530486620718809e-01,5.210030699317348413e-01,1.020478190616466607e+00,9.002999999999715675e-01
6.030000000000348415e+00,1.020037358337909872e+00,9.810584608104019194e-03,-9.430275573421077751e-02,3.158046900158594017e+00,-7.442263433896038893e-02,-5.559323837701156679e-01,5.215721676984549360e-01,1.020106102136890458e+00,9.002999999999715675e-01
6.035000000000350084e+00,1.019665784013227050e+00,9.790121291369469070e-03,-9.065893384048390180e-02,3.162438462888923496e+00,-7.443149779837525404e-02,-5.552171035363629992e-01,5.221359019382486588e-01,1.019733964765575651e+00,9.002999999999715675e-01
6.040000000000351754e+00,1.019294173749365484e+00,9.769627415485017397e-03,-8.704547129178684395e-02,3.166829407860936030e+00,-7.443810452110104225e-02,-5.545071787900148763e-01,5.226943018192242718e-01,1.019361789827958109e+00,9.002999999999715675e-01
6.045000000000353424e+00,1.018922538753211926e+00,9.749103597655559006e-03,-8.346220694478047319e-02,3.171219735174072962e+00,-7.444247520742341973e-02,-5.538025804296777821e-01,5.232473964400987665e-01,1.018989588545719416e+00,9.002999999999715675e-01
6.050000000000355094e+00,1.018550890128543385e+00,9.728550451968335025e-03,-7.990897999476011260e-02,3.175609444927459890e+00,-7.444463043184104678e-02,-5.531032794625327931e-01,5.237952147910287515e-01,1.018617372037417423e+00,9.002999999999715675e-01
6.055000000000356764e+00,1.018179238876653736e+00,9.707968589395248732e-03,-7.638562998265198412e-02,3.179998537219902666e+00,-7.444459064399558401e-02,-5.524092469392887228e-01,5.243377858186566431e-01,1.018245151319111530e+00,9.002999999999715675e-01
6.060000000000358433e+00,1.017807595896978334e+00,9.687358617795314986e-03,-7.289199680097353806e-02,3.184387012149897167e+00,-7.444237616875644392e-02,-5.517204540203519691e-01,5.248751383599401521e-01,1.017872937304986847e+00,9.002999999999715675e-01
6.065000000000360103e+00,1.017435971987715959e+00,9.666721141917196392e-03,-6.942792070047452968e-02,3.188774869815634183e+00,-7.443800720714424668e-02,-5.510368719193005083e-01,5.254073011986785113e-01,1.017500740807975701e+00,9.002999999999715675e-01
6.070000000000361773e+00,1.017064377846446765e+00,9.646056763401852224e-03,-6.599324229597815228e-02,3.193162110315003410e+00,-7.443150383651810087e-02,-5.503584719579681650e-01,5.259343030104288719e-01,1.017128572540376030e+00,9.002999999999715675e-01
6.075000000000363443e+00,1.016692824070749568e+00,9.625366080785279291e-03,-6.258780257225136923e-02,3.197548733745601890e+00,-7.442288601145961857e-02,-5.496852255248876329e-01,5.264561724040606183e-01,1.016756443114467112e+00,9.002999999999715675e-01
6.080000000000365112e+00,1.016321321158814239e+00,9.604649689501320448e-03,-5.921144288984678261e-02,3.201934740204730456e+00,-7.441217356411365669e-02,-5.490171040903574218e-01,5.269729379066908637e-01,1.016384363043122852e+00,9.002999999999715675e-01
6.085000000000366782e+00,1.015949879510053222e+00,9.583908181884624039e-03,-5.586400499076515924e-02,3.206320129789409279e+00,-7.439938620471264752e-02,-5.483540792123116070e-01,5.274846279578127017e-01,1.016012342740421071e+00,9.002999999999715675e-01
6.090000000000368452e+00,1.015578509425709708e+00,9.563142147173658847e-03,-5.254533100397158069e-02,3.210704902596371646e+00,-7.438454352216744558e-02,-5.476961225349823437e-01,5.279912709106326929e-01,1.015640392522253244e+00,9.002999999999715675e-01
6.095000000000370122e+00,1.015207221109462488e+00,9.542352171513836592e-03,-4.925526345046486731e-02,3.215089058722074622e+00,-7.436766498463048825e-02,-5.470432057900319611e-01,5.284928950309387696e-01,1.015268522606927570e+00,9.002999999999715675e-01
6.100000000000371791e+00,1.014836024668029024e+00,9.521538837960698623e-03,-4.599364524879336058e-02,3.219472598262702157e+00,-7.434876994006565931e-02,-5.463953007790327554e-01,5.289895285146213322e-01,1.014896743115771827e+00,9.002999999999715675e-01
6.105000000000373461e+00,1.014464930111765639e+00,9.500702726483241378e-03,-4.276031971982888202e-02,3.223855521314174855e+00,-7.432787761658347925e-02,-5.457523794095852088e-01,5.294811994515519205e-01,1.014525064073733773e+00,9.002999999999715675e-01
6.110000000000375131e+00,1.014093947355264369e+00,9.479844413967295630e-03,-3.955513059195631120e-02,3.228237827972141982e+00,-7.430500712323230561e-02,-5.451144136575319932e-01,5.299679358633714310e-01,1.014153495409977568e+00,9.002999999999715675e-01
6.115000000000376801e+00,1.013723086217948710e+00,9.458964474219016746e-03,-3.637792200552100036e-02,3.232619518331998343e+00,-7.428017745029569241e-02,-5.444813756032025331e-01,5.304497656672455541e-01,1.013782046958477512e+00,9.002999999999715675e-01
6.120000000000378471e+00,1.013352356424664258e+00,9.438063477968442611e-03,-3.322853851795956603e-02,3.237000592488881612e+00,-7.425340747004686992e-02,-5.438532373928328667e-01,5.309267167144424704e-01,1.013410728458610910e+00,9.002999999999715675e-01
6.125000000000380140e+00,1.012981767606269567e+00,9.417141992873169498e-03,-3.010682510783251054e-02,3.241381050537679887e+00,-7.422471593699993264e-02,-5.432299712902579625e-01,5.313988167386416439e-01,1.013039549555746710e+00,9.002999999999715675e-01
6.130000000000381810e+00,1.012611329300221685e+00,9.396200583522069591e-03,-2.701262717950994249e-02,3.245760892573032574e+00,-7.419412148881723845e-02,-5.426115496162201568e-01,5.318660934166262733e-01,1.012668519801831479e+00,9.002999999999715675e-01
6.135000000000383480e+00,1.012241050951161458e+00,9.375239811439136858e-03,-2.394579056744179646e-02,3.250140118689336610e+00,-7.416164264642971515e-02,-5.419979447993537036e-01,5.323285743172956330e-01,1.012297648655973159e+00,9.002999999999715675e-01
6.140000000000385150e+00,1.011870941911493738e+00,9.354260235087402328e-03,-2.090616154039880506e-02,3.254518728980754005e+00,-7.412729781480481561e-02,-5.413891293549483175e-01,5.327862869229050835e-01,1.011926945485023044e+00,9.002999999999715675e-01
6.145000000000386819e+00,1.011501011441968467e+00,9.333262409872927420e-03,-1.789358680512053920e-02,3.258896723541206963e+00,-7.409110528343461344e-02,-5.407850758934350521e-01,5.332392586205753071e-01,1.011556419564153764e+00,9.002999999999715675e-01
6.150000000000388489e+00,1.011131268712254005e+00,9.312246888148871873e-03,-1.490791351085218354e-02,3.263274102464389870e+00,-7.405308322692544243e-02,-5.401857570917406592e-01,5.336875167309430568e-01,1.011186080077434823e+00,9.002999999999715675e-01
6.155000000000390159e+00,1.010761722801512663e+00,9.291214219219667489e-03,-1.194898925254853951e-02,3.267650865843771069e+00,-7.401324970521382107e-02,-5.395911457547761803e-01,5.341310884466672348e-01,1.010815936118405922e+00,9.002999999999715675e-01
6.160000000000391829e+00,1.010392382698971803e+00,9.270164949345256061e-03,-9.016662075085283418e-03,3.272027013772595527e+00,-7.397162266456464019e-02,-5.390012147394859232e-01,5.345700009083839133e-01,1.010445996690648718e+00,9.002999999999715675e-01
6.165000000000393499e+00,1.010023257304491384e+00,9.249099621745415778e-03,-6.110780476639901711e-03,3.276402546343888389e+00,-7.392821993758816324e-02,-5.384159370272825207e-01,5.350042811322688330e-01,1.010076270708353929e+00,9.002999999999715675e-01
6.170000000000395168e+00,1.009654355429130623e+00,9.228018776604151804e-03,-3.231193412013938417e-03,3.280777463650460746e+00,-7.388305924418073212e-02,-5.378352856760725276e-01,5.354339560580111401e-01,1.009706766996886662e+00,9.002999999999715675e-01
6.175000000000396838e+00,1.009285685795710652e+00,9.206922951074180544e-03,-3.777502963402815713e-04,3.285151765784911859e+00,-7.383615819184297102e-02,-5.372592338277444313e-01,5.358590525413273742e-01,1.009337494293350179e+00,9.002999999999715675e-01
6.180000000000398508e+00,1.008917257039375182e+00,9.185812679281483289e-03,2.449698991831410991e-03,3.289525452839636266e+00,-7.378753427608955584e-02,-5.366877547359187872e-01,5.362795973262086680e-01,1.008968461247145454e+00,9.002999999999715675e-01
6.185000000000400178e+00,1.008549077708150055e+00,9.164688492329944869e-03,5.251304107301881831e-03,3.293898524906817116e+00,-7.373720488120844019e-02,-5.361208217341532078e-01,5.366956170767179790e-01,1.008599676420529612e+00,9.002999999999715675e-01
6.190000000000401847e+00,1.008181156263496137e+00,9.143550918306049546e-03,8.027214235078109286e-03,3.298270982078447489e+00,-7.368518728060667600e-02,-5.355584082536689605e-01,5.371071383592608273e-01,1.008231148289169932e+00,9.002999999999715675e-01
6.195000000000403517e+00,1.007813501080865093e+00,9.122400482283667122e-03,1.077757808761395375e-02,3.302642824446315295e+00,-7.363149863737854239e-02,-5.350004878226271021e-01,5.375141876433111587e-01,1.007862885242698070e+00,9.002999999999715675e-01
6.200000000000405187e+00,1.007446120450246951e+00,9.101237706328898017e-03,1.350254390169580015e-02,3.307014052102018375e+00,-7.357615600485892249e-02,-5.344470340496833005e-01,5.379167913178551919e-01,1.007494895585259176e+00,9.002999999999715675e-01
6.205000000000406857e+00,1.007079022576720995e+00,9.080063109505012026e-03,1.620225943565372848e-02,3.311384665136964500e+00,-7.351917632696113036e-02,-5.338980206517667249e-01,5.383149756636125272e-01,1.007127187536059676e+00,9.002999999999715675e-01
6.210000000000408527e+00,1.006712215580999104e+00,9.058877207877451265e-03,1.887687196686931371e-02,3.315754663642370925e+00,-7.346057643886598487e-02,-5.333534214387993799e-01,5.387087668683163688e-01,1.006759769229912616e+00,9.002999999999715675e-01
6.215000000000410196e+00,1.006345707499968878e+00,9.037680514518878216e-03,2.152652828895696563e-02,3.320124047709279047e+00,-7.340037306750990531e-02,-5.328132103034700640e-01,5.390981910369397889e-01,1.006392648717778338e+00,9.002999999999715675e-01
6.220000000000411866e+00,1.005979506287233871e+00,9.016473539514336527e-03,2.415137470918357968e-02,3.324492817428544633e+00,-7.333858283193728234e-02,-5.322773612463047588e-01,5.394832741666253373e-01,1.006025833967307381e+00,9.002999999999715675e-01
6.225000000000413536e+00,1.005613619813652049e+00,8.995256789966453448e-03,2.675155704639016821e-02,3.328860972890849812e+00,-7.327522224397045592e-02,-5.317458483654761148e-01,5.398640421568746683e-01,1.005659332863375610e+00,9.002999999999715675e-01
6.230000000000415206e+00,1.005248055867870027e+00,8.974030770000694310e-03,2.932722062829283549e-02,3.333228514186699520e+00,-7.321030770874399629e-02,-5.312186458337245787e-01,5.402405208326280794e-01,1.005293153208619783e+00,9.002999999999715675e-01
6.235000000000416875e+00,1.004882822156856648e+00,8.952795980770729758e-03,3.187851028937547376e-02,3.337595441406432606e+00,-7.314385552493916920e-02,-5.306957279412496398e-01,5.406127359013730427e-01,1.004927302723970017e+00,9.002999999999715675e-01
6.240000000000418545e+00,1.004517926306432773e+00,8.931552920463844622e-03,3.440557036869400231e-02,3.341961754640220494e+00,-7.307588188556476960e-02,-5.301770690627625182e-01,5.409807129860906283e-01,1.004561789049180032e+00,9.002999999999715675e-01
6.245000000000420215e+00,1.004153375861798203e+00,8.910302084306404025e-03,3.690854470770973950e-02,3.346327453978068522e+00,-7.300640287831101916e-02,-5.296626436707899677e-01,5.413444776119508139e-01,1.004196619743353835e+00,9.002999999999715675e-01
6.250000000000421885e+00,1.003789178288058581e+00,8.889043964569409706e-03,3.938757664833081318e-02,3.350692539509819490e+00,-7.293543448607051061e-02,-5.291524263374794979e-01,5.417040552045101487e-01,1.003831802285471086e+00,9.002999999999715675e-01
6.255000000000423555e+00,1.003425340970747204e+00,8.867779050574082361e-03,4.184280903092367498e-02,3.355057011325162986e+00,-7.286299258747870600e-02,-5.286463917272914426e-01,5.420594710970165764e-01,1.003467344074909340e+00,9.002999999999715675e-01
6.260000000000425224e+00,1.003061871216345269e+00,8.846507828697546330e-03,4.427438419250256940e-02,3.359420869513630059e+00,-7.278909295735698504e-02,-5.281445146040761873e-01,5.424107505233330961e-01,1.003103252431964965e+00,9.002999999999715675e-01
6.265000000000426894e+00,1.002698776252799462e+00,8.825230782378559388e-03,4.668244396482982422e-02,3.363784114164597217e+00,-7.271375126724348437e-02,-5.276467698245685956e-01,5.427579186244437803e-01,1.002739534598368287e+00,9.002999999999715675e-01
6.270000000000428564e+00,1.002336063230038210e+00,8.803948392123287642e-03,4.906712967287214788e-02,3.368146745367301964e+00,-7.263698308583686758e-02,-5.271531323488046761e-01,5.431010004380353307e-01,1.002376197737801178e+00,9.002999999999715675e-01
6.275000000000430234e+00,1.001973739220483273e+00,8.782661135511165423e-03,5.142858213301933906e-02,3.372508763210823712e+00,-7.255880387957050481e-02,-5.266635772227390433e-01,5.434400209158809503e-01,1.002013248936408640e+00,9.002999999999715675e-01
6.280000000000431903e+00,1.001611811219560444e+00,8.761369487200810699e-03,5.376694165151114924e-02,3.376870167784102428e+00,-7.247922901296124931e-02,-5.261780795977983871e-01,5.437750049042866518e-01,1.001650695203308850e+00,9.002999999999715675e-01
6.285000000000433573e+00,1.001250286146209589e+00,8.740073918936008129e-03,5.608234802295228305e-02,3.381230959175940853e+00,-7.239827374920573821e-02,-5.256966147213477658e-01,5.441059771536240763e-01,1.001288543471100301e+00,9.002999999999715675e-01
6.290000000000435243e+00,1.000889170843386911e+00,8.718774899551723356e-03,5.837494052885772167e-02,3.385591137474996959e+00,-7.231595325065150182e-02,-5.252191579367982976e-01,5.444329623182230238e-01,1.000926800596368516e+00,9.002999999999715675e-01
6.295000000000436913e+00,1.000528472078570763e+00,8.697472894980195351e-03,6.064485793628644761e-02,3.389950702769798152e+00,-7.223228257926674056e-02,-5.247456846857824209e-01,5.447559849541964150e-01,1.000565473360188307e+00,9.002999999999715675e-01
6.300000000000438583e+00,1.000168196544261034e+00,8.676168368257073868e-03,6.289223849659431043e-02,3.394309655148735061e+00,-7.214727669713562330e-02,-5.242761705067932043e-01,5.450750695207996488e-01,1.000204568468622934e+00,9.002999999999715675e-01
6.305000000000440252e+00,9.998083508584774126e-01,8.654861779527624546e-03,6.511721994406756420e-02,3.398667994700070860e+00,-7.206095046693372641e-02,-5.238105910321203540e-01,5.453902403834959278e-01,9.998440925532239287e-01,9.002999999999715675e-01
6.310000000000441922e+00,9.994489415652559883e-01,8.633553586052989531e-03,6.731993949489797902e-02,3.403025721511942603e+00,-7.197331865236150650e-02,-5.233489219988867180e-01,5.457015218029190873e-01,9.994840521715262494e-01,9.002999999999715675e-01
6.315000000000443592e+00,9.990899751351421942e-01,8.612244242216486254e-03,6.950053384590554328e-02,3.407382835672355448e+00,-7.188439591871752243e-02,-5.228911392318830176e-01,5.460089379520381980e-01,9.991244538075407799e-01,9.002999999999715675e-01
6.320000000000445262e+00,9.987314579656823010e-01,8.590934199529984272e-03,7.165913917354302387e-02,3.411739337269199535e+00,-7.179419683324905765e-02,-5.224372186634502757e-01,5.463125128962753596e-01,9.987653038722458243e-01,9.002999999999715675e-01
6.325000000000446931e+00,9.983733963819121371e-01,8.569623906640322017e-03,7.379589113288562152e-02,3.416095226390238881e+00,-7.170273586575545699e-02,-5.219871363189726443e-01,5.466122706080139837e-01,9.984066087040757154e-01,9.002999999999715675e-01
6.330000000000448601e+00,9.980157966368427003e-01,8.548313809335765165e-03,7.591092485670933310e-02,3.420450503123121155e+00,-7.161002738900400233e-02,-5.215408683226675501e-01,5.469082349608055393e-01,9.980483745694064268e-01,9.002999999999715675e-01
6.335000000000450271e+00,9.976586649119448813e-01,8.527004350552530934e-03,7.800437495464380977e-02,3.424805167555380780e+00,-7.151608567921748094e-02,-5.210983908951637433e-01,5.472004297317948351e-01,9.976906076630391862e-01,9.002999999999715675e-01
6.340000000000451941e+00,9.973020073176311895e-01,8.505695970381354012e-03,8.007637551217705596e-02,3.429159219774434941e+00,-7.142092491652947406e-02,-5.206596803525961326e-01,5.474888786026222975e-01,9.973333141086825337e-01,9.002999999999715675e-01
6.345000000000453610e+00,9.969458298937341478e-01,8.484389106074121875e-03,8.212706009022284481e-02,3.433512659867590244e+00,-7.132455918542630890e-02,-5.202247131187532903e-01,5.477736051472784640e-01,9.969764999594307175e-01,9.002999999999715675e-01
6.350000000000455280e+00,9.965901386099839110e-01,8.463084192050520510e-03,8.415656172394711532e-02,3.437865487922049823e+00,-7.122700247534290152e-02,-5.197934656942369003e-01,5.480546328629420927e-01,9.966201711982403122e-01,9.002999999999715675e-01
6.355000000000456950e+00,9.962349393664827746e-01,8.441781659904789431e-03,8.616501292241017518e-02,3.442217704024903568e+00,-7.112826868086186138e-02,-5.193659147055232905e-01,5.483319851209217388e-01,9.962643337384049502e-01,9.002999999999715675e-01
6.360000000000458620e+00,9.958802379941772420e-01,8.420481938412466283e-03,8.815254566800050096e-02,3.446569308263145892e+00,-7.102837160254053817e-02,-5.189420368564668928e-01,5.486056852151482977e-01,9.959089934240272779e-01,9.002999999999715675e-01
6.365000000000460290e+00,9.955260402553277599e-01,8.399185453537195631e-03,9.011929141548452593e-02,3.450920300723656187e+00,-7.092732494711372071e-02,-5.185218089474578074e-01,5.488757563430216591e-01,9.955541560304883575e-01,9.002999999999715675e-01
6.370000000000461959e+00,9.951723518439768990e-01,8.377892628437612343e-03,9.206538109200326780e-02,3.455270681493222362e+00,-7.082514232794256959e-02,-5.181052078989318854e-01,5.491422215818961838e-01,9.951998272649150712e-01,9.002999999999715675e-01
6.375000000000463629e+00,9.948191783864137605e-01,8.356603883474228445e-03,9.399094509618108328e-02,3.459620450658534629e+00,-7.072183726576213025e-02,-5.176922106973067539e-01,5.494051039431468997e-01,9.948460127666454156e-01,9.002999999999715675e-01
6.380000000000465299e+00,9.944665254416377165e-01,8.335319636216389355e-03,9.589611329795970363e-02,3.463969608306184611e+00,-7.061742318873544255e-02,-5.172827944540853151e-01,5.496644263130666674e-01,9.944927181076909095e-01,9.002999999999715675e-01
6.385000000000466969e+00,9.941143985018188189e-01,8.314040301449283910e-03,9.778101503813699247e-02,3.468318154522668895e+00,-7.051191343326460026e-02,-5.168769363610066225e-01,5.499202114977133071e-01,9.941399487931973367e-01,9.002999999999715675e-01
6.390000000000468638e+00,9.937628029927559892e-01,8.292766291180963048e-03,9.964577912796368508e-02,3.472666089394396582e+00,-7.040532124422493876e-02,-5.164746137141319471e-01,5.501724821988244196e-01,9.937877102619023795e-01,9.002999999999715675e-01
6.395000000000470308e+00,9.934117442743336523e-01,8.271498014649450448e-03,1.014905338489038439e-01,3.477013413007682630e+00,-7.029765977550815614e-02,-5.160758039108308548e-01,5.504212610168308650e-01,9.934360078865923649e-01,9.002999999999715675e-01
6.400000000000471978e+00,9.930612276409747086e-01,8.250235878329837541e-03,1.033154069527072588e-01,3.481360125448757170e+00,-7.018894209052543853e-02,-5.156804844435329827e-01,5.506665704571052089e-01,9.930848469745552354e-01,9.002999999999715675e-01
6.405000000000473648e+00,9.927112583220926156e-01,8.228980285941454864e-03,1.051205256606797117e-01,3.485706226803761965e+00,-7.007918116262953911e-02,-5.152886328839145769e-01,5.509084329457751839e-01,9.927342327680317435e-01,9.002999999999715675e-01
6.410000000000475318e+00,9.923618414825406964e-01,8.207731638455102383e-03,1.069060166639334147e-01,3.490051717158751732e+00,-6.996838987533465781e-02,-5.149002269333320392e-01,5.511468707792896993e-01,9.923841704446648704e-01,9.002999999999715675e-01
6.415000000000476987e+00,9.920129822230591143e-01,8.186490334100286759e-03,1.086720061230428969e-01,3.494396596599705695e+00,-6.985658102318129115e-02,-5.145152443641634044e-01,5.513819061830769197e-01,9.920346651179466901e-01,9.002999999999715675e-01
6.420000000000478657e+00,9.916646855807199623e-01,8.165256768372512394e-03,1.104186196681471027e-01,3.498740865212516038e+00,-6.974376731184837863e-02,-5.141336630621373693e-01,5.516135612692159018e-01,9.916857218376630145e-01,9.002999999999715675e-01
6.425000000000480327e+00,9.913169565293689089e-01,8.144031334040603698e-03,1.121459823987092930e-01,3.503084523083002111e+00,-6.962996135880855642e-02,-5.137554609984241738e-01,5.518418580643448257e-01,9.913373455903353726e-01,9.002999999999715675e-01
6.430000000000481997e+00,9.909697999800666235e-01,8.122814421154074191e-03,1.138542188839001962e-01,3.507427570296901997e+00,-6.951517569362448967e-02,-5.133806162546888929e-01,5.520668184846097004e-01,9.909895412996614361e-01,9.002999999999715675e-01
6.435000000000483666e+00,9.906232207815257595e-01,8.101606417050516429e-03,1.155434531622255706e-01,3.511770006939876065e+00,-6.939942275856643417e-02,-5.130091069862813269e-01,5.522884643724713660e-01,9.906423138269526696e-01,9.002999999999715675e-01
6.440000000000485336e+00,9.902772237205480499e-01,8.080407706363066517e-03,1.172138087417900904e-01,3.516111833097515404e+00,-6.928271490875773098e-02,-5.126409114716066195e-01,5.525068174473357629e-01,9.902956679715702037e-01,9.002999999999715675e-01
6.445000000000487006e+00,9.899318135224570714e-01,8.059218671027879033e-03,1.188654086005466459e-01,3.520453048855338274e+00,-6.916506441295304508e-02,-5.122760080731381116e-01,5.527218993445432993e-01,9.899496084713582666e-01,9.002999999999715675e-01
6.450000000000488676e+00,9.895869948515297887e-01,8.038039690291619299e-03,1.204983751862062774e-01,3.524793654298790990e+00,-6.904648345381622643e-02,-5.119143752437419481e-01,5.529337316090402465e-01,9.896041400030753943e-01,9.002999999999715675e-01
6.455000000000490346e+00,9.892427723114265437e-01,8.016871140719033714e-03,1.221128304166201051e-01,3.529133649513252813e+00,-6.892698412827956422e-02,-5.115559915474530150e-01,5.531423356746065778e-01,9.892592671828237538e-01,9.002999999999715675e-01
6.460000000000492015e+00,9.888991504456169368e-01,7.995713396200527026e-03,1.237088956799403811e-01,3.533473034584033279e+00,-6.880657844816974456e-02,-5.112008356323700653e-01,5.533477328909579551e-01,9.889149945664755803e-01,9.002999999999715675e-01
6.465000000000493685e+00,9.885561337378059310e-01,7.974566827959772564e-03,1.252866918348111147e-01,3.537811809596378421e+00,-6.868527834048532288e-02,-5.108488862477725823e-01,5.535499445066301982e-01,9.885713266500985030e-01,9.002999999999715675e-01
6.470000000000495355e+00,9.882137266123560693e-01,7.953431804561381449e-03,1.268463392108548360e-01,3.542149974635466325e+00,-6.856309564789483946e-02,-5.105001222426752694e-01,5.537489916704234627e-01,9.882282678703775414e-01,9.002999999999715675e-01
6.475000000000497025e+00,9.878719334347076941e-01,7.932308691918563137e-03,1.283879576087741392e-01,3.546487529786416015e+00,-6.844004212921607488e-02,-5.101545225505337289e-01,5.539448954466987818e-01,9.878858226050357683e-01,9.002999999999715675e-01
6.480000000000498694e+00,9.875307585117978348e-01,7.911197853300862282e-03,1.299116663008678951e-01,3.550824475134284786e+00,-6.831612945969917083e-02,-5.098120662146716775e-01,5.541376767899484079e-01,9.875439951732523092e-01,9.002999999999715675e-01
6.485000000000500364e+00,9.871902060924764299e-01,7.890099649341897337e-03,1.314175840314145971e-01,3.555160810764070423e+00,-6.819136923163680863e-02,-5.094727323636705218e-01,5.543273565694066818e-01,9.872027898360786757e-01,9.002999999999715675e-01
6.490000000000502034e+00,9.868502803679199964e-01,7.869014438047139057e-03,1.329058290169221335e-01,3.559496536760710761e+00,-6.806577295465836286e-02,-5.091365002228738224e-01,5.545139555575473445e-01,9.868622107968527679e-01,9.002999999999715675e-01
6.495000000000503704e+00,9.865109854720444105e-01,7.847942574801727161e-03,1.343765189468072718e-01,3.563831653209086792e+00,-6.793935205617245010e-02,-5.088033491227926808e-01,5.546974944216757075e-01,9.865222622016107668e-01,9.002999999999715675e-01
6.500000000000505374e+00,9.861723254819140250e-01,7.826884412378306080e-03,1.358297709836611133e-01,3.568166160194032432e+00,-6.781211788191733592e-02,-5.084732584750966122e-01,5.548779937479377811e-01,9.861829481394961405e-01,9.002999999999715675e-01
6.505000000000507043e+00,9.858343044181495651e-01,7.805840300944888455e-03,1.372657017641201460e-01,3.572500057800304774e+00,-6.768408169620421244e-02,-5.081462078003645688e-01,5.550554740135723586e-01,9.858442726431677627e-01,9.002999999999715675e-01
6.510000000000508713e+00,9.854969262453338041e-01,7.784810588072747263e-03,1.386844273988352139e-01,3.576833346112627154e+00,-6.755525468251662169e-02,-5.078221766913482149e-01,5.552299556236433009e-01,9.855062396892052545e-01,9.002999999999715675e-01
6.515000000000510383e+00,9.851601948724152402e-01,7.763795618744373864e-03,1.400860634735953680e-01,3.581166025215666515e+00,-6.742564794363978264e-02,-5.075011448705594175e-01,5.554014588534551544e-01,9.851688531985124397e-01,9.002999999999715675e-01
6.520000000000512053e+00,9.848241141531093312e-01,7.742795735361401345e-03,1.414707250495339519e-01,3.585498095194043611e+00,-6.729527250252867465e-02,-5.071830921194623309e-01,5.555700039193588458e-01,9.848321170367184685e-01,9.002999999999715675e-01
6.525000000000513722e+00,9.844886878862977309e-01,7.721811277752594661e-03,1.428385266639713158e-01,3.589829556132313026e+00,-6.716413930226834694e-02,-5.068679983395533162e-01,5.557356109176744274e-01,9.844960350145769423e-01,9.002999999999715675e-01
6.530000000000515392e+00,9.841539198164256375e-01,7.700842583181864189e-03,1.441895823308709246e-01,3.594160408115008476e+00,-6.703225920681932237e-02,-5.065558435108838964e-01,5.558982998661645691e-01,9.841606108883631521e-01,9.002999999999715675e-01
6.535000000000517062e+00,9.838198136338969224e-01,7.679889986356293156e-03,1.455240055417733325e-01,3.598490651226596171e+00,-6.689964300123071861e-02,-5.062466077200575842e-01,5.560580906760408393e-01,9.838258483602687621e-01,9.002999999999715675e-01
6.540000000000518732e+00,9.834863729754670381e-01,7.658953819434191970e-03,1.468419092661032710e-01,3.602820285551501467e+00,-6.676630139221367832e-02,-5.059402711307222633e-01,5.562150031814691031e-01,9.834917510787952732e-01,9.002999999999715675e-01
6.545000000000520401e+00,9.831536014246347044e-01,7.638034412033195032e-03,1.481434059522361568e-01,3.607149311174108419e+00,-6.663224500833737907e-02,-5.056368140242430975e-01,5.563690570988975015e-01,9.831583226391447106e-01,9.002999999999715675e-01
6.550000000000522071e+00,9.828215025120298209e-01,7.617132091238357564e-03,1.494286075282514892e-01,3.611477728178753566e+00,-6.649748440074708389e-02,-5.053362167531578741e-01,5.565202720736013298e-01,9.828255665836077570e-01,9.002999999999715675e-01
6.555000000000523741e+00,9.824900797158011567e-01,7.596247181610280182e-03,1.506976254022724115e-01,3.615805536649735696e+00,-6.636203004328639077e-02,-5.050384597642072482e-01,5.566686676566521275e-01,9.824934864019516656e-01,9.002999999999715675e-01
6.560000000000525411e+00,9.821593364620010425e-01,7.575380005193297663e-03,1.519505704636925636e-01,3.620132736671312301e+00,-6.622589233291623079e-02,-5.047435236215833676e-01,5.568142632816686088e-01,9.821620855318041743e-01,9.002999999999715675e-01
6.565000000000527081e+00,9.818292761249682865e-01,7.554530881523630406e-03,1.531875530838431865e-01,3.624459328327696017e+00,-6.608908159043240527e-02,-5.044513889549923080e-01,5.569570783167562267e-01,9.818313673590366442e-01,9.002999999999715675e-01
6.570000000000528750e+00,9.814999020277087594e-01,7.533700127637583607e-03,1.544086831166857077e-01,3.628785311703070615e+00,-6.595160806051771074e-02,-5.041620364974483959e-01,5.570971320267090743e-01,9.815013352181443107e-01,9.002999999999715675e-01
6.575000000000530420e+00,9.811712174422743127e-01,7.512888058079788059e-03,1.556140698999684546e-01,3.633110686881559914e+00,-6.581348191228106326e-02,-5.038754470813107122e-01,5.572344435769784887e-01,9.811719923926258691e-01,9.002999999999715675e-01
6.580000000000532090e+00,9.808432255901398111e-01,7.492094984911425344e-03,1.568038222556815409e-01,3.637435453947275743e+00,-6.567471323974576058e-02,-5.035916016128425543e-01,5.573690320591080383e-01,9.808433421153590626e-01,9.002999999999715675e-01
6.585000000000533760e+00,9.805159296425773885e-01,7.471321217718511140e-03,1.579780484913316796e-01,3.641759612984279748e+00,-6.553531206201304582e-02,-5.033104811163109371e-01,5.575009164466375733e-01,9.805153875689758269e-01,9.002999999999715675e-01
6.590000000000535429e+00,9.801893327210298157e-01,7.450567063620162911e-03,1.591368564006955533e-01,3.646083164076606487e+00,-6.539528832399249536e-02,-5.030320666833736354e-01,5.576301156457157404e-01,9.801881318862349923e-01,9.002999999999715675e-01
6.595000000000537099e+00,9.798634378974812043e-01,7.429832827276910100e-03,1.602803532646923934e-01,3.650406107308259873e+00,-6.525465189648399500e-02,-5.027563395086561693e-01,5.577566484595207763e-01,9.798615781503929867e-01,9.002999999999715675e-01
6.600000000000538769e+00,9.795382481948250453e-01,7.409118810899026873e-03,1.614086458523765200e-01,3.654728442763187868e+00,-6.511341257671804383e-02,-5.024832808803859630e-01,5.578805335976301238e-01,9.795357293955724298e-01,9.002999999999715675e-01
6.605000000000540439e+00,9.792137665872323593e-01,7.388425314254869203e-03,1.625218404219859469e-01,3.659050170525329104e+00,-6.497158008877650104e-02,-5.022128721756352610e-01,5.580017896807730748e-01,9.792105886071291732e-01,9.002999999999715675e-01
6.610000000000542109e+00,9.788899960005157386e-01,7.367752634679226691e-03,1.636200427218314490e-01,3.663371290678585801e+00,-6.482916408395344998e-02,-5.019450948580667093e-01,5.581204352430878535e-01,9.788861587220166749e-01,9.002999999999715675e-01
6.615000000000543778e+00,9.785669393124921678e-01,7.347101067081712560e-03,1.647033579913168289e-01,3.667691803306833975e+00,-6.468617414108943087e-02,-5.016799304880211752e-01,5.582364887220340188e-01,9.785624426291485989e-01,9.002999999999715675e-01
6.620000000000545448e+00,9.782445993533442907e-01,7.326470903955154511e-03,1.657718909620652936e-01,3.672011708493898574e+00,-6.454261976703547232e-02,-5.014173607149615686e-01,5.583499684659475326e-01,9.782394431697605253e-01,9.002999999999715675e-01
6.625000000000547118e+00,9.779229789059796785e-01,7.305862435384009868e-03,1.668257458587450726e-01,3.676331006323599659e+00,-6.439851039702193525e-02,-5.011573672725937456e-01,5.584608927389196342e-01,9.779171631377681084e-01,9.002999999999715675e-01
6.630000000000548788e+00,9.776020807063875440e-01,7.285275949052804137e-03,1.678650264002561066e-01,3.680649696879719546e+00,-6.425385539496637766e-02,-5.008999319975753206e-01,5.585692797020882505e-01,9.775956052801244578e-01,9.002999999999715675e-01
6.635000000000550457e+00,9.772819074439942355e-01,7.264711730254566104e-03,1.688898358009570666e-01,3.684967780246021896e+00,-6.410866405402246282e-02,-5.006450368078195767e-01,5.586751474353345293e-01,9.772747722971750761e-01,9.002999999999715675e-01
6.640000000000552127e+00,9.769624617620158435e-01,7.244170061899282871e-03,1.699002767712133044e-01,3.689285256506231736e+00,-6.396294559685192227e-02,-5.003926637023590196e-01,5.587785139374188415e-01,9.769546668430110214e-01,9.002999999999715675e-01
6.645000000000553797e+00,9.766437462578102524e-01,7.223651224522401743e-03,1.708964515192917255e-01,3.693602125744054554e+00,-6.381670917589714331e-02,-5.001427948018382086e-01,5.588793970854879500e-01,9.766352915258204037e-01,9.002999999999715675e-01
6.650000000000555467e+00,9.763257634832260834e-01,7.203155496293282660e-03,1.718784617518045177e-01,3.697918388043172744e+00,-6.366996387417329928e-02,-4.998954122670887790e-01,5.589778147165010980e-01,9.763166489082368837e-01,9.002999999999715675e-01
6.655000000000557137e+00,9.760085159449503056e-01,7.182683153023729575e-03,1.728464086750115813e-01,3.702234043487233173e+00,-6.352271870501854933e-02,-4.996504983910977082e-01,5.590737845352585778e-01,9.759987415076877282e-01,9.002999999999715675e-01
6.660000000000558806e+00,9.756920061048542925e-01,7.162234468176515746e-03,1.738003929962708416e-01,3.706549092159886705e+00,-6.337498261302584868e-02,-4.994080355417982453e-01,5.591673241716141884e-01,9.756815717967397550e-01,9.002999999999715675e-01
6.665000000000560476e+00,9.753762363803367696e-01,7.141809712873884754e-03,1.747405149248099643e-01,3.710863534144734022e+00,-6.322676447424099844e-02,-4.991680061593745665e-01,5.592584511831684146e-01,9.753651422034419483e-01,9.002999999999715675e-01
6.670000000000562146e+00,9.750612091446660967e-01,7.121409155906117429e-03,1.756668741729822403e-01,3.715177369525367812e+00,-6.307807309632885995e-02,-4.989303927957011719e-01,5.593471830158300850e-01,9.750494551116678510e-01,9.002999999999715675e-01
6.675000000000563816e+00,9.747469267273204396e-01,7.101033063740096185e-03,1.765795699576893640e-01,3.719490598385353675e+00,-6.292891721924763482e-02,-4.986951780838728143e-01,5.594335370342865543e-01,9.747345128614557375e-01,9.002999999999715675e-01
6.680000000000565485e+00,9.744333914143256115e-01,7.080681700527846796e-03,1.774787010011802946e-01,3.723803220808240777e+00,-6.277930551553215222e-02,-4.984623447317063083e-01,5.595175305285001732e-01,9.744203177493457879e-01,9.002999999999715675e-01
6.685000000000567155e+00,9.741206054485915811e-01,7.060355328115134818e-03,1.783643655327395161e-01,3.728115236877556971e+00,-6.262924659049687315e-02,-4.982318755588370784e-01,5.595991806766142940e-01,9.741068720287171523e-01,9.002999999999715675e-01
6.690000000000568825e+00,9.738085710302459841e-01,7.040054206050049002e-03,1.792366612895305023e-01,3.732426646676812343e+00,-6.247874898291638085e-02,-4.980037534420816425e-01,5.596785045995884555e-01,9.737941779101213502e-01,9.002999999999715675e-01
6.695000000000570495e+00,9.734972903169679670e-01,7.019778591591612459e-03,1.800956855178396376e-01,3.736737450289494333e+00,-6.232782116500611147e-02,-4.977779613697986827e-01,5.597555193068383117e-01,9.734822375616157819e-01,9.002999999999715675e-01
6.700000000000572165e+00,9.731867654243185894e-01,6.999528739718404238e-03,1.809415349745862600e-01,3.741047647799075282e+00,-6.217647154310287222e-02,-4.975544824144734202e-01,5.598302417236510342e-01,9.731710531090937977e-01,9.002999999999715675e-01
6.705000000000573834e+00,9.728769984260690062e-01,6.979304903137154015e-03,1.817743059284339935e-01,3.745357239289012430e+00,-6.202470845799445270e-02,-4.973332997203606110e-01,5.599026887035428723e-01,9.728606266366136568e-01,9.002999999999715675e-01
6.710000000000575504e+00,9.725679913545280941e-01,6.959107332291383612e-03,1.825940941608115986e-01,3.749666224842743478e+00,-6.187254018509329156e-02,-4.971143965273598919e-01,5.599728770043830295e-01,9.725509601867253773e-01,9.002999999999715675e-01
6.715000000000577174e+00,9.722597462008679692e-01,6.938936275370065875e-03,1.834009949677646023e-01,3.753974604543691918e+00,-6.171997493491825776e-02,-4.968977561750949068e-01,5.600408232843137046e-01,9.722420557607962532e-01,9.002999999999715675e-01
6.720000000000578844e+00,9.719522649154468397e-01,6.918791978316237573e-03,1.841951031607250711e-01,3.758282378475261254e+00,-6.156702085362985438e-02,-4.966833620545360595e-01,5.601065441501305031e-01,9.719339153193340408e-01,9.002999999999715675e-01
6.725000000000580513e+00,9.716455494081310817e-01,6.898674684835683427e-03,1.849765130679776326e-01,3.762589546720843448e+00,-6.141368602294738216e-02,-4.964711976750483258e-01,5.601700560902306281e-01,9.716265407823081457e-01,9.002999999999715675e-01
6.730000000000582183e+00,9.713396015486150947e-01,6.878584636405608854e-03,1.857453185359327075e-01,3.766896109363817136e+00,-6.125997846092801069e-02,-4.962612466185616356e-01,5.602313755204453294e-01,9.713199340294705886e-01,9.002999999999715675e-01
6.735000000000583853e+00,9.710344231667389359e-01,6.858522072283288439e-03,1.865016129306533432e-01,3.771202066487542304e+00,-6.110590612215931888e-02,-4.960534925558037211e-01,5.602905187678051124e-01,9.710140969006730849e-01,9.002999999999715675e-01
6.740000000000585523e+00,9.707300160528051780e-01,6.838487229514742145e-03,1.872454891388894704e-01,3.775507418175370500e+00,-6.095147689816183406e-02,-4.958479192295871529e-01,5.603475020872547008e-01,9.707090311961834583e-01,9.002999999999715675e-01
6.745000000000587193e+00,9.704263819578933248e-01,6.818480342943439299e-03,1.879770395696210572e-01,3.779812164510640837e+00,-6.079669861758011523e-02,-4.956445104851887606e-01,5.604023416312713390e-01,9.704047386769999450e-01,9.002999999999715675e-01
6.750000000000588862e+00,9.701235225941718943e-01,6.798501645218981738e-03,1.886963561553148816e-01,3.784116305576673778e+00,-6.064157904676451688e-02,-4.954432502384721881e-01,5.604550534817438479e-01,9.701012210651643874e-01,9.002999999999715675e-01
6.755000000000590532e+00,9.698214396352108357e-01,6.778551366805803460e-03,1.894035303532585479e-01,3.788419841456781789e+00,-6.048612588994625033e-02,-4.952441224956504184e-01,5.605056536302096548e-01,9.697984800440726527e-01,9.002999999999715675e-01
6.760000000000592202e+00,9.695201347162893946e-01,6.758629735991880660e-03,1.900986531468777663e-01,3.792722772234266237e+00,-6.033034678966805314e-02,-4.950471113471452411e-01,5.605541579839954380e-01,9.694965172587846070e-01,9.002999999999715675e-01
6.765000000000593872e+00,9.692196094347043100e-01,6.738736978897435712e-03,1.907818150473816754e-01,3.797025097992415610e+00,-6.017424932713782981e-02,-4.948522009696967316e-01,5.606005823641071473e-01,9.691953343163307588e-01,9.002999999999715675e-01
6.770000000000595541e+00,9.689198653500755709e-01,6.718873319483633332e-03,1.914531060946951524e-01,3.801326818814513064e+00,-6.001784102261095016e-02,-4.946593756068453640e-01,5.606449425247475027e-01,9.688949327860185701e-01,9.002999999999715675e-01
6.775000000000597211e+00,9.686209039846501723e-01,6.699038979561322722e-03,1.921126158593109701e-01,3.805627934783815114e+00,-5.986112933552522469e-02,-4.944686196123651012e-01,5.606872541098850693e-01,9.685953141997359905e-01,9.002999999999715675e-01
6.780000000000598881e+00,9.683227268236046514e-01,6.679234178799738075e-03,1.927604334433996036e-01,3.809928445983591594e+00,-5.970412166519413477e-02,-4.942799173930656487e-01,5.607275327104486173e-01,9.682964800522541049e-01,9.002999999999715675e-01
6.785000000000600551e+00,9.680253353153459583e-01,6.659459134735240711e-03,1.933966474820104919e-01,3.814228352497084806e+00,-5.954682535076854383e-02,-4.940932534570544044e-01,5.607657938160682809e-01,9.679984318015274480e-01,9.002999999999715675e-01
6.790000000000602220e+00,9.677287308718098835e-01,6.639714062780056013e-03,1.940213461451153754e-01,3.818527654407537053e+00,-5.938924767181996689e-02,-4.939086124046985771e-01,5.608020528241121072e-01,9.677011708689933212e-01,9.002999999999715675e-01
6.795000000000603890e+00,9.674329148687582647e-01,6.619999176230958321e-03,1.946346171384238100e-01,3.822826351798180422e+00,-5.923139584880910552e-02,-4.937259788805541394e-01,5.608363250877559381e-01,9.674046986398685544e-01,9.002999999999715675e-01
6.800000000000605560e+00,9.671378886460747504e-01,6.600314686278044296e-03,1.952365477051151710e-01,3.827124444752233234e+00,-5.907327704294022819e-02,-4.935453376484648103e-01,5.608686258408868142e-01,9.671090164634444930e-01,9.002999999999715675e-01
6.805000000000607230e+00,9.668436535080587868e-01,6.580660802013467252e-03,1.958272246270547079e-01,3.831421933352917808e+00,-5.891489835698175692e-02,-4.933666735317910335e-01,5.608989702578719427e-01,9.668141256533820949e-01,9.002999999999715675e-01
6.810000000000608900e+00,9.665502107237171625e-01,6.561037730440168886e-03,1.964067342264073923e-01,3.835718817683435589e+00,-5.875626683532080702e-02,-4.931899714495092679e-01,5.609273734174612391e-01,9.665200274880029196e-01,9.002999999999715675e-01
6.815000000000610569e+00,9.662575615270551088e-01,6.541445676480615347e-03,1.969751623669717677e-01,3.840015097826986690e+00,-5.859738946448370817e-02,-4.930152163894832573e-01,5.609538503295132816e-01,9.662267232105801185e-01,9.002999999999715675e-01
6.820000000000612239e+00,9.659657071173649578e-01,6.521884842985535904e-03,1.975325944556907132e-01,3.844310773866767672e+00,-5.843827317331536098e-02,-4.928423934272763152e-01,5.609784159161863570e-01,9.659342140296266477e-01,9.002999999999715675e-01
6.825000000000613909e+00,9.656746486595123580e-01,6.502355430742662486e-03,1.980791154441481905e-01,3.848605845885962662e+00,-5.827892483340253033e-02,-4.926714877139931614e-01,5.610010850240937375e-01,9.656425011191832608e-01,9.002999999999715675e-01
6.830000000000615579e+00,9.653843872842233775e-01,6.482857638485480488e-03,1.986148098297549069e-01,3.852900313967754453e+00,-5.811935125934261648e-02,-4.925024844780899747e-01,5.610218724224963482e-01,9.653515856191031697e-01,9.002999999999715675e-01
6.835000000000617248e+00,9.650949240883671676e-01,6.463391662901981326e-03,1.991397616574652196e-01,3.857194178195312517e+00,-5.795955920903886338e-02,-4.923353690435591790e-01,5.610407927851145393e-01,9.650614686353364835e-01,9.002999999999715675e-01
6.840000000000618918e+00,9.648062601352385137e-01,6.443957698643385489e-03,1.996540545211712980e-01,3.861487438651806769e+00,-5.779955538422938688e-02,-4.921701267977601768e-01,5.610578607223014602e-01,9.647721512402118726e-01,9.002999999999715675e-01
6.845000000000620588e+00,9.645183964548385003e-01,6.424555938332882944e-03,2.001577715652587963e-01,3.865780095420404017e+00,-5.763934643060683594e-02,-4.920067432127980811e-01,5.610730907596604977e-01,9.644836344727171218e-01,9.002999999999715675e-01
6.850000000000622258e+00,9.642313340441530656e-01,6.405186572574374411e-03,2.006509954857916556e-01,3.870072148584260407e+00,-5.747893893821416633e-02,-4.918452038336789678e-01,5.610864973498921326e-01,9.641959193387784621e-01,9.002999999999715675e-01
6.855000000000623928e+00,9.639450738674310015e-01,6.385849789961231711e-03,2.011338085324239355e-01,3.874363598226528982e+00,-5.731833944169077016e-02,-4.916854943014032919e-01,5.610980948496999687e-01,9.639090068115380161e-01,9.002999999999715675e-01
6.860000000000625597e+00,9.636596168564587339e-01,6.366545777085010419e-03,2.016062925094516955e-01,3.878654444430356563e+00,-5.715755442081670717e-02,-4.915276003084665946e-01,5.611078975642904698e-01,9.636228978316285776e-01,9.002999999999715675e-01
6.865000000000627267e+00,9.633749639108353247e-01,6.347274718544205878e-03,2.020685287775311201e-01,3.882944687278889973e+00,-5.699659030048825903e-02,-4.913715076527447323e-01,5.611159196934867310e-01,9.633375933074483921e-01,9.002999999999715675e-01
6.870000000000628937e+00,9.630911158982446985e-01,6.328036796952984065e-03,2.025205982552053807e-01,3.887234326855269373e+00,-5.683545345138765054e-02,-4.912172021939905653e-01,5.611221753752325681e-01,9.630530941154339386e-01,9.002999999999715675e-01
6.875000000000630607e+00,9.628080736547263152e-01,6.308832192949899442e-03,2.029625814201649892e-01,3.891523363242630484e+00,-5.667415019009544586e-02,-4.910646698687922695e-01,5.611266786706344822e-01,9.627694011003301577e-01,9.002999999999715675e-01
6.880000000000632276e+00,9.625258379849447321e-01,6.289661085206644034e-03,2.033945583110685074e-01,3.895811796524105031e+00,-5.651268677939855212e-02,-4.909138967044512358e-01,5.611294435500828737e-01,9.624865150754601251e-01,9.002999999999715675e-01
6.885000000000633946e+00,9.622444096624571674e-01,6.270523650436755740e-03,2.038166085287444751e-01,3.900099626782823403e+00,-5.635106942877757957e-02,-4.907648687851748903e-01,5.611304839270598865e-01,9.622044368229927258e-01,9.002999999999715675e-01
6.890000000000635616e+00,9.619637894299799541e-01,6.251420063404357873e-03,2.042288112378794762e-01,3.904386854101912885e+00,-5.618930429446278296e-02,-4.906175722909060788e-01,5.611298136193090258e-01,9.619231670942089973e-01,9.002999999999715675e-01
6.895000000000637286e+00,9.616839779996529947e-01,6.232350496932870937e-03,2.046312451684122458e-01,3.908673478564494985e+00,-5.602739747999094938e-02,-4.904719934654480640e-01,5.611274463807117696e-01,9.616427066097664733e-01,9.002999999999715675e-01
6.900000000000638956e+00,9.614049760533027733e-01,6.213315121913734820e-03,2.050239886171776882e-01,3.912959500253692102e+00,-5.586535503635457062e-02,-4.903281186365169853e-01,5.611233958812338329e-01,9.613630560599626396e-01,9.002999999999715675e-01
6.905000000000640625e+00,9.611267842427038133e-01,6.194314107315110167e-03,2.054071194491966512e-01,3.917244919252619528e+00,-5.570318296241153627e-02,-4.901859341989497909e-01,5.611176757237176238e-01,9.610842161049957255e-01,9.002999999999715675e-01
6.910000000000642295e+00,9.608494031898390242e-01,6.175347620190603168e-03,2.057807150994685197e-01,3.921529735644408543e+00,-5.554088720508085913e-02,-4.900454266369311251e-01,5.611102994216545792e-01,9.608061873752254956e-01,9.002999999999715675e-01
6.915000000000643965e+00,9.605728334871577179e-01,6.156415825687950455e-03,2.061448525742768656e-01,3.925813949512148238e+00,-5.537847365982621201e-02,-4.899065824925136758e-01,5.611012804306679813e-01,9.605289704714311538e-01,9.002999999999715675e-01
6.920000000000645635e+00,9.602970756978326250e-01,6.137518887057726545e-03,2.064996084528171738e-01,3.930097560938960566e+00,-5.521594817073776501e-02,-4.897693883964895356e-01,5.610906321176365452e-01,9.602525659650684720e-01,9.002999999999715675e-01
6.925000000000647304e+00,9.600221303560153574e-01,6.118656965662044346e-03,2.068450588885325792e-01,3.934380570007954603e+00,-5.505331653101232237e-02,-4.896338310466560872e-01,5.610783677824321414e-01,9.599769743985253623e-01,9.002999999999715675e-01
6.930000000000648974e+00,9.597479979670902051e-01,6.099830220983237447e-03,2.071812796109801791e-01,3.938662976802238092e+00,-5.489058448315665972e-02,-4.894998972270853677e-01,5.610645006386496547e-01,9.597021962853751198e-01,9.002999999999715675e-01
6.935000000000650644e+00,9.594746790079266008e-01,6.081038810632525930e-03,2.075083459270031794e-01,3.942944781404919663e+00,-5.472775771944063394e-02,-4.893675737749931809e-01,5.610490438467379271e-01,9.594282321106293310e-01,9.002999999999715675e-01
6.940000000000652314e+00,9.592021739271295866e-01,6.062282890358712539e-03,2.078263327225368107e-01,3.947225983899103952e+00,-5.456484188192719381e-02,-4.892368476238150854e-01,5.610320104709226596e-01,9.591550823309885621e-01,9.002999999999715675e-01
6.945000000000653984e+00,9.589304831452892808e-01,6.043562614056843287e-03,2.081353144639596642e-01,3.951506584367892483e+00,-5.440184256305791860e-02,-4.891077057622220114e-01,5.610134135201916283e-01,9.588827473750914931e-01,9.002999999999715675e-01
6.950000000000655653e+00,9.586596070552292348e-01,6.024878133776874131e-03,2.084353651995734247e-01,3.955786582894389447e+00,-5.423876530571419136e-02,-4.889801352641645615e-01,5.609932659182517156e-01,9.586112276437630531e-01,9.002999999999715675e-01
6.955000000000657323e+00,9.583895460222521256e-01,6.006229599732339393e-03,2.087265585613978236e-01,3.960065979561694594e+00,-5.407561560366681147e-02,-4.888541232786343116e-01,5.609715805137647227e-01,9.583405235102609998e-01,9.002999999999715675e-01
6.960000000000658993e+00,9.581203003843848931e-01,5.987617160308968990e-03,2.090089677664738188e-01,3.964344774452912556e+00,-5.391239890189596790e-02,-4.887296570120528427e-01,5.609483700979612797e-01,9.580706353205202808e-01,9.002999999999715675e-01
6.965000000000660663e+00,9.578518704526221006e-01,5.969040962073356854e-03,2.092826656183768008e-01,3.968622967651140421e+00,-5.374912059668764813e-02,-4.886067237577975120e-01,5.609236473751121332e-01,9.578015633933967266e-01,9.002999999999715675e-01
6.970000000000662332e+00,9.575842565111682969e-01,5.950501149781594647e-03,2.095477245090084095e-01,3.972900559239479712e+00,-5.358578603611176966e-02,-4.884853108814887213e-01,5.608974249772437082e-01,9.575333080209090797e-01,9.002999999999715675e-01
6.975000000000664002e+00,9.573174588176773803e-01,5.931997866387878592e-03,2.098042164198579695e-01,3.977177549301024406e+00,-5.342240052031288489e-02,-4.883654058058611303e-01,5.608697154792653405e-01,9.572658694684792469e-01,9.002999999999715675e-01
6.980000000000665672e+00,9.570514776034932947e-01,5.913531253053148397e-03,2.100522129235868340e-01,3.981453937918878694e+00,-5.325896930160967796e-02,-4.882469960423685973e-01,5.608405313673643366e-01,9.569992479751717740e-01,9.002999999999715675e-01
6.985000000000667342e+00,9.567863130738862854e-01,5.895101449153696688e-03,2.102917851858380482e-01,3.985729725176138771e+00,-5.309549758500239913e-02,-4.881300691697245675e-01,5.608098850604659180e-01,9.567334437539313230e-01,9.002999999999715675e-01
6.990000000000669012e+00,9.565219654082892653e-01,5.876708592289749816e-03,2.105230039662886188e-01,3.990004911155901723e+00,-5.293199052840623364e-02,-4.880146128222543900e-01,5.607777889218810152e-01,9.564684569918184831e-01,9.002999999999715675e-01
6.995000000000670681e+00,9.562584347605330715e-01,5.858352818294092039e-03,2.107459396205902113e-01,3.994279495941265967e+00,-5.276845324273892607e-02,-4.879006147346592326e-01,5.607442552145418535e-01,9.562042878502449161e-01,9.002999999999715675e-01
7.000000000000672351e+00,9.559957212590792786e-01,5.840034261240628979e-03,2.109606621017785233e-01,3.998553479615332140e+00,-5.260489079258411776e-02,-4.877880626864288249e-01,5.607092961565902645e-01,9.559409364652066143e-01,9.002999999999715675e-01
7.005000000000674021e+00,9.557338250072520136e-01,5.821753053452953693e-03,2.111672409618143564e-01,4.002826862261194663e+00,-5.244130819614364891e-02,-4.876769445372920453e-01,5.606729238859252673e-01,9.556784029475153819e-01,9.002999999999715675e-01
7.010000000000675691e+00,9.554727460834687713e-01,5.803509325512926607e-03,2.113657453531256891e-01,4.007099643961954172e+00,-5.227771042564777898e-02,-4.875672482156445109e-01,5.606351504717780321e-01,9.554166873830299833e-01,9.002999999999715675e-01
7.015000000000677360e+00,9.552124845414690091e-01,5.785303206269232917e-03,2.115562440301337888e-01,4.011371824800704644e+00,-5.211410240761880225e-02,-4.874589617195638769e-01,5.605959879136936941e-01,9.551557898328844054e-01,9.002999999999715675e-01
7.020000000000679030e+00,9.549530404105421866e-01,5.767134822845926961e-03,2.117388053506918388e-01,4.015643404860548493e+00,-5.195048902314987338e-02,-4.873520731173267562e-01,5.605554481410169876e-01,9.548957103337164520e-01,9.002999999999715675e-01
7.025000000000680700e+00,9.546944136957540294e-01,5.749004300650969665e-03,2.119134972778624892e-01,4.019914384224584580e+00,-5.178687510819309642e-02,-4.872465705524542945e-01,5.605135430078446168e-01,9.546364488978935636e-01,9.002999999999715675e-01
7.030000000000682370e+00,9.544366043781710163e-01,5.730911763384737359e-03,2.120803873813582319e-01,4.024184762975910878e+00,-5.162326545391395655e-02,-4.871424422230926643e-01,5.604702843136465384e-01,9.543780055137376372e-01,9.002999999999715675e-01
7.035000000000684039e+00,9.541796124150838665e-01,5.712857333048544477e-03,2.122395428389028116e-01,4.028454541197625360e+00,-5.145966480678432903e-02,-4.870396764027094538e-01,5.604256837825685178e-01,9.541203801457484035e-01,9.002999999999715675e-01
7.040000000000685709e+00,9.539234377402300291e-01,5.694841129953167116e-03,2.123910304379963421e-01,4.032723718972827776e+00,-5.129607786894302413e-02,-4.869382614427594236e-01,5.603797530607667055e-01,9.538635727348259152e-01,9.002999999999715675e-01
7.045000000000687379e+00,9.536680802640140620e-01,5.676863272727311963e-03,2.125349165773087745e-01,4.036992296384624090e+00,-5.113250929859295552e-02,-4.868381857490611253e-01,5.603325037400299635e-01,9.536075831984914819e-01,9.002999999999715675e-01
7.050000000000689049e+00,9.534135398737273448e-01,5.658923878326104287e-03,2.126712672684887284e-01,4.041260273516107837e+00,-5.096896371009673049e-02,-4.867394378050363124e-01,5.602839473345430088e-01,9.533524114311061615e-01,9.002999999999715675e-01
7.055000000000690719e+00,9.531598164337652390e-01,5.641023062039546461e-03,2.128001481371415704e-01,4.045527650450385870e+00,-5.080544567437386694e-02,-4.866420061445553280e-01,5.602340953080380270e-01,9.530980573040898074e-01,9.002999999999715675e-01
7.060000000000692388e+00,9.529069097858450244e-01,5.623160937501011161e-03,2.129216244250974888e-01,4.049794427270559716e+00,-5.064195971895139869e-02,-4.865458794029534628e-01,5.601829590227805911e-01,9.528445206661374511e-01,9.002999999999715675e-01
7.065000000000694058e+00,9.526548197492200609e-01,5.605337616695644370e-03,2.130357609912722217e-01,4.054060604059728234e+00,-5.047851032867124027e-02,-4.864510462369449062e-01,5.601305498196544885e-01,9.525918013434339082e-01,9.002999999999715675e-01
7.070000000000695728e+00,9.524035461208941733e-01,5.587553209968830828e-03,2.131426223136085318e-01,4.058326180900998281e+00,-5.031510194537217734e-02,-4.863574954132833805e-01,5.600768789295019756e-01,9.523398991398689395e-01,9.002999999999715675e-01
7.075000000000697398e+00,9.521530886758345913e-01,5.569807826034608306e-03,2.132422724905579381e-01,4.062591157877471382e+00,-5.015173896871247261e-02,-4.862652157376282092e-01,5.600219575442563213e-01,9.520888138372493037e-01,9.002999999999715675e-01
7.080000000000699067e+00,9.519034471671824482e-01,5.552101571984060201e-03,2.133347752425205912e-01,4.066855535072257055e+00,-4.998842575608090227e-02,-4.861741960874310098e-01,5.599657967840565576e-01,9.518385451955101439e-01,9.002999999999715675e-01
7.085000000000700737e+00,9.516546213264637233e-01,5.534434553293739352e-03,2.134201939132529258e-01,4.071119312568456827e+00,-4.982516662293339643e-02,-4.860844254104796924e-01,5.599084076987030922e-01,9.515890929529252640e-01,9.002999999999715675e-01
7.090000000000702407e+00,9.514066108637972974e-01,5.516806873834045888e-03,2.134985914718239841e-01,4.075382490449180217e+00,-4.966196584311229761e-02,-4.859958927273851925e-01,5.598498012651701439e-01,9.513404568263155170e-01,9.002999999999715675e-01
7.095000000000704077e+00,9.511594154681021207e-01,5.499218635877576450e-03,2.135700305136546406e-01,4.079645068797528751e+00,-4.949882764919998068e-02,-4.859085870987675526e-01,5.597899884204210474e-01,9.510926365112564174e-01,9.002999999999715675e-01
7.100000000000705747e+00,9.509130348073040473e-01,5.481669940107504642e-03,2.136345732624880811e-01,4.083907047696618164e+00,-4.933575623245403663e-02,-4.858224976809026319e-01,5.597289800057598796e-01,9.508456316822843091e-01,9.002999999999715675e-01
7.105000000000707416e+00,9.506674685285397830e-01,5.464160885625918111e-03,2.136922815713546420e-01,4.088168427229548207e+00,-4.917275574345898737e-02,-4.857376136661568089e-01,5.596667868263993650e-01,9.505994419931007577e-01,9.002999999999715675e-01
7.110000000000709086e+00,9.504227162583609445e-01,5.446691569962164303e-03,2.137432169248399683e-01,4.092429207479434616e+00,-4.900983029201520791e-02,-4.856539243471315048e-01,5.596034195873128558e-01,9.503540670767764986e-01,9.002999999999715675e-01
7.115000000000710756e+00,9.501787776029357868e-01,5.429262089081131164e-03,2.137874404399446038e-01,4.096689388529384246e+00,-4.884698394785362552e-02,-4.855714190341807734e-01,5.595388889757199058e-01,9.501095065459536082e-01,9.002999999999715675e-01
7.120000000000712426e+00,9.499356521482502647e-01,5.411872537391582486e-03,2.138250128679522188e-01,4.100948970462507503e+00,-4.868422074029451346e-02,-4.854900871442666688e-01,5.594732055722282382e-01,9.498657599930462325e-01,9.002999999999715675e-01
7.125000000000714095e+00,9.496933394603076506e-01,5.394523007754442948e-03,2.138559945959132569e-01,4.105207953361915685e+00,-4.852154465904891245e-02,-4.854099181340605362e-01,5.594063799177357854e-01,9.496228269904406494e-01,9.002999999999715675e-01
7.130000000000715765e+00,9.494518390853269318e-01,5.377213591491061470e-03,2.138804456480969673e-01,4.109466337310720974e+00,-4.835895965416291825e-02,-4.853309015281844774e-01,5.593384224851852826e-01,9.493807070906932211e-01,9.002999999999715675e-01
7.135000000000717435e+00,9.492111505499402080e-01,5.359944378391483244e-03,2.138984256873703860e-01,4.113724122392038218e+00,-4.819646963632773923e-02,-4.852530269175693300e-01,5.592693436812102847e-01,9.491393998267281251e-01,9.002999999999715675e-01
7.140000000000719105e+00,9.489712733613882012e-01,5.342715456722701810e-03,2.139099940171117487e-01,4.117981308688977826e+00,-4.803407847717078294e-02,-4.851762839642000946e-01,5.591991538413855212e-01,9.488989047120328646e-01,9.002999999999715675e-01
7.145000000000720775e+00,9.487322070077143232e-01,5.325526913236859096e-03,2.139152095823223243e-01,4.122237896284657310e+00,-4.787179000960879033e-02,-4.851006623689550490e-01,5.591278632623910561e-01,9.486592212408527791e-01,9.002999999999715675e-01
7.150000000000722444e+00,9.484939509579586314e-01,5.308378833179477549e-03,2.139141309714649164e-01,4.126493885262187078e+00,-4.770960802779213028e-02,-4.850261519203951655e-01,5.590554821532229823e-01,9.484203488883845568e-01,9.002999999999715675e-01
7.155000000000724114e+00,9.482565046623502303e-01,5.291271300297667977e-03,2.139068164176647913e-01,4.130749275704686418e+00,-4.754753628767666163e-02,-4.849527424476504645e-01,5.589820206823040705e-01,9.481822871109688577e-01,9.002999999999715675e-01
7.160000000000725784e+00,9.480198675524974528e-01,5.274204396848316580e-03,2.138933238004303572e-01,4.135004067695268404e+00,-4.738557850699348650e-02,-4.848804238616818418e-01,5.589074889362245502e-01,9.479450353462807177e-01,9.002999999999715675e-01
7.165000000000727454e+00,9.477840390415780414e-01,5.257178203606247685e-03,2.138737106470907923e-01,4.139258261317052323e+00,-4.722373836575034789e-02,-4.848091861208653208e-01,5.588318969541571368e-01,9.477085930135195069e-01,9.002999999999715675e-01
7.170000000000729123e+00,9.475490185245271091e-01,5.240192799872376087e-03,2.138480341342794966e-01,4.143511856653152137e+00,-4.706201950629342046e-02,-4.847390192502133988e-01,5.587552547086358512e-01,9.474729595135975568e-01,9.002999999999715675e-01
7.175000000000730793e+00,9.473148053782247668e-01,5.223248263481848966e-03,2.138163510895792485e-01,4.147764853786688022e+00,-4.690042553361878364e-02,-4.846699133363451817e-01,5.586775721105856629e-01,9.472381342293271222e-01,9.002999999999715675e-01
7.180000000000732463e+00,9.470813989616817530e-01,5.206344670812168736e-03,2.137787179926359249e-01,4.152017252800773051e+00,-4.673896001562068137e-02,-4.846018585180615901e-01,5.585988590187467295e-01,9.470041165256062321e-01,9.002999999999715675e-01
7.185000000000734133e+00,9.468487986162247294e-01,5.189482096791310679e-03,2.137351909772178260e-01,4.156269053778529177e+00,-4.657762648322198717e-02,-4.845348450180519961e-01,5.585191252079693136e-01,9.467709057496046521e-01,9.002999999999715675e-01
7.190000000000735803e+00,9.466170036656795794e-01,5.172660614905783341e-03,2.136858258322250903e-01,4.160520256803075689e+00,-4.641642843091298848e-02,-4.844688630844896093e-01,5.584383804276166208e-01,9.465385012309464052e-01,9.002999999999715675e-01
7.195000000000737472e+00,9.463860134165533733e-01,5.155880297208731422e-03,2.136306780034096242e-01,4.164770861957527437e+00,-4.625536931654345568e-02,-4.844039030567325321e-01,5.583566343358653539e-01,9.463069022818928477e-01,9.002999999999715675e-01
7.200000000000739142e+00,9.461558271582165558e-01,5.139141214327979691e-03,2.135698025949924472e-01,4.169020869325006373e+00,-4.609445256196030571e-02,-4.843399553177519801e-01,5.582738965472758830e-01,9.460761081975237463e-01,9.002999999999715675e-01
7.205000000000740812e+00,9.459264441630823583e-01,5.122443435474070828e-03,2.135032543706550934e-01,4.173270278988630899e+00,-4.593368155303607925e-02,-4.842770103038911977e-01,5.581901766230348283e-01,9.458461182559174674e-01,9.002999999999715675e-01
7.210000000000742482e+00,9.456978636867857668e-01,5.105787028448312802e-03,2.134310877556179764e-01,4.177519091031522080e+00,-4.577305963982636339e-02,-4.842150585400443186e-01,5.581054840357754232e-01,9.456169317183302780e-01,9.002999999999715675e-01
7.215000000000744151e+00,9.454700849683610464e-01,5.089172059650756003e-03,2.133533568377809220e-01,4.181767305536796542e+00,-4.561259013717945676e-02,-4.841540905731679945e-01,5.580198282360664397e-01,9.453885478293735378e-01,9.002999999999715675e-01
7.220000000000745821e+00,9.452431072304188220e-01,5.072598594088189444e-03,2.132701153692516116e-01,4.186014922587575349e+00,-4.545227632449548583e-02,-4.840940970319384529e-01,5.579332185927543541e-01,9.451609658171903350e-01,9.002999999999715675e-01
7.225000000000747491e+00,9.450169296793209384e-01,5.056066695382123964e-03,2.131814167679159655e-01,4.190261942266989337e+00,-4.529212144625421183e-02,-4.840350685982629519e-01,5.578456644214516702e-01,9.449341848936316790e-01,9.002999999999715675e-01
7.230000000000749161e+00,9.447915515053546542e-01,5.039576425776740726e-03,2.130873141188203979e-01,4.194508364658133814e+00,-4.513212871217823358e-02,-4.839769960073773136e-01,5.577571749844415505e-01,9.447082042544298064e-01,9.002999999999715675e-01
7.235000000000750831e+00,9.445669718829063921e-01,5.023127846146831915e-03,2.129878601755914036e-01,4.198754189844144946e+00,-4.497230129740047155e-02,-4.839198700580153445e-01,5.576677594805059535e-01,9.444830230793721526e-01,9.002999999999715675e-01
7.240000000000752500e+00,9.443431899706327126e-01,5.006721016005724958e-03,2.128831073621446635e-01,4.202999417908135804e+00,-4.481264234276421954e-02,-4.838636816091794191e-01,5.575774270481556050e-01,9.442586405324731036e-01,9.002999999999715675e-01
7.245000000000754170e+00,9.441202049116321771e-01,4.990355993513165972e-03,2.127731077738096443e-01,4.207244048933230118e+00,-4.465315495508349192e-02,-4.838084215630099605e-01,5.574861867827612949e-01,9.440350557621448591e-01,9.002999999999715675e-01
7.250000000000755840e+00,9.438980158336143234e-01,4.974032835483225765e-03,2.126579131791558330e-01,4.211488083002545402e+00,-4.449384220718648891e-02,-4.837540808998259667e-01,5.573940477015131290e-01,9.438122679013669636e-01,9.002999999999715675e-01
7.255000000000757510e+00,9.436766218490678648e-01,4.957751597392150329e-03,2.125375750210884707e-01,4.215731520199197391e+00,-4.433470713841062422e-02,-4.837006506336848921e-01,5.573010187878606470e-01,9.435902760678555046e-01,9.002999999999715675e-01
7.260000000000759179e+00,9.434560220554290000e-01,4.941512333386223477e-03,2.124121444186439500e-01,4.219974360606308927e+00,-4.417575275452933353e-02,-4.836481218586180519e-01,5.572071089452769188e-01,9.433690793642300898e-01,9.002999999999715675e-01
7.265000000000760849e+00,9.432362155352473909e-01,4.925315096289579163e-03,2.122816721682061480e-01,4.224216604306993084e+00,-4.401698202827461492e-02,-4.835964857031365693e-01,5.571123270427530416e-01,9.431486768781802699e-01,9.002999999999715675e-01
7.270000000000762519e+00,9.430172013563512534e-01,4.909159937612026826e-03,2.121462087451226886e-01,4.228458251384368261e+00,-4.385839789927778454e-02,-4.835457333676195235e-01,5.570166818774101580e-01,9.429290676826314055e-01,9.002999999999715675e-01
7.275000000000764189e+00,9.427989785720115590e-01,4.893046907556842032e-03,2.120058043049354857e-01,4.232699301921553747e+00,-4.370000327449274219e-02,-4.834958560969934149e-01,5.569201822018191583e-01,9.427102508359084254e-01,9.002999999999715675e-01
7.280000000000765858e+00,9.425815462211049045e-01,4.876976055028547571e-03,2.118605086850574304e-01,4.236939756001664392e+00,-4.354180102827016202e-02,-4.834468452055978305e-01,5.568228366991360145e-01,9.424922253818988072e-01,9.002999999999715675e-01
7.285000000000767528e+00,9.423649033282757159e-01,4.860947427640654669e-03,2.117103714060631914e-01,4.241179613707810603e+00,-4.338379400275326619e-02,-4.833986920484685257e-01,5.567246540118191422e-01,9.422749903502152247e-01,9.002999999999715675e-01
7.290000000000769198e+00,9.421490489040967864e-01,4.844961071723405052e-03,2.115554416732445819e-01,4.245418875123111668e+00,-4.322598500790705844e-02,-4.833513880458529810e-01,5.566256427171111243e-01,9.420585447563553094e-01,9.002999999999715675e-01
7.295000000000770868e+00,9.419339819452293705e-01,4.829017032331485264e-03,2.113957683778435737e-01,4.249657540330683325e+00,-4.306837682186490796e-02,-4.833049246649605557e-01,5.565258113452926647e-01,9.418428876018627438e-01,9.002999999999715675e-01
7.300000000000772538e+00,9.417197014345812800e-01,4.813115353251730573e-03,2.112314000989203022e-01,4.253895609413634205e+00,-4.291097219104248600e-02,-4.832592934402793472e-01,5.564251683593613995e-01,9.416280178744853568e-01,9.002999999999715675e-01
7.305000000000774207e+00,9.415062063414646465e-01,4.797256077010788981e-03,2.110623851042433274e-01,4.258133082455076490e+00,-4.275377383051487401e-02,-4.832144859338499687e-01,5.563237221947622269e-01,9.414139345483323318e-01,9.002999999999715675e-01
7.310000000000775877e+00,9.412934956217532401e-01,4.781439244882812988e-03,2.108887713520244955e-01,4.262369959538117925e+00,-4.259678442388634828e-02,-4.831704937952487344e-01,5.562214811994014019e-01,9.412006365840321909e-01,9.002999999999715675e-01
7.315000000000777547e+00,9.410815682180370123e-01,4.765664896897088033e-03,2.107106064922840138e-01,4.266606240745860923e+00,-4.244000662393193624e-02,-4.831273087070158123e-01,5.561184536882193274e-01,9.409881229288876714e-01,9.002999999999715675e-01
7.320000000000779217e+00,9.408704230597769724e-01,4.749933071845643603e-03,2.105279378682586300e-01,4.270841926161434543e+00,-4.228344305253987218e-02,-4.830849224107677808e-01,5.560146479170765543e-01,9.407763925170298247e-01,9.002999999999715675e-01
7.325000000000780886e+00,9.406600590634585091e-01,4.734243807290863457e-03,2.103408125177525512e-01,4.275077015867930541e+00,-4.212709630099267105e-02,-4.830433267013893861e-01,5.559100720885652436e-01,9.405654442695721151e-01,9.002999999999715675e-01
7.330000000000782556e+00,9.404504751327434908e-01,4.718597139573061164e-03,2.101492771747978383e-01,4.279311509948461101e+00,-4.197096893017523284e-02,-4.830025134308069124e-01,5.558047343482326319e-01,9.403552770947625206e-01,9.002999999999715675e-01
7.335000000000784226e+00,9.402416701586214787e-01,4.702993103818034829e-03,2.099533782707678486e-01,4.283545408486127748e+00,-4.181506347083310121e-02,-4.829624744888901255e-01,5.556986428036818637e-01,9.401458898881349668e-01,9.002999999999715675e-01
7.340000000000785896e+00,9.400336430195607162e-01,4.687431733944624410e-03,2.097531619359340460e-01,4.287778711564026679e+00,-4.165938242358873528e-02,-4.829232018363460721e-01,5.555918054916746396e-01,9.399372815326595410e-01,9.002999999999715675e-01
7.345000000000787566e+00,9.398263925816565667e-01,4.671913062672240421e-03,2.095486740008151993e-01,4.292011419265264749e+00,-4.150392825938151870e-02,-4.828846874757841690e-01,5.554842304070699566e-01,9.397294508988922601e-01,9.002999999999715675e-01
7.350000000000789235e+00,9.396199176987801716e-01,4.656437121528351868e-03,2.093399599975576952e-01,4.296243531672942595e+00,-4.134870341953841150e-02,-4.828469234661228460e-01,5.553759254884143015e-01,9.395223968451230645e-01,9.002999999999715675e-01
7.355000000000790905e+00,9.394142172127252222e-01,4.641003940855969838e-03,2.091270651615084186e-01,4.300475048870150196e+00,-4.119371031603170225e-02,-4.828099019189148189e-01,5.552668986216194869e-01,9.393161182175232549e-01,9.002999999999715675e-01
7.360000000000792575e+00,9.392092899533547312e-01,4.625613549821101615e-03,2.089100344324439362e-01,4.304705970939987303e+00,-4.103895133169181697e-02,-4.827736149868122606e-01,5.551571576514946482e-01,9.391106138502913758e-01,9.002999999999715675e-01
7.365000000000794245e+00,9.390051347387453617e-01,4.610265976420205650e-03,2.086889124558924669e-01,4.308936297965547446e+00,-4.088442882027438358e-02,-4.827380548838443031e-01,5.550467103614693531e-01,9.389058825657987661e-01,9.002999999999715675e-01
7.370000000000795914e+00,9.388017503753325332e-01,4.594961247487625716e-03,2.084637435846171116e-01,4.313166030029920606e+00,-4.073014510678978767e-02,-4.827032138781138793e-01,5.549355644808989796e-01,9.387019231747344428e-01,9.002999999999715675e-01
7.375000000000797584e+00,9.385991356580530853e-01,4.579699388702968693e-03,2.082345718800537870e-01,4.317395167216198537e+00,-4.057610248774037170e-02,-4.826690842830313466e-01,5.548237276938284834e-01,9.384987344762470984e-01,9.002999999999715675e-01
7.380000000000799254e+00,9.383972893704873863e-01,4.564480424598478005e-03,2.080014411136613672e-01,4.321623709607464114e+00,-4.042230323124739594e-02,-4.826356584598668897e-01,5.547112076364409949e-01,9.382963152580884314e-01,9.002999999999715675e-01
7.385000000000800924e+00,9.381962102850003316e-01,4.549304378566403594e-03,2.077643947682726033e-01,4.325851657286806429e+00,-4.026874957721358894e-02,-4.826029288218023905e-01,5.545980118930062819e-01,9.380946642967535887e-01,9.002999999999715675e-01
7.390000000000802594e+00,9.379958971628821196e-01,4.534171272866346740e-03,2.075234760392500599e-01,4.330079010337303913e+00,-4.011544373753936354e-02,-4.825708878330959295e-01,5.544841479967156372e-01,9.378937803576224974e-01,9.002999999999715675e-01
7.395000000000804263e+00,9.377963487544873633e-01,4.519081128632584932e-03,2.072787278364882357e-01,4.334305768842035889e+00,-3.996238789633035221e-02,-4.825395280206749571e-01,5.543696234180890414e-01,9.376936621950983097e-01,9.002999999999715675e-01
7.400000000000805933e+00,9.375975637993726464e-01,4.504033965881332549e-03,2.070301927848459400e-01,4.338531932884086117e+00,-3.980958421025543315e-02,-4.825088419228017456e-01,5.542544456163095434e-01,9.374943085527460696e-01,9.002999999999715675e-01
7.405000000000807603e+00,9.373995410264351902e-01,4.489029803518068337e-03,2.067779132263100894e-01,4.342757502546522375e+00,-3.965703480824901705e-02,-4.824788221846717517e-01,5.541386219436258420e-01,9.372957181634302692e-01,9.002999999999715675e-01
7.410000000000809273e+00,9.372022791540477460e-01,4.474068659344750121e-03,2.065219312210195834e-01,4.346982477912417764e+00,-3.950474179244132383e-02,-4.824494614490331124e-01,5.540221597547307919e-01,9.370978897494512960e-01,9.002999999999715675e-01
7.415000000000810942e+00,9.370057768901941531e-01,4.459150550067044264e-03,2.062622885486161406e-01,4.351206859064848054e+00,-3.935270723768691942e-02,-4.824207524315523576e-01,5.539050663313981326e-01,9.369008220226803241e-01,9.002999999999715675e-01
7.420000000000812612e+00,9.368100329326045639e-01,4.444275491301563803e-03,2.059990267096384886e-01,4.355430646086870361e+00,-3.920093319206381655e-02,-4.823926878939996943e-01,5.537873489092952628e-01,9.367045136846944287e-01,9.002999999999715675e-01
7.425000000000814282e+00,9.366150459688885599e-01,4.429443497583050206e-03,2.057321869268415315e-01,4.359653839061552461e+00,-3.904942167702930150e-02,-4.823652606444077118e-01,5.536690146778251442e-01,9.365089634269101460e-01,9.002999999999715675e-01
7.430000000000815952e+00,9.364208146766673790e-01,4.414654582371539508e-03,2.054618101465482405e-01,4.363876438071955910e+00,-3.889817468758000052e-02,-4.823384635407418908e-01,5.535500707764565709e-01,9.363141699307155896e-01,9.002999999999715675e-01
7.435000000000817622e+00,9.362273377237055882e-01,4.399908758059511982e-03,2.051879370400125913e-01,4.368098443201137826e+00,-3.874719419246139274e-02,-4.823122894882007627e-01,5.534305242974227879e-01,9.361201318676029004e-01,9.002999999999715675e-01
7.440000000000819291e+00,9.360346137680418677e-01,4.385206035979011437e-03,2.049106080047413680e-01,4.372319854532149108e+00,-3.859648213434466874e-02,-4.822867314383016413e-01,5.533103822866368704e-01,9.359268478992981422e-01,9.002999999999715675e-01
7.445000000000820961e+00,9.358426414581186847e-01,4.370546426408759323e-03,2.046298631658137190e-01,4.376540672148042432e+00,-3.844604042999377747e-02,-4.822617823907852652e-01,5.531896517417862480e-01,9.357343166778917531e-01,9.002999999999715675e-01
7.450000000000822631e+00,9.356514194329109690e-01,4.355929938581235873e-03,2.043457423771421755e-01,4.380760896131867810e+00,-3.829587097045913241e-02,-4.822374353931005997e-01,5.530683396128485141e-01,9.355425368459673319e-01,9.002999999999715675e-01
7.455000000000824301e+00,9.354609463220544541e-01,4.341356580689746496e-03,2.040582852230307387e-01,4.384980526566663706e+00,-3.814597562126650215e-02,-4.822136835436121038e-01,5.529464527988843248e-01,9.353515070367298678e-01,9.002999999999715675e-01
7.460000000000825970e+00,9.352712207459719096e-01,4.326826359895447408e-03,2.037675310190651401e-01,4.389199563535472137e+00,-3.799635622264915108e-02,-4.821905199732731684e-01,5.528239981663628511e-01,9.351612258741317518e-01,9.002999999999715675e-01
7.465000000000827640e+00,9.350822413159999291e-01,4.312339282334389477e-03,2.034735188138918072e-01,4.393418007121334234e+00,-3.784701458954702752e-02,-4.821679378858524934e-01,5.527009825089352901e-01,9.349716919730006737e-01,9.002999999999715675e-01
7.470000000000829310e+00,9.348940066345133859e-01,4.297895353124487478e-03,2.031762873902435151e-01,4.397635857407278692e+00,-3.769795251212374604e-02,-4.821459305022449127e-01,5.525774126031273159e-01,9.347829039391634121e-01,9.002999999999715675e-01
7.475000000000830980e+00,9.347065152950502220e-01,4.283494576372497142e-03,2.028758752663179510e-01,4.401853114476334206e+00,-3.754917175557111880e-02,-4.821244911086123297e-01,5.524532951601933695e-01,9.345948603695705126e-01,9.002999999999715675e-01
7.480000000000832650e+00,9.345197658824343501e-01,4.269136955180981817e-03,2.025723206971867529e-01,4.406069778411528581e+00,-3.740067406053378118e-02,-4.821036130309452883e-01,5.523286368515596401e-01,9.344075598524205217e-01,9.002999999999715675e-01
7.485000000000834319e+00,9.343337569728985548e-01,4.254822491655231402e-03,2.022656616757171066e-01,4.410285849295881633e+00,-3.725246114320899388e-02,-4.820832896352506003e-01,5.522034443086317745e-01,9.342210009672815563e-01,9.002999999999715675e-01
7.490000000000835989e+00,9.341484871342058405e-01,4.240551186910184768e-03,2.019559359345129701e-01,4.414501327212410509e+00,-3.710453469545115651e-02,-4.820635143556761260e-01,5.520777240946749265e-01,9.340351822852136499e-01,9.002999999999715675e-01
7.495000000000837659e+00,9.339639549257697793e-01,4.226323041077278443e-03,2.016431809466584513e-01,4.418716212244126140e+00,-3.695689638523829562e-02,-4.820442806319743534e-01,5.519514827673460688e-01,9.338501023688891012e-01,9.002999999999715675e-01
7.500000000000839329e+00,9.337801588987751922e-01,4.212138053311346476e-03,2.013274339270528790e-01,4.422930504474043900e+00,-3.680954785633949733e-02,-4.820255819838700218e-01,5.518247268043295906e-01,9.336657597727128222e-01,9.002999999999715675e-01
7.505000000000840998e+00,9.335970975962962770e-01,4.197996221797471728e-03,2.010087318341314544e-01,4.427144203985160509e+00,-3.666249072893780492e-02,-4.820074119700956117e-01,5.516974626442994190e-01,9.334821530429416869e-01,9.002999999999715675e-01
7.510000000000842668e+00,9.334147695534150690e-01,4.183897543757755626e-03,2.006871113706370779e-01,4.431357310860479792e+00,-3.651572659972897317e-02,-4.819897641692130752e-01,5.515696967060986777e-01,9.332992807178014383e-01,9.002999999999715675e-01
7.515000000000844338e+00,9.332331732973383476e-01,4.169842015458161653e-03,2.003626089850742698e-01,4.435569825182995807e+00,-3.636925704177702140e-02,-4.819726322353435344e-01,5.514414353330099328e-01,9.331171413276053705e-01,9.002999999999715675e-01
7.520000000000846008e+00,9.330523073475149864e-01,4.155829632215282503e-03,2.000352608729995263e-01,4.439781747035700832e+00,-3.622308360508650488e-02,-4.819560098536466719e-01,5.513126848372744693e-01,9.329357333948705699e-01,9.002999999999715675e-01
7.525000000000847677e+00,9.328721702157503071e-01,4.141860388403069936e-03,1.997051029785054943e-01,4.443993076501580042e+00,-3.607720781660499892e-02,-4.819398907537872923e-01,5.511834514866276180e-01,9.327550554344329337e-01,9.002999999999715675e-01
7.530000000000849347e+00,9.326927604063205424e-01,4.127934277459561173e-03,1.993721709949338450e-01,4.448203813663616835e+00,-3.593163118040045012e-02,-4.819242686959301913e-01,5.510537415183029974e-01,9.325751059535620779e-01,9.002999999999715675e-01
7.535000000000851017e+00,9.325140764160878559e-01,4.114051291893620899e-03,1.990365003668318755e-01,4.452413958604783950e+00,-3.578635517766173141e-02,-4.819091375168313984e-01,5.509235610929414939e-01,9.323958834520761352e-01,9.002999999999715675e-01
7.540000000000852687e+00,9.323361167346125855e-01,4.100211423291589587e-03,1.986981262905630208e-01,4.456623511408055904e+00,-3.564138126729139017e-02,-4.818944910529324721e-01,5.507929163714958554e-01,9.322173864224534423e-01,9.002999999999715675e-01
7.545000000000854357e+00,9.321588798442653756e-01,4.086414662323971728e-03,1.983570837159819300e-01,4.460832472156396555e+00,-3.549671088551389908e-02,-4.818803232250625235e-01,5.506618134305307777e-01,9.320396133499462277e-01,9.002999999999715675e-01
7.550000000000856026e+00,9.319823642203388658e-01,4.072660998752065942e-03,1.980134073474434375e-01,4.465040840932773314e+00,-3.535234544657306355e-02,-4.818666279684130638e-01,5.505302583322458920e-01,9.318625627126907451e-01,9.002999999999715675e-01
7.555000000000857696e+00,9.318065683311572700e-01,4.058950421434575143e-03,1.976671316453025296e-01,4.469248617820139380e+00,-3.520828634253176520e-02,-4.818533992774879371e-01,5.503982570795272755e-01,9.316862329818191846e-01,9.002999999999715675e-01
7.560000000000859366e+00,9.316314906381870653e-01,4.045282918334195017e-03,1.973182908268182600e-01,4.473455802901443512e+00,-3.506453494365158879e-02,-4.818406311723607560e-01,5.502658156496899045e-01,9.315106226215682517e-01,9.002999999999715675e-01
7.565000000000861036e+00,9.314571295961455721e-01,4.031658476524205108e-03,1.969669188676965998e-01,4.477662396259635358e+00,-3.492109259834074581e-02,-4.818283177362688297e-01,5.501329399568832823e-01,9.313357300893885249e-01,9.002999999999715675e-01
7.570000000000862705e+00,9.312834836531084237e-01,4.018077082195000045e-03,1.966130495030863068e-01,4.481868397977653906e+00,-3.477796063358635364e-02,-4.818164530745989160e-01,5.499996358931055207e-01,9.311615538360532573e-01,9.002999999999715675e-01
7.575000000000864375e+00,9.311105512506171467e-01,4.004538720660619916e-03,1.962567162290754508e-01,4.486073808138430152e+00,-3.463514035486227327e-02,-4.818050313500314985e-01,5.498659092930602288e-01,9.309880923057647362e-01,9.002999999999715675e-01
7.580000000000866045e+00,9.309383308237857424e-01,3.991043376365249404e-03,1.958979523035828674e-01,4.490278626824896868e+00,-3.449263304649000106e-02,-4.817940467493554979e-01,5.497317659673401913e-01,9.308153439362610859e-01,9.002999999999715675e-01
7.585000000000867715e+00,9.307668208014063804e-01,3.977591032889710859e-03,1.955367907477680578e-01,4.494482854119978832e+00,-3.435043997157562895e-02,-4.817834935214700409e-01,5.495972116644272099e-01,9.306433071589226280e-01,9.002999999999715675e-01
7.590000000000869385e+00,9.305960196060536482e-01,3.964181672957913134e-03,1.951732643473352569e-01,4.498686490106580393e+00,-3.420856237243596887e-02,-4.817733659435592397e-01,5.494622521045156027e-01,9.304719803988762417e-01,9.002999999999715675e-01
7.595000000000871054e+00,9.304259256541889123e-01,3.950815278443270927e-03,1.948074056534706833e-01,4.502889534867636101e+00,-3.406700147059237016e-02,-4.817636583296306951e-01,5.493268929709751447e-01,9.303013620750995027e-01,9.002999999999715675e-01
7.600000000000872724e+00,9.302565373562634576e-01,3.937491830375138002e-03,1.944392469843098381e-01,4.507091988486042311e+00,-3.392575846687691937e-02,-4.817543650504592656e-01,5.491911398904067987e-01,9.301314506005242677e-01,9.002999999999715675e-01
7.605000000000874394e+00,9.300878531168211838e-01,3.924211308945176231e-03,1.940688204261546701e-01,4.511293851044695380e+00,-3.378483454179521950e-02,-4.817454805008017926e-01,5.490549984654281568e-01,9.299622443821390361e-01,9.002999999999715675e-01
7.610000000000876064e+00,9.299198713346000789e-01,3.910973693513721157e-03,1.936961578343052159e-01,4.515495122626491664e+00,-3.364423085547111475e-02,-4.817369991159485276e-01,5.489184742581217913e-01,9.297937418210907579e-01,9.002999999999715675e-01
7.615000000000877733e+00,9.297525904026331389e-01,3.897778962616158839e-03,1.933212908346013670e-01,4.519695803314322191e+00,-3.350394854780568143e-02,-4.817289153924101952e-01,5.487815727693485801e-01,9.296259413127864191e-01,9.002999999999715675e-01
7.620000000000879403e+00,9.295860087083486212e-01,3.884627093969207287e-03,1.929442508245964583e-01,4.523895893191065554e+00,-3.336398873890286665e-02,-4.817212238449148365e-01,5.486442994817494201e-01,9.294588412469927396e-01,9.002999999999715675e-01
7.625000000000881073e+00,9.294201246336690758e-01,3.871518064477201364e-03,1.925650689746552235e-01,4.528095392339595016e+00,-3.322435252894501145e-02,-4.817139190307133112e-01,5.485066598354427780e-01,9.292924400079355385e-01,9.002999999999715675e-01
7.630000000000882743e+00,9.292549365551098228e-01,3.858451850238394168e-03,1.921837762290213580e-01,4.532294300842781176e+00,-3.308504099838342760e-02,-4.817069955507953805e-01,5.483686592268053328e-01,9.291267359743986542e-01,9.002999999999715675e-01
7.635000000000884413e+00,9.290904428438779838e-01,3.845428426551206376e-03,1.918004033072578662e-01,4.536492618783485753e+00,-3.294605520814525290e-02,-4.817004480518061738e-01,5.482303030065570626e-01,9.289617275198220891e-01,9.002999999999715675e-01
7.640000000000886082e+00,9.289266418659677393e-01,3.832447767920430914e-03,1.914149807052551722e-01,4.540690346244566022e+00,-3.280739619986670907e-02,-4.816942712037260987e-01,5.480915965020823899e-01,9.287974130123990424e-01,9.002999999999715675e-01
7.645000000000887752e+00,9.287635319822582503e-01,3.819509848063448038e-03,1.910275386964496447e-01,4.544887483308868603e+00,-3.266906499584219803e-02,-4.816884597261633649e-01,5.479525449911354373e-01,9.286337908151721665e-01,9.002999999999715675e-01
7.650000000000889422e+00,9.286011115486085821e-01,3.806614639916413093e-03,1.906381073327858555e-01,4.549084030059237449e+00,-3.253106259931259903e-02,-4.816830083732442924e-01,5.478131537169502741e-01,9.284708592861302678e-01,9.002999999999715675e-01
7.655000000000891092e+00,9.284393789159524069e-01,3.793762115640413046e-03,1.902467164463355342e-01,4.553279986578508520e+00,-3.239338999456110868e-02,-4.816779119500975703e-01,5.476734278717587667e-01,9.283086167783020093e-01,9.002999999999715675e-01
7.660000000000892761e+00,9.282783324303925943e-01,3.780952246627568812e-03,1.898533956500244868e-01,4.557475352949508007e+00,-3.225604814722232011e-02,-4.816731652723379442e-01,5.475333726373040610e-01,9.281470616398508344e-01,9.002999999999715675e-01
7.665000000000894431e+00,9.281179704332939151e-01,3.768185003507174436e-03,1.894581743389240625e-01,4.561670129255061212e+00,-3.211903800407368142e-02,-4.816687632207758973e-01,5.473929931301324547e-01,9.279861922141684483e-01,9.002999999999715675e-01
7.670000000000896101e+00,9.279582912613764112e-01,3.755460356151786843e-03,1.890610816915855585e-01,4.565864315577981003e+00,-3.198236049353064131e-02,-4.816647007035893546e-01,5.472522944394221378e-01,9.278260068399674099e-01,9.002999999999715675e-01
7.675000000000897771e+00,9.277992932468067666e-01,3.742778273683262675e-03,1.886621466708280070e-01,4.570057912001075806e+00,-3.184601652565750146e-02,-4.816609726567704919e-01,5.471112816265344403e-01,9.276665038513731698e-01,9.002999999999715675e-01
7.680000000000899441e+00,9.276409747172900122e-01,3.730138724478829822e-03,1.882613980251915675e-01,4.574250918607145167e+00,-3.171000699218683161e-02,-4.816575740751664059e-01,5.469699596939755493e-01,9.275076815780159967e-01,9.002999999999715675e-01
7.685000000000901110e+00,9.274833339961595646e-01,3.717541676177086533e-03,1.878588642898287864e-01,4.578443335478983300e+00,-3.157433276693803748e-02,-4.816544999708289310e-01,5.468283336270451933e-01,9.273495383451207941e-01,9.002999999999715675e-01
7.690000000000902780e+00,9.273263694024673764e-01,3.704987095683996180e-03,1.874545737880612684e-01,4.582635162699376430e+00,-3.143899470570368088e-02,-4.816517454091633343e-01,5.466864083576878919e-01,9.271920724735972508e-01,9.002999999999715675e-01
7.695000000000904450e+00,9.271700792510724209e-01,3.692474949178845608e-03,1.870485546318424730e-01,4.586826400351104560e+00,-3.130399364660103184e-02,-4.816493054657556838e-01,5.465441888076666421e-01,9.270352822801293247e-01,9.002999999999715675e-01
7.700000000000906120e+00,9.270144618527299540e-01,3.680005202120231224e-03,1.866408347234614906e-01,4.591017048516933485e+00,-3.116933040987209663e-02,-4.816471752939061046e-01,5.464016798210286074e-01,9.268791660772633945e-01,9.002999999999715675e-01
7.705000000000907789e+00,9.268595155141786668e-01,3.667577819251948389e-03,1.862314417565087143e-01,4.595207107279631664e+00,-3.103500579855130934e-02,-4.816453500462281045e-01,5.462588862425061809e-01,9.267237221734967445e-01,9.002999999999715675e-01
7.710000000000909459e+00,9.267052385382271718e-01,3.655192764608890775e-03,1.858204032167528053e-01,4.599396576721953345e+00,-3.090102059812879082e-02,-4.816438249237766089e-01,5.461158128683898383e-01,9.265689488733636070e-01,9.002999999999715675e-01
7.715000000000911129e+00,9.265516292238414886e-01,3.642850001522957969e-03,1.854077463835481221e-01,4.603585456926650110e+00,-3.076737557684645560e-02,-4.816425951761591495e-01,5.459724644464154508e-01,9.264148444775224256e-01,9.002999999999715675e-01
7.720000000000912799e+00,9.263986858662293100e-01,3.630549492628879805e-03,1.849934983308308689e-01,4.607773747976456669e+00,-3.063407148599664800e-02,-4.816416560709081418e-01,5.458288457063930066e-01,9.262614072828410094e-01,9.002999999999715675e-01
7.725000000000914469e+00,9.262464067569257109e-01,3.618291199870049806e-03,1.845776859282465265e-01,4.611961449954107728e+00,-3.050110905982952522e-02,-4.816410029193036180e-01,5.456849613343830452e-01,9.261086355824820204e-01,9.002999999999715675e-01
7.730000000000916138e+00,9.260947901838773033e-01,3.606075084504338241e-03,1.841603358421738390e-01,4.616148562942327338e+00,-3.036848901579366350e-02,-4.816406310657006529e-01,5.455408159833707860e-01,9.259565276659867950e-01,9.002999999999715675e-01
7.735000000000917808e+00,9.259438344315256142e-01,3.593901107109881334e-03,1.837414745369259916e-01,4.620335087023839549e+00,-3.023621205464173053e-02,-4.816405358944210180e-01,5.453964142663724202e-01,9.258050818193596099e-01,9.002999999999715675e-01
7.740000000000919478e+00,9.257935377808894639e-01,3.581769227590829267e-03,1.833211282757918892e-01,4.624521022281342653e+00,-3.010427886062549616e-02,-4.816407128183852748e-01,5.452517607678053491e-01,9.256542963251506162e-01,9.002999999999715675e-01
7.745000000000921148e+00,9.256438985096483441e-01,3.569679405183088551e-03,1.828993231222203197e-01,4.628706368797542048e+00,-2.997269010154730157e-02,-4.816411572888522619e-01,5.451068600337466430e-01,9.255041694625375515e-01,9.002999999999715675e-01
7.750000000000922817e+00,9.254949148922229085e-01,3.557631598460038371e-03,1.824760849406096286e-01,4.632891126655128922e+00,-2.984144642893786850e-02,-4.816418647855320589e-01,5.449617165818207987e-01,9.253546995074075632e-01,9.002999999999715675e-01
7.755000000000924487e+00,9.253465851998562419e-01,3.545625765338235227e-03,1.820514393976412348e-01,4.637075295936792685e+00,-2.971054847810932278e-02,-4.816428308404203107e-01,5.448163348773663595e-01,9.252058847324392543e-01,9.002999999999715675e-01
7.760000000000926157e+00,9.251989077006943507e-01,3.533661863083054685e-03,1.816254119636158959e-01,4.641258876725205873e+00,-2.957999686851492394e-02,-4.816440510039210476e-01,5.446707193673110403e-01,9.250577234071819532e-01,9.002999999999715675e-01
7.765000000000927827e+00,9.250518806598648780e-01,3.521739848314320558e-03,1.811980279127663185e-01,4.645441869103036581e+00,-2.944979220367614087e-02,-4.816455208463567006e-01,5.445248744786638229e-01,9.249102137981352056e-01,9.002999999999715675e-01
7.770000000000929496e+00,9.249055023395572617e-01,3.509859677011987426e-03,1.807693123250222467e-01,4.649624273152945797e+00,-2.931993507113144284e-02,-4.816472360170803158e-01,5.443788045594024627e-01,9.247633541688288217e-01,9.002999999999715675e-01
7.775000000000931166e+00,9.247597709990995618e-01,3.498021304521689145e-03,1.803392900868122373e-01,4.653806088957581188e+00,-2.919042604314443443e-02,-4.816491921550875577e-01,5.442325139678589885e-01,9.246171427799010356e-01,9.002999999999715675e-01
7.780000000000932836e+00,9.246146848950370645e-01,3.486224685560307748e-03,1.799079858920734631e-01,4.657987316599587757e+00,-2.906126567626624718e-02,-4.816513849521726898e-01,5.440860070095677736e-01,9.244715778891752223e-01,9.002999999999715675e-01
7.785000000000934506e+00,9.244702422812088871e-01,3.474469774221550580e-03,1.794754242434823954e-01,4.662167956161598070e+00,-2.893245451171127039e-02,-4.816538101342661138e-01,5.439392879559251659e-01,9.243266577517378346e-01,9.002999999999715675e-01
7.790000000000936176e+00,9.243264414088245839e-01,3.462756523981458910e-03,1.790416294532428121e-01,4.666348007726236702e+00,-2.880399307549396867e-02,-4.816564634502981668e-01,5.437923610553255793e-01,9.241823806200153424e-01,9.002999999999715675e-01
7.795000000000937845e+00,9.241832805265396411e-01,3.451084887703928256e-03,1.786066256444204803e-01,4.670527471376122897e+00,-2.867588187842476030e-02,-4.816593406984786552e-01,5.436452305068838475e-01,9.240387447438495050e-01,9.002999999999715675e-01
7.800000000000939515e+00,9.240407578805307498e-01,3.439454817646170597e-03,1.781704367517755461e-01,4.674706347193859024e+00,-2.854812141644496107e-02,-4.816624376916991412e-01,5.434979004950324377e-01,9.238957483705720897e-01,9.002999999999715675e-01
7.805000000000941185e+00,9.238988717145695251e-01,3.427866265464181352e-03,1.777330865229626577e-01,4.678884635262049230e+00,-2.842071217051883245e-02,-4.816657502893998966e-01,5.433503751576519436e-01,9.237533897450801446e-01,9.002999999999715675e-01
7.810000000000942855e+00,9.237576202700971129e-01,3.416319182218171234e-03,1.772945985193944696e-01,4.683062335663277231e+00,-2.829365460693680431e-02,-4.816692743726667669e-01,5.432026586109781618e-01,9.236116671099097175e-01,9.002999999999715675e-01
7.815000000000944524e+00,9.236170017862976866e-01,3.404813518377982490e-03,1.768549961173976615e-01,4.687239448480129411e+00,-2.816694917730008102e-02,-4.816730058659019487e-01,5.430547549279283182e-01,9.234705787053099080e-01,9.002999999999715675e-01
7.820000000000946194e+00,9.234770145001702790e-01,3.393349223828471314e-03,1.764143025092075878e-01,4.691415973795176164e+00,-2.804059631878552672e-02,-4.816769407174126827e-01,5.429066681575144271e-01,9.233301227693141433e-01,9.002999999999715675e-01
7.825000000000947864e+00,9.233376566466009461e-01,3.381926247874865975e-03,1.759725407040376721e-01,4.695591911690977227e+00,-2.791459645416259280e-02,-4.816810749101363420e-01,5.427584023141172054e-01,9.231902975378138976e-01,9.002999999999715675e-01
7.830000000000949534e+00,9.231989264584340438e-01,3.370544539248114101e-03,1.755297335289542626e-01,4.699767262250089672e+00,-2.778894999194954016e-02,-4.816854044556034276e-01,5.426099613835221325e-01,9.230511012446286356e-01,9.002999999999715675e-01
7.835000000000951204e+00,9.230608221665437263e-01,3.359204046110206548e-03,1.750859036300942972e-01,4.703942025555053696e+00,-2.766365732649406564e-02,-4.816899254056372093e-01,5.424613493112223628e-01,9.229125321215780886e-01,9.002999999999715675e-01
7.840000000000952873e+00,9.229233419999032240e-01,3.347904716059459627e-03,1.746410734735405479e-01,4.708116201688411273e+00,-2.753871883820541849e-02,-4.816946338309058828e-01,5.423125700238633495e-01,9.227745883985519759e-01,9.002999999999715675e-01
7.845000000000954543e+00,9.227864841856550093e-01,3.336646496135795611e-03,1.741952653462727207e-01,4.712289790732678618e+00,-2.741413489351252064e-02,-4.816995258421948867e-01,5.421636274079740803e-01,9.226372683035798383e-01,9.002999999999715675e-01
7.850000000000956213e+00,9.226502469491795200e-01,3.325429332825996336e-03,1.737485013573978609e-01,4.716462792770378165e+00,-2.728990584509742925e-02,-4.817045975838737948e-01,5.420145253164971866e-01,9.225005700628997607e-01,9.002999999999715675e-01
7.855000000000957883e+00,9.225146285141637703e-01,3.314253172068909112e-03,1.733008034388347773e-01,4.720635207884012807e+00,-2.716603203204552217e-02,-4.817098452178243950e-01,5.418652675848625311e-01,9.223644919010276499e-01,9.002999999999715675e-01
7.860000000000959552e+00,9.223796271026688531e-01,3.303117959260663036e-03,1.728521933467664917e-01,4.724807036156087214e+00,-2.704251377979165899e-02,-4.817152649561866617e-01,5.417158579982404021e-01,9.222290320408242925e-01,9.002999999999715675e-01
7.865000000000961222e+00,9.222452409351972191e-01,3.292023639259830659e-03,1.724026926620142730e-01,4.728978277669083852e+00,-2.691935140048786965e-02,-4.817208530129879485e-01,5.415663003399129316e-01,9.220941887035634110e-01,9.002999999999715675e-01
7.870000000000962892e+00,9.221114682307596233e-01,3.280970156392617413e-03,1.719523227916976982e-01,4.733148932505478967e+00,-2.679654519275227048e-02,-4.817266056711585476e-01,5.414165983242590352e-01,9.219599601089983887e-01,9.002999999999715675e-01
7.875000000000964562e+00,9.219783072069410723e-01,3.269957454457959531e-03,1.715011049695918111e-01,4.737319000747745257e+00,-2.667409544227865997e-02,-4.817325192011031598e-01,5.412667556781812772e-01,9.218263444754282165e-01,9.002999999999715675e-01
7.880000000000966232e+00,9.218457560799659944e-01,3.258985476732660560e-03,1.710490602576410502e-01,4.741488482478339428e+00,-2.655200242140338951e-02,-4.817385899436178454e-01,5.411167760581897523e-01,9.216933400197633297e-01,9.002999999999715675e-01
7.885000000000967901e+00,9.217138130647640759e-01,3.248054165976461093e-03,1.705962095464201578e-01,4.745657377779711972e+00,-2.643026638973747233e-02,-4.817448142343808692e-01,5.409666631259119063e-01,9.215609449575905554e-01,9.002999999999715675e-01
7.890000000000969571e+00,9.215824763750335435e-01,3.237163464437113267e-03,1.701425735566466368e-01,4.749825686734299168e+00,-2.630888759383127884e-02,-4.817511884721805138e-01,5.408164204798646679e-01,9.214291575032377279e-01,9.002999999999715675e-01
7.895000000000971241e+00,9.214517442233054467e-01,3.226313313855400620e-03,1.696881728397907074e-01,4.753993409424533745e+00,-2.618786626771623174e-02,-4.817577090506759419e-01,5.406660517236920871e-01,9.212979758698371935e-01,9.002999999999715675e-01
7.900000000000972911e+00,9.213216148210069401e-01,3.215503655470173562e-03,1.692330277790108362e-01,4.758160545932835106e+00,-2.606720263257236020e-02,-4.817643724165640573e-01,5.405155604080006393e-01,9.211673982693899809e-01,9.002999999999715675e-01
7.905000000000974580e+00,9.211920863785239000e-01,3.204734430023354914e-03,1.687771585903542204e-01,4.762327096341610222e+00,-2.594689689714421363e-02,-4.817711750451773023e-01,5.403649500547592632e-01,9.210374229128280854e-01,9.002999999999715675e-01
7.910000000000976250e+00,9.210631571052633193e-01,3.194005577764883440e-03,1.683205853236194871e-01,4.766493060733262510e+00,-2.582694925784407430e-02,-4.817781134273044774e-01,5.402142241704797065e-01,9.209080480100768629e-01,9.002999999999715675e-01
7.915000000000977920e+00,9.209348252097144805e-01,3.183317038457668651e-03,1.678633278631875558e-01,4.770658439190175848e+00,-2.570735989868825483e-02,-4.817851840888723869e-01,5.400633862265361573e-01,9.207792717701166474e-01,9.002999999999715675e-01
7.920000000000979590e+00,9.208070888995100178e-01,3.172668751382539537e-03,1.674054059291052443e-01,4.774823231794732337e+00,-2.558812899148777548e-02,-4.817923835907517716e-01,5.399124396593567576e-01,9.206510924010441466e-01,9.002999999999715675e-01
7.925000000000981260e+00,9.206799463814870910e-01,3.162060655343128246e-03,1.669468390780197709e-01,4.778987438629306972e+00,-2.546925669603723047e-02,-4.817997085140759417e-01,5.397613878851057478e-01,9.205235081101329486e-01,9.002999999999715675e-01
7.930000000000982929e+00,9.205533958617464485e-01,3.151492688670752898e-03,1.664876467040262709e-01,4.783151059776249880e+00,-2.535074316011683843e-02,-4.818071554695438907e-01,5.396102342903826843e-01,9.203965171038936965e-01,9.002999999999715675e-01
7.935000000000984599e+00,9.204274355457123802e-01,3.140964789229282184e-03,1.660278480397058831e-01,4.787314095317912077e+00,-2.523258851961601018e-02,-4.818147211011940545e-01,5.394589822284445724e-01,9.202701175881335960e-01,9.002999999999715675e-01
7.940000000000986269e+00,9.203020636381916697e-01,3.130476894419967002e-03,1.655674621568980487e-01,4.791476545336633919e+00,-2.511479289870599541e-02,-4.818224020747489122e-01,5.393076350308653177e-01,9.201443077680157012e-01,9.002999999999715675e-01
7.945000000000987939e+00,9.201772783434316594e-01,3.120028941186249981e-03,1.651065079680211767e-01,4.795638409914742439e+00,-2.499735640986469262e-02,-4.818301950939060108e-01,5.391561959912415380e-01,9.200190858481166467e-01,9.002999999999715675e-01
7.950000000000989608e+00,9.200530778651780928e-01,3.109620866018537703e-03,1.646450042264009095e-01,4.799799689134558456e+00,-2.488027915411197138e-02,-4.818380968660554986e-01,5.390046683994776933e-01,9.198944500324856000e-01,9.002999999999715675e-01
7.955000000000991278e+00,9.199294604067326242e-01,3.099252604959004589e-03,1.641829695277966794e-01,4.803960383078384133e+00,-2.476356122080678943e-02,-4.818461041628981922e-01,5.388530554811651330e-01,9.197703985247012159e-01,9.002999999999715675e-01
7.960000000000992948e+00,9.198064241710098843e-01,3.088924093606308739e-03,1.637204223108347234e-01,4.808120491828518084e+00,-2.464720268822313820e-02,-4.818542137449653429e-01,5.387013604730659377e-01,9.196469295279285916e-01,9.002999999999715675e-01
7.965000000000994618e+00,9.196839673605928800e-01,3.078635267120325997e-03,1.632573808582382657e-01,4.812280015467248262e+00,-2.453120362315889744e-02,-4.818624224316925275e-01,5.385495865530351978e-01,9.195240412449755540e-01,9.002999999999715675e-01
7.970000000000996287e+00,9.195620881777899491e-01,3.068386060226844549e-03,1.627938632975118871e-01,4.816438954076848411e+00,-2.441556408144575710e-02,-4.818707270481369931e-01,5.383977368933068330e-01,9.194017318783489490e-01,9.002999999999715675e-01
7.975000000000997957e+00,9.194407848246889392e-01,3.058176407222239560e-03,1.623298876021425086e-01,4.820597307739585169e+00,-2.430028410777594974e-02,-4.818791244615502900e-01,5.382458146239186281e-01,9.192799996303097076e-01,9.002999999999715675e-01
7.980000000000999627e+00,9.193200555032123855e-01,3.048006241978117904e-03,1.618654715921500897e-01,4.824755076537713627e+00,-2.418536373600061948e-02,-4.818876115470591137e-01,5.380938228670331114e-01,9.191588427029278030e-01,9.002999999999715675e-01
7.985000000001001297e+00,9.191998984151720231e-01,3.037875497945970692e-03,1.614006329352748736e-01,4.828912260553474667e+00,-2.407080298898870221e-02,-4.818961852284173175e-01,5.379417646961845989e-01,9.190382592981367615e-01,9.002999999999715675e-01
7.990000000001002967e+00,9.190803117623221885e-01,3.027784108161771584e-03,1.609353891475857334e-01,4.833068859869102951e+00,-2.395660187901038629e-02,-4.819048424369078432e-01,5.377896431773780961e-01,9.189182476177873982e-01,9.002999999999715675e-01
7.995000000001004636e+00,9.189612937464132214e-01,3.017732005250567742e-03,1.604697575946677779e-01,4.837224874566824262e+00,-2.384276040759410187e-02,-4.819135801486833515e-01,5.376374613317467244e-01,9.187988058637014399e-01,9.002999999999715675e-01
