time_s,x_m,v_m_s,pitch_rad,pitch_rate_rad_s,torque_Nm_each
0.000000000000000000e+00,-7.872464089251657594e-07,-1.574498735359604286e-03,8.726860503599180585e-02,4.284889056343718812e-03,0.000000000000000000e+00
5.000000000000000104e-03,-2.088286544100091129e-05,5.474011626272623152e-03,8.732957343689731755e-02,-2.338344352096701634e-03,6.000000000000000000e+00
1.000000000000000021e-02,1.733531150648192774e-04,7.222723283342601108e-02,8.702075540708276158e-02,-1.212059122490318219e-01,6.000000000000000000e+00
1.499999999999999944e-02,7.006448479702946175e-04,1.373030987581314033e-01,8.611883250749244323e-02,-2.369690415232375003e-01,5.293506245063484883e+00
2.000000000000000042e-02,1.530864452406258559e-03,1.920806672497058498e-01,8.468008411968223903e-02,-3.334654600492772403e-01,3.920489793764642794e+00
2.500000000000000139e-02,2.592906128303328755e-03,2.303246393269223757e-01,8.283762877505347622e-02,-3.990067018026899337e-01,2.692732185246206278e+00
2.999999999999999889e-02,3.808883268477823193e-03,2.543118258507807150e-01,8.073719515415681003e-02,-4.378947333214670556e-01,1.794580701131256895e+00
3.500000000000000333e-02,5.117732764979582120e-03,2.680720238404057931e-01,7.849279896361574527e-02,-4.577184552842705756e-01,1.197047785026304156e+00
4.000000000000000083e-02,6.477569477824589653e-03,2.751464839511920113e-01,7.618235216080675165e-02,-4.651425960735361409e-01,8.205002664264499090e-01
4.499999999999999833e-02,7.861744127175721714e-03,2.780989974927261521e-01,7.385509756924267533e-02,-4.649904605115076639e-01,5.906199642455314258e-01
5.000000000000000278e-02,9.254138594300014009e-03,2.786163528445059767e-01,7.154046940324328141e-02,-4.604340289161292787e-01,4.522507295833327334e-01
5.500000000000000028e-02,1.064537492534726494e-02,2.777443282454514772e-01,6.925523085222480557e-02,-4.534384805341327151e-01,3.685865931179762578e-01
5.999999999999999778e-02,1.203017483202200796e-02,2.761044137651637032e-01,6.700844511454470687e-02,-4.451702361969583355e-01,3.165874502071124863e-01
6.500000000000000222e-02,1.340566082969282292e-02,2.740538620080663068e-01,6.480467361363566325e-02,-4.362982751400107939e-01,2.824588431447064285e-01
7.000000000000000666e-02,1.477031866214484346e-02,2.717923079357586480e-01,6.264592925282796987e-02,-4.271948643611959140e-01,2.582208982229592387e-01
7.499999999999999722e-02,1.612338754845961050e-02,2.694284814872716649e-01,6.053282421011318276e-02,-4.180611627076697978e-01,2.393877719096964840e-01
8.000000000000000167e-02,1.746451283035773544e-02,2.670201524229839363e-01,5.846522368352472659e-02,-4.090024323534192097e-01,2.235009849827112316e-01
8.500000000000000611e-02,1.879355336883710426e-02,2.645972434438591536e-01,5.644260825524519826e-02,-4.000715607789613326e-01,2.092446197772071526e-01
8.999999999999999667e-02,2.011047736968366029e-02,2.621748254709979631e-01,5.446426974145783528e-02,-3.912935320664125971e-01,1.959302142456712248e-01
9.500000000000000111e-02,2.141530738321414593e-02,2.597602389250170396e-01,5.252941444205599941e-02,-3.826788372320600873e-01,1.832056041195873619e-01
1.000000000000000056e-01,2.270809197595491727e-02,2.573569025424809475e-01,5.063721616410457593e-02,-3.742306465742243904e-01,1.708945912384928489e-01
1.049999999999999961e-01,2.398889152515018205e-02,2.549663019897798200e-01,4.878684265195937231e-02,-3.659485539952940236e-01,1.589107848327553363e-01
1.100000000000000006e-01,2.525777131112313945e-02,2.525890023528349349e-01,4.697746827793194274e-02,-3.578304828564883300e-01,1.472124014827379535e-01
1.150000000000000050e-01,2.651479828407632758e-02,2.502251496202016479e-01,4.520827981806304491e-02,-3.498736293405758646e-01,1.357791337217062466e-01
1.199999999999999956e-01,2.776003962785658641e-02,2.478747112503022765e-01,4.347847884928474071e-02,-3.420749143632003664e-01,1.246006264307670253e-01
1.250000000000000000e-01,2.899356217256261053e-02,2.455375870875402267e-01,4.178728255379782902e-02,-3.344311912828863975e-01,1.136709095958394061e-01
1.300000000000000044e-01,3.021543219067496927e-02,2.432136578281493267e-01,4.013392380707191121e-02,-3.269393359956842549e-01,1.029858071080539672e-01
1.350000000000000089e-01,3.142571535586482362e-02,2.409028045234426207e-01,3.851765096535213206e-02,-3.195962824973346272e-01,9.254178828294086501e-02
1.400000000000000133e-01,3.262447676397981638e-02,2.386049153031571946e-01,3.693772754185998403e-02,-3.123990343978009232e-01,8.233549386746580323e-02
1.449999999999999900e-01,3.381178097302153102e-02,2.363198868542838449e-01,3.539343185290520777e-02,-3.053446665830008011e-01,7.236356296929701004e-02
1.499999999999999944e-01,3.498769204513244718e-02,2.340476239992651808e-01,3.388405666576731201e-02,-2.984303233222530549e-01,6.262258562000451445e-02
1.549999999999999989e-01,3.615227358494698534e-02,2.317880387586694069e-01,3.240890885885277378e-02,-2.916532154298158153e-01,5.310910238672739841e-02
1.600000000000000033e-01,3.730558877317484423e-02,2.295410494101808030e-01,3.096730909613596566e-02,-2.850106174437843087e-01,4.381961797892321847e-02
1.650000000000000078e-01,3.844770039583073062e-02,2.273065796915345049e-01,2.955859151498493528e-02,-2.784998650995486602e-01,3.475061629812991465e-02
1.700000000000000122e-01,3.957867086987799238e-02,2.250845581587551936e-01,2.818210342581094208e-02,-2.721183531183870019e-01,2.589857305458544839e-02
1.750000000000000167e-01,4.069856226599247867e-02,2.228749176704501456e-01,2.683720502210028280e-02,-2.658635332553476727e-01,1.725996540354423833e-02
1.799999999999999933e-01,4.180743632899028284e-02,2.206775949644697588e-01,2.552326909969706431e-02,-2.597329125422859208e-01,8.831279107444366810e-03
1.849999999999999978e-01,4.290535449631004139e-02,2.184925302998667884e-01,2.423968078449646735e-02,-2.537240516744421748e-01,6.090139020894695752e-04
1.900000000000000022e-01,4.399237791482612375e-02,2.163196671451674546e-01,2.298583726792688756e-02,-2.478345635042213391e-01,-7.410312367687713238e-03
1.950000000000000067e-01,4.506856745619122750e-02,2.141589519005160647e-01,2.176114754974861620e-02,-2.420621116181997101e-01,-1.523016044150499876e-02
2.000000000000000111e-01,4.613398373085678822e-02,2.120103336458117882e-01,2.056503218779366648e-02,-2.364044089820009353e-01,-2.285396690346512549e-02
2.050000000000000155e-01,4.718868710088783974e-02,2.098737639098783581e-01,1.939692305433349598e-02,-2.308592166432087145e-01,-3.028514184461773145e-02
2.099999999999999922e-01,4.823273769166937230e-02,2.077491964574852412e-01,1.825626309880138895e-02,-2.254243424858535794e-01,-3.752706682743595784e-02
2.149999999999999967e-01,4.926619540258758007e-02,2.056365870920863481e-01,1.714250611662339330e-02,-2.200976400320002191e-01,-4.458309309080949606e-02
2.200000000000000011e-01,5.028911991676073001e-02,2.035358934727469205e-01,1.605511652393082009e-02,-2.148770072871192816e-01,-5.145653995684464771e-02
2.250000000000000056e-01,5.130157070988759088e-02,2.014470749440806507e-01,1.499356913794219238e-02,-2.097603856266016809e-01,-5.815069341386747831e-02
2.300000000000000100e-01,5.230360705827588608e-02,1.993700923782247003e-01,1.395734896281463321e-02,-2.047457587211769792e-01,-6.466880485733980666e-02
2.350000000000000144e-01,5.329528804610895315e-02,1.973049080280101508e-01,1.294595098077515327e-02,-1.998311514992544002e-01,-7.101408997461677863e-02
2.399999999999999911e-01,5.427667257200452511e-02,1.952514853905715775e-01,1.195887994835186617e-02,-1.950146291443809188e-01,-7.718972776188724738e-02
2.449999999999999956e-01,5.524781935491622498e-02,1.932097890807044915e-01,1.099565019753368303e-02,-1.902942961261437638e-01,-8.319885966315922199e-02
2.500000000000000000e-01,5.620878693942479160e-02,1.911797847133296369e-01,1.005578544169527175e-02,-1.856682952629542249e-01,-8.904458882218815874e-02
2.550000000000000044e-01,5.715963370046309167e-02,1.891614387944692555e-01,9.138818586131551222e-03,-1.811348068152439372e-01,-9.472997943899581774e-02
2.600000000000000089e-01,5.810041784751614202e-02,1.871547186201786006e-01,8.244291543053129320e-03,-1.766920476076909163e-01,-1.002580562232609634e-01
2.650000000000000133e-01,5.903119742833449340e-02,1.851595921829135294e-01,7.371755050900854513e-03,-1.723382701791717764e-01,-1.056318039374231355e-01
2.700000000000000178e-01,5.995203033219700245e-02,1.831760280848479805e-01,6.520768497843933316e-03,-1.680717619592089485e-01,-1.108541670228108261e-01
2.750000000000000222e-01,6.086297429275661780e-02,1.812039954576869782e-01,5.690899749332060074e-03,-1.638908444697513567e-01,-1.159280493025684061e-01
2.800000000000000266e-01,6.176408689050052331e-02,1.792434638885496700e-01,4.881724979577672929e-03,-1.597938725511904023e-01,-1.208563137555809519e-01
2.850000000000000311e-01,6.265542555485399678e-02,1.772944033515242712e-01,4.092828506849764160e-03,-1.557792336115745024e-01,-1.256417823559669855e-01
2.899999999999999800e-01,6.353704756595542069e-02,1.753567841445227982e-01,3.323802632465728494e-03,-1.518453468980403287e-01,-1.302872359731057084e-01
2.949999999999999845e-01,6.440901005612810482e-02,1.734305768310867579e-01,2.574247483372498705e-03,-1.479906627895334614e-01,-1.347954143274687488e-01
2.999999999999999889e-01,6.527137001107274905e-02,1.715157521868173052e-01,1.843770858212738506e-03,-1.442136621099397720e-01,-1.391690159978700436e-01
3.049999999999999933e-01,6.612418427080300753e-02,1.696122811501242778e-01,1.131988076776132331e-03,-1.405128554607963098e-01,-1.434106984760293857e-01
3.099999999999999978e-01,6.696750953034492915e-02,1.677201347770085060e-01,4.385218327398558973e-04,-1.368867825727941023e-01,-1.475230782646345939e-01
3.150000000000000022e-01,6.780140234021987677e-02,1.658392841996088607e-01,-2.369979503938467321e-04,-1.333340116753257976e-01,-1.515087310153285516e-01
3.200000000000000067e-01,6.862591910672893869e-02,1.639697005882636560e-01,-8.949342602514267532e-04,-1.298531388833712163e-01,-1.553701917032918878e-01
3.250000000000000111e-01,6.944111609205606828e-02,1.621113551168510969e-01,-1.535643133518130310e-03,-1.264427876010487672e-01,-1.591099548353360760e-01
3.300000000000000155e-01,7.024704941420559234e-02,1.602642189311891674e-01,-2.159473790926157762e-03,-1.231016079411959424e-01,-1.627304746886000797e-01
3.350000000000000200e-01,7.104377504678882627e-02,1.584282631202881819e-01,-2.766768769379509933e-03,-1.198282761603738505e-01,-1.662341655771598092e-01
3.400000000000000244e-01,7.183134881867384025e-02,1.566034586902636527e-01,-3.357864051291189079e-03,-1.166214941087209689e-01,-1.696234021440411466e-01
3.450000000000000289e-01,7.260982641351095002e-02,1.547897765407279524e-01,-3.933089191205629311e-03,-1.134799886941103703e-01,-1.729005196762961050e-01
3.500000000000000333e-01,7.337926336914593617e-02,1.529871874434922396e-01,-4.492767439776558860e-03,-1.104025113600905356e-01,-1.760678144409491552e-01
3.549999999999999822e-01,7.413971507693235818e-02,1.511956620234188864e-01,-5.037215865167986133e-03,-1.073878375771164656e-01,-1.791275440397893659e-01
3.599999999999999867e-01,7.489123678095307990e-02,1.494151707412765817e-01,-5.566745471943555096e-03,-1.044347663466005799e-01,-1.820819277811189796e-01
3.649999999999999911e-01,7.563388357716085975e-02,1.476456838784586667e-01,-6.081661317507256088e-03,-1.015421197173358991e-01,-1.849331470666814026e-01
3.699999999999999956e-01,7.636771041244674874e-02,1.458871715234342226e-01,-6.582262626156278919e-03,-9.870874231386519981e-02,-1.876833457921442960e-01
3.750000000000000000e-01,7.709277208364502532e-02,1.441396035598098146e-01,-7.068842900804716070e-03,-9.593350087638968793e-02,-1.903346307595965570e-01
3.800000000000000044e-01,7.780912323648207785e-02,1.424029496558874841e-01,-7.541690032434827592e-03,-9.321528381182969669e-02,-1.928890721006488451e-01
3.850000000000000089e-01,7.851681836447663154e-02,1.406771792556120726e-01,-8.001086407330713565e-03,-9.055300075566791174e-02,-1.953487037088092459e-01
3.900000000000000133e-01,7.921591180779796737e-02,1.389622615708072106e-01,-8.447309012147406412e-03,-8.794558214422218412e-02,-1.977155236799143234e-01
3.950000000000000178e-01,7.990645775208833623e-02,1.372581655746063223e-01,-8.880629536866694457e-03,-8.539197879701124205e-02,-1.999914947594695347e-01
4.000000000000000222e-01,8.058851022725532776e-02,1.355648599959908829e-01,-9.301314475689310621e-03,-8.289116150889112855e-02,-2.021785447958465431e-01
4.050000000000000266e-01,8.126212310623955049e-02,1.338823133153531630e-01,-9.709625225911599697e-03,-8.044212065165529113e-02,-2.042785671983475271e-01
4.100000000000000311e-01,8.192735010376250848e-02,1.322104937610067699e-01,-1.010581818483320682e-02,-7.804386578480369818e-02,-2.062934213992315968e-01
4.150000000000000355e-01,8.258424477505915684e-02,1.305493693065729877e-01,-1.049014484474095239e-02,-7.569542527519994290e-02,-2.082249333188643525e-01
4.199999999999999845e-01,8.323286051459960477e-02,1.288989076691752222e-01,-1.086285188601262934e-02,-7.339584592534664775e-02,-2.100748958331973004e-01
4.249999999999999889e-01,8.387325055480356062e-02,1.272590763083788212e-01,-1.122418126838319909e-02,-7.114419261002148664e-02,-2.118450692428644755e-01
4.299999999999999933e-01,8.450546796475122413e-02,1.256298424258165403e-01,-1.157437032041452873e-02,-6.893954792102655049e-02,-2.135371817432243358e-01
4.349999999999999978e-01,8.512956564889392896e-02,1.240111729654458095e-01,-1.191365182720866868e-02,-6.678101181981417611e-02,-2.151529298947328639e-01
4.400000000000000022e-01,8.574559634576750522e-02,1.224030346143848286e-01,-1.224225411640347469e-02,-6.466770129776190645e-02,-2.166939790930734744e-01
4.450000000000000067e-01,8.635361262671122085e-02,1.208053938042801534e-01,-1.256040114248827000e-02,-6.259875004387888131e-02,-2.181619640385294989e-01
4.500000000000000111e-01,8.695366689459478604e-02,1.192182167131605325e-01,-1.286831256947616915e-02,-6.057330811973400675e-02,-2.195584892041055614e-01
4.550000000000000155e-01,8.754581138255571049e-02,1.176414692677349993e-01,-1.316620385196868269e-02,-5.859054164140515414e-02,-2.208851293019633566e-01
4.600000000000000200e-01,8.813009815274920611e-02,1.160751171460957520e-01,-1.345428631464721386e-02,-5.664963246825609200e-02,-2.221434297477614950e-01
4.650000000000000244e-01,8.870657909511250883e-02,1.145191257807894603e-01,-1.373276723022512358e-02,-5.474977789835559772e-02,-2.233349071225277094e-01
4.700000000000000289e-01,8.927530592614546512e-02,1.129734603622225830e-01,-1.400184989589311514e-02,-5.289019037036003096e-02,-2.244610496317233639e-01
4.750000000000000333e-01,8.983633018770886824e-02,1.114380858423689585e-01,-1.426173370828983170e-02,-5.107009717168756874e-02,-2.255233175611886798e-01
4.799999999999999822e-01,9.038970324584207072e-02,1.099129669387497316e-01,-1.451261423702871443e-02,-4.928874015281859561e-02,-2.265231437296871264e-01
4.849999999999999867e-01,9.093547628960102491e-02,1.083980681386580991e-01,-1.475468329681134567e-02,-4.754537544756297363e-02,-2.274619339377899063e-01
4.899999999999999911e-01,9.147370032991809785e-02,1.068933537036029918e-01,-1.498812901815670465e-02,-4.583927319914046089e-02,-2.283410674128740214e-01
4.949999999999999956e-01,9.200442619848460402e-02,1.053987876739476415e-01,-1.521313591677508903e-02,-4.416971729192635532e-02,-2.291618972500138740e-01
5.000000000000000000e-01,9.252770454665690258e-02,1.039143338737206212e-01,-1.542988496161457924e-02,-4.253600508871938773e-02,-2.299257508485867130e-01
5.050000000000000044e-01,9.304358584438696123e-02,1.024399559155786399e-01,-1.563855364160740904e-02,-4.093744717339426603e-02,-2.306339303444191469e-01
5.100000000000000089e-01,9.355212037917812196e-02,1.009756172059017854e-01,-1.583931603114274722e-02,-3.937336709880553953e-02,-2.312877130373240109e-01
5.150000000000000133e-01,9.405335825506656866e-02,9.952128095000307983e-02,-1.603234285429188874e-02,-3.784310113981449730e-02,-2.318883518138940003e-01
5.200000000000000178e-01,9.454734939162917629e-02,9.807691015743585927e-02,-1.621780154781109554e-02,-3.634599805131478317e-02,-2.324370755654344978e-01
5.250000000000000222e-01,9.503414352301799151e-02,9.664246764738350370e-02,-1.639585632294685014e-02,-3.488141883113675401e-02,-2.329350896009335925e-01
5.300000000000000266e-01,9.551379019702196937e-02,9.521791605411694670e-02,-1.656666822606754977e-02,-3.344873648771432700e-02,-2.333835760549784200e-01
5.350000000000000311e-01,9.598633877415604920e-02,9.380321783250714085e-02,-1.673039519814524881e-02,-3.204733581240221119e-02,-2.337836942905414661e-01
5.400000000000000355e-01,9.645183842677791664e-02,9.239833526357968396e-02,-1.688719213311035486e-02,-3.067661315633453747e-02,-2.341365812965760240e-01
5.450000000000000400e-01,9.691033813823271559e-02,9.100323046010068417e-02,-1.703721093510176046e-02,-2.933597621171973521e-02,-2.344433520803628768e-01
5.500000000000000444e-01,9.736188670202555739e-02,8.961786537218303927e-02,-1.718060057463433390e-02,-2.802484379746953899e-02,-2.347051000545658517e-01
5.550000000000000488e-01,9.780653272102227125e-02,8.824220179290381827e-02,-1.731750714370518252e-02,-2.674264564906331937e-02,-2.349228974189660757e-01
5.600000000000000533e-01,9.824432460667821554e-02,8.687620136392354420e-02,-1.744807390985964046e-02,-2.548882221255184197e-02,-2.350977955368460104e-01
5.650000000000000577e-01,9.867531057829506680e-02,8.551982558109925969e-02,-1.757244136923740568e-02,-2.426282444260747378e-02,-2.352308253060079735e-01
5.700000000000000622e-01,9.909953866230580832e-02,8.417303580008393682e-02,-1.769074729861887588e-02,-2.306411360453064496e-02,-2.353229975244200967e-01
5.750000000000000666e-01,9.951705669158750212e-02,8.283579324190533388e-02,-1.780312680649122001e-02,-2.189216108012492432e-02,-2.353753032504843634e-01
5.799999999999999600e-01,9.992791230480205233e-02,8.150805899851779057e-02,-1.790971238315334016e-02,-2.074644817735572799e-02,-2.353887141579329434e-01
5.849999999999999645e-01,1.003321529457644606e-01,8.018979403832139641e-02,-1.801063394987838240e-02,-1.962646594371005720e-02,-2.353641828853621221e-01
5.899999999999999689e-01,1.007298258628387955e-01,7.888095921164316182e-02,-1.810601890715215004e-02,-1.853171498317694732e-02,-2.353026433804198680e-01
5.949999999999999734e-01,1.011209781083612785e-01,7.758151525617543176e-02,-1.819599218200530777e-02,-1.746170527677063863e-02,-2.352050112386676606e-01
5.999999999999999778e-01,1.015056565380906689e-01,7.629142280236708706e-02,-1.828067627445693205e-02,-1.641595600652059894e-02,-2.350721840371396143e-01
6.049999999999999822e-01,1.018839078106851120e-01,7.501064237876385599e-02,-1.836019130308645317e-02,-1.539399538285460278e-02,-2.349050416626347892e-01
6.099999999999999867e-01,1.022557783872060366e-01,7.373913441729380847e-02,-1.843465504975093372e-02,-1.439536047530300296e-02,-2.347044466347663338e-01
6.149999999999999911e-01,1.026213145306479196e-01,7.247685925849518818e-02,-1.850418300346396913e-02,-1.341959704645434917e-02,-2.344712444238130356e-01
6.199999999999999956e-01,1.029805623054942110e-01,7.122377715668344600e-02,-1.856888840345237088e-02,-1.246625938909429014e-02,-2.342062637634063360e-01
6.250000000000000000e-01,1.033335675772990431e-01,6.997984828505524058e-02,-1.862888228140637675e-02,-1.153491016646146505e-02,-2.339103169581018549e-01
6.300000000000000044e-01,1.036803760122941009e-01,6.874503274072668590e-02,-1.868427350293878561e-02,-1.062512025555582308e-02,-2.335842001858747796e-01
6.350000000000000089e-01,1.040210330770205832e-01,6.751929054970430555e-02,-1.873516880826815029e-02,-9.736468593436456084e-03,-2.332286937955907746e-01
6.400000000000000133e-01,1.043555840379859490e-01,6.630258167178679218e-02,-1.878167285214078427e-02,-8.868542026447613288e-03,-2.328445625995033685e-01
6.450000000000000178e-01,1.046840739613448673e-01,6.509486600539587942e-02,-1.882388824300612259e-02,-8.020935162313036146e-03,-2.324325561608246160e-01
6.500000000000000222e-01,1.050065477126042035e-01,6.389610339233539604e-02,-1.886191558145959915e-02,-7.193250225040399501e-03,-2.319934090764255996e-01
6.550000000000000266e-01,1.053230499563515832e-01,6.270625362247701784e-02,-1.889585349796692876e-02,-6.385096912578890754e-03,-2.315278412547247533e-01
6.600000000000000311e-01,1.056336251560072576e-01,6.152527643837212706e-02,-1.892579868988347735e-02,-5.596092257174406330e-03,-2.310365581888127462e-01
6.650000000000000355e-01,1.059383175735988392e-01,6.035313153978894007e-02,-1.895184595778203959e-02,-4.825860488368239470e-03,-2.305202512248792079e-01
6.700000000000000400e-01,1.062371712695584502e-01,5.918977858817420223e-02,-1.897408824110209322e-02,-4.074032898586317335e-03,-2.299795978259948914e-01
6.750000000000000444e-01,1.065302301025420201e-01,5.803517721103919336e-02,-1.899261665313337066e-02,-3.340247711267351621e-03,-2.294152618313096970e-01
6.800000000000000488e-01,1.068175377292704814e-01,5.688928700626968982e-02,-1.900752051534634196e-02,-2.624149951479484710e-03,-2.288278937107261213e-01
6.850000000000000533e-01,1.070991376043921028e-01,5.575206754635968209e-02,-1.901888739108184914e-02,-1.925391318976145448e-03,-2.282181308151108867e-01
6.900000000000000577e-01,1.073750729803659015e-01,5.462347838256886162e-02,-1.902680311861209769e-02,-1.243630063642971878e-03,-2.275865976221020104e-01
6.950000000000000622e-01,1.076453869073656366e-01,5.350347904900380064e-02,-1.903135184358467624e-02,-5.785308632887736432e-04,-2.269339059775762335e-01
7.000000000000000666e-01,1.079101222332041199e-01,5.239202906662315806e-02,-1.903261605086137287e-02,7.023529626546927765e-05,-2.262606553328358194e-01
7.049999999999999600e-01,1.081693216032771909e-01,5.128908794716702940e-02,-1.903067659576303250e-02,7.029912388444982483e-04,-2.255674329775787801e-01
7.099999999999999645e-01,1.084230274605272187e-01,5.019461519701073904e-02,-1.902561273473169640e-02,1.320053713367540672e-03,-2.248548142687113727e-01
7.149999999999999689e-01,1.086712820454258099e-01,4.910857032094358837e-02,-1.901750215542092823e-02,1.921733507130881898e-03,-2.241233628550657053e-01
7.199999999999999734e-01,1.089141273959750023e-01,4.803091282587286515e-02,-1.900642100622506811e-02,2.508335556966286451e-03,-2.233736308980882879e-01
7.249999999999999778e-01,1.091516053477269432e-01,4.696160222445382865e-02,-1.899244392525789929e-02,3.080159058316448741e-03,-2.226061592885556772e-01
7.299999999999999822e-01,1.093837575338215268e-01,4.590059803864606630e-02,-1.897564406879106991e-02,3.637497572267675474e-03,-2.218214778593808334e-01
7.349999999999999867e-01,1.096106253850416129e-01,4.484785980319694332e-02,-1.895609313916237978e-02,4.180639130579154143e-03,-2.210201055945698045e-01
7.399999999999999911e-01,1.098322501298854281e-01,4.380334706905284620e-02,-1.893386141216385141e-02,4.709866338747342729e-03,-2.202025508343925242e-01
7.449999999999999956e-01,1.100486727946558968e-01,4.276701940669889318e-02,-1.890901776391933076e-02,5.225456477143186791e-03,-2.193693114768256458e-01
7.500000000000000000e-01,1.102599342035665148e-01,4.173883640942788881e-02,-1.888162969726110349e-02,5.727681600259120279e-03,-2.185208751753324186e-01
7.550000000000000044e-01,1.104660749788633906e-01,4.071875769653927196e-02,-1.885176336761496332e-02,6.216808634102012100e-03,-2.176577195330268721e-01
7.600000000000000089e-01,1.106671355409630242e-01,3.970674291646890397e-02,-1.881948360840286771e-02,6.693099471767331894e-03,-2.167803122932985271e-01
7.650000000000000133e-01,1.108631561086056150e-01,3.870275174985062655e-02,-1.878485395597219443e-02,7.156811067229344389e-03,-2.158891115269410410e-01
7.700000000000000178e-01,1.110541766990236351e-01,3.770674391251022800e-02,-1.874793667406044959e-02,7.608195527381160332e-03,-2.149845658158544837e-01
7.750000000000000222e-01,1.112402371281249885e-01,3.671867915839296254e-02,-1.870879277780406608e-02,8.047500202357985369e-03,-2.140671144333696485e-01
7.800000000000000266e-01,1.114213770106907420e-01,3.573851728242533055e-02,-1.866748205729983068e-02,8.474967774176054777e-03,-2.131371875212566269e-01
7.850000000000000311e-01,1.115976357605871078e-01,3.476621812331216060e-02,-1.862406310072724225e-02,8.890836343719211998e-03,-2.121952062634755998e-01
7.900000000000000355e-01,1.117690525909910415e-01,3.380174156626982590e-02,-1.857859331704000971e-02,9.295339516104403690e-03,-2.112415830567171970e-01
7.950000000000000400e-01,1.119356665146295227e-01,3.284504754569658042e-02,-1.853112895823473202e-02,9.688706484456674484e-03,-2.102767216777958748e-01
8.000000000000000444e-01,1.120975163440319500e-01,3.189609604778097934e-02,-1.848172514120459062e-02,1.007116211212369730e-02,-2.093010174479503216e-01
8.050000000000000488e-01,1.122546406917954709e-01,3.095484711304929276e-02,-1.843043586918582943e-02,1.044292701335932348e-02,-2.083148573940961368e-01
8.100000000000000533e-01,1.124070779708628703e-01,3.002126083885283889e-02,-1.837731405280457198e-02,1.080421763250488144e-02,-2.073186204070954497e-01
8.150000000000000577e-01,1.125548663948127137e-01,2.909529738179629163e-02,-1.832241153073144863e-02,1.115524632169657797e-02,-2.063126773970853090e-01
8.200000000000000622e-01,1.126980439781615495e-01,2.817691696010780553e-02,-1.826577908995128882e-02,1.149622141712664317e-02,-2.052973914459252647e-01
8.250000000000000666e-01,1.128366485366778527e-01,2.726607985595200234e-02,-1.820746648565508413e-02,1.182734731388541613e-02,-2.042731179568081090e-01
8.300000000000000711e-01,1.129707176877072505e-01,2.636274641768670060e-02,-1.814752246076125827e-02,1.214882453941099408e-02,-2.032402048010875095e-01
8.349999999999999645e-01,1.131002888505090176e-01,2.546687706206440457e-02,-1.808599476507304071e-02,1.246084982557250573e-02,-2.021989924623739943e-01
8.399999999999999689e-01,1.132253992466034226e-01,2.457843227637943398e-02,-1.802293017407888970e-02,1.276361617941269497e-02,-2.011498141779413940e-01
8.449999999999999734e-01,1.133460859001296228e-01,2.369737262056169358e-02,-1.795837450740241786e-02,1.305731295257482952e-02,-2.000929960774993632e-01
8.499999999999999778e-01,1.134623856382139667e-01,2.282365872921799169e-02,-1.789237264690847137e-02,1.334212590943857808e-02,-1.990288573193745858e-01
8.549999999999999822e-01,1.135743350913483302e-01,2.195725131362177840e-02,-1.782496855447167697e-02,1.361823729398901374e-02,-1.979577102241485698e-01
8.599999999999999867e-01,1.136819706937782920e-01,2.109811116365238950e-02,-1.775620528941379214e-02,1.388582589544237571e-02,-1.968798604057983848e-01
8.649999999999999911e-01,1.137853286839008715e-01,2.024619914968449341e-02,-1.768612502561597161e-02,1.414506711265182612e-02,-1.957956069003841393e-01
8.699999999999999956e-01,1.138844451046716055e-01,1.940147622442882705e-02,-1.761476906831200076e-02,1.439613301731595789e-02,-1.947052422923324921e-01
8.750000000000000000e-01,1.139793558040206461e-01,1.856390342472499441e-02,-1.754217787056844974e-02,1.463919241601243683e-02,-1.936090528383507536e-01
8.800000000000000044e-01,1.140700964352778651e-01,1.773344187328729227e-02,-1.746839104945755242e-02,1.487441091107860082e-02,-1.925073185890254779e-01
8.850000000000000089e-01,1.141567024576063683e-01,1.691005278040438181e-02,-1.739344740192850375e-02,1.510195096036058386e-02,-1.914003135081380480e-01
8.900000000000000133e-01,1.142392091364445306e-01,1.609369744559373261e-02,-1.731738492038280286e-02,1.532197193585197771e-02,-1.902883055897476861e-01
8.950000000000000178e-01,1.143176515439562196e-01,1.528433725921160037e-02,-1.724024080795914793e-02,1.553463018124277492e-02,-1.891715569730749447e-01
9.000000000000000222e-01,1.143920645594887625e-01,1.448193370401951521e-02,-1.716205149353328477e-02,1.574007906839879761e-02,-1.880503240552323374e-01
9.050000000000000266e-01,1.144624828700388924e-01,1.368644835670797602e-02,-1.708285264643803758e-02,1.593846905279159079e-02,-1.869248576018409103e-01
9.100000000000000311e-01,1.145289409707259953e-01,1.289784288937824257e-02,-1.700267919090881624e-02,1.612994772789830625e-02,-1.857954028555651727e-01
9.150000000000000355e-01,1.145914731652728641e-01,1.211607907098304245e-02,-1.692156532025965512e-02,1.631465987859066075e-02,-1.846621996426131562e-01
9.200000000000000400e-01,1.146501135664933640e-01,1.134111876872697863e-02,-1.683954451079478637e-02,1.649274753353179718e-02,-1.835254824772341864e-01
9.250000000000000444e-01,1.147048960967870651e-01,1.057292394942738883e-02,-1.675664953546068467e-02,1.666435001659952869e-02,-1.823854806642547788e-01
9.300000000000000488e-01,1.147558544886407017e-01,9.811456680836491001e-03,-1.667291247724337136e-02,1.682960399735401388e-02,-1.812424183996853566e-01
9.350000000000000533e-01,1.148030222851360166e-01,9.056679132925524525e-03,-1.658836474231575528e-02,1.698864354056761963e-02,-1.800965148694358420e-01
9.400000000000000577e-01,1.148464328404638635e-01,8.308553579131676414e-03,-1.650303707293962821e-02,1.714160015483442295e-02,-1.789479843461754816e-01
9.450000000000000622e-01,1.148861193204447351e-01,7.567042397568488066e-03,-1.641695956012687030e-02,1.728860284027643190e-02,-1.777970362843698804e-01
9.500000000000000666e-01,1.149221147030548840e-01,6.832108072200520667e-03,-1.633016165606434103e-02,1.742977813536327955e-02,-1.766438754135302713e-01
9.550000000000000711e-01,1.149544517789585774e-01,6.103713193982945352e-03,-1.624267218630689666e-02,1.756525016286185001e-02,-1.754887018297066892e-01
9.599999999999999645e-01,1.149831631520456809e-01,5.381820461966796247e-03,-1.615451936174273559e-02,1.769514067493204584e-02,-1.743317110852631580e-01
9.649999999999999689e-01,1.150082812399749466e-01,4.666392684370542117e-03,-1.606573079033543627e-02,1.781956909738446893e-02,-1.731730942769560966e-01
9.699999999999999734e-01,1.150298382747222542e-01,3.957392779618699140e-03,-1.597633348864670524e-02,1.793865257311562031e-02,-1.720130381323610458e-01
9.749999999999999778e-01,1.150478663031343496e-01,3.254783777348108434e-03,-1.588635389314402291e-02,1.805250600473584308e-02,-1.708517250946677279e-01
9.799999999999999822e-01,1.150623971874872170e-01,2.558528819382552277e-03,-1.579581787129712839e-02,1.816124209640505513e-02,-1.696893334058784675e-01
9.849999999999999867e-01,1.150734626060493648e-01,1.868591160676368219e-03,-1.570475073246726389e-02,1.826497139489085750e-02,-1.685260371884422514e-01
9.899999999999999911e-01,1.150810940536498017e-01,1.184934170227646983e-03,-1.561317723859303834e-02,1.836380232986359676e-02,-1.673620065253475508e-01
9.949999999999999956e-01,1.150853228422504398e-01,5.075213319616785589e-04,-1.552112161467670420e-02,1.845784125344242244e-02,-1.661974075387087912e-01
1.000000000000000000e+00,1.150861801015228558e-01,-1.636837544147699917e-04,-1.542860755907455618e-02,1.854719247900626922e-02,-1.650324024668676504e-01
1.005000000000000115e+00,1.150836967794292565e-01,-8.287173725877148862e-04,-1.533565825359507404e-02,1.863195831928338847e-02,-1.638671497400465971e-01
1.010000000000000009e+00,1.150779036428075108e-01,-1.487615688838213107e-03,-1.524229637340839515e-02,1.871223912373283157e-02,-1.627018040545739064e-01
1.015000000000000124e+00,1.150688312779600680e-01,-2.140414751272013121e-03,-1.514854409677062266e-02,1.878813331523106200e-02,-1.615365164457085723e-01
1.020000000000000018e+00,1.150565100912467192e-01,-2.787150489076030500e-03,-1.505442311456641098e-02,1.885973742607644291e-02,-1.603714343590951219e-01
1.024999999999999911e+00,1.150409703096809816e-01,-3.427858711801114351e-03,-1.495995463967322338e-02,1.892714613332443022e-02,-1.592067017208686486e-01
1.030000000000000027e+00,1.150222419815299518e-01,-4.062575108670540142e-03,-1.486515941615053522e-02,1.899045229346577740e-02,-1.580424590064397894e-01
1.034999999999999920e+00,1.150003549769176708e-01,-4.691335247913709997e-03,-1.477005772825728223e-02,1.904974697645994697e-02,-1.568788433079820743e-01
1.040000000000000036e+00,1.149753389884316662e-01,-5.314174576124528794e-03,-1.467466940930072308e-02,1.910511949913574689e-02,-1.557159884006465156e-01
1.044999999999999929e+00,1.149472235317326174e-01,-5.931128417643947125e-03,-1.457901385031985624e-02,1.915665745797084929e-02,-1.545540248075268630e-01
1.050000000000000044e+00,1.149160379461671710e-01,-6.542231973966152435e-03,-1.448311000860648227e-02,1.920444676126178973e-02,-1.533930798634013659e-01
1.054999999999999938e+00,1.148818113953835596e-01,-7.147520323167944750e-03,-1.438697641606688678e-02,1.924857166069568470e-02,-1.522332777772709145e-01
1.060000000000000053e+00,1.148445728679500927e-01,-7.747028419360794775e-03,-1.429063118742716736e-02,1.928911478233484925e-02,-1.510747396937179299e-01
1.064999999999999947e+00,1.148043511779762160e-01,-8.340791092165103851e-03,-1.419409202828506890e-02,1.932615715702511519e-02,-1.499175837531068201e-01
1.070000000000000062e+00,1.147611749657362623e-01,-8.928843046206193929e-03,-1.409737624301120144e-02,1.935977825023859483e-02,-1.487619251506502593e-01
1.074999999999999956e+00,1.147150726982956725e-01,-9.511218860631614688e-03,-1.400050074250242839e-02,1.939005599136139207e-02,-1.476078761943614148e-01
1.080000000000000071e+00,1.146660726701394656e-01,-1.008795298864927255e-02,-1.390348205179019712e-02,1.941706680243654795e-02,-1.464555463619099940e-01
1.084999999999999964e+00,1.146142030038030807e-01,-1.065907975708596175e-02,-1.380633631750647489e-02,1.944088562637228193e-02,-1.453050423564078986e-01
1.090000000000000080e+00,1.145594916505053296e-01,-1.122463336596586127e-02,-1.370907931520999080e-02,1.946158595462550364e-02,-1.441564681611417487e-01
1.094999999999999973e+00,1.145019663907833468e-01,-1.178464788810859240e-02,-1.361172645657531682e-02,1.947923985437036154e-02,-1.430099250932728161e-01
1.100000000000000089e+00,1.144416548351296498e-01,-1.233915726874641565e-02,-1.351429279644740175e-02,1.949391799516128967e-02,-1.418655118565222972e-01
1.104999999999999982e+00,1.143785844246309330e-01,-1.288819532516014173e-02,-1.341679303976401998e-02,1.950568967510002763e-02,-1.407233245928623533e-01
1.110000000000000098e+00,1.143127824316086949e-01,-1.343179574633338730e-02,-1.331924154834861207e-02,1.951462284651573134e-02,-1.395834569332340402e-01
1.114999999999999991e+00,1.142442759602615709e-01,-1.396999209262478510e-02,-1.322165234757592331e-02,1.952078414116732719e-02,-1.384460000473042018e-01
1.120000000000000107e+00,1.141730919473091244e-01,-1.450281779545774426e-02,-1.312403913291280456e-02,1.952423889497685583e-02,-1.373110426922856397e-01
1.125000000000000000e+00,1.140992571626373853e-01,-1.503030615702741386e-02,-1.302641527633650181e-02,1.952505117230259046e-02,-1.361786712608345495e-01
1.130000000000000115e+00,1.140227982099456250e-01,-1.555249035002446469e-02,-1.292879383263271370e-02,1.952328378976043999e-02,-1.350489698280438466e-01
1.135000000000000009e+00,1.139437415273944904e-01,-1.606940341737533168e-02,-1.283118754557565667e-02,1.951899833960204014e-02,-1.339220201975500624e-01
1.140000000000000124e+00,1.138621133882554703e-01,-1.658107827199859982e-02,-1.273360885399232520e-02,1.951225521265777599e-02,-1.327979019467675770e-01
1.145000000000000018e+00,1.137779399015614729e-01,-1.708754769657711697e-02,-1.263606989771311542e-02,1.950311362085273281e-02,-1.316766924712705344e-01
1.150000000000000133e+00,1.136912470127585534e-01,-1.758884434334556657e-02,-1.253858252341091307e-02,1.949163161930363847e-02,-1.305584670283364002e-01
1.155000000000000027e+00,1.136020605043586151e-01,-1.808500073389314802e-02,-1.244115829033073592e-02,1.947786612800446460e-02,-1.294432987796662327e-01
1.159999999999999920e+00,1.135104059965931500e-01,-1.857604925898102485e-02,-1.234380847591195172e-02,1.946187295310839588e-02,-1.283312588332983506e-01
1.165000000000000036e+00,1.134163089480676873e-01,-1.906202217837421262e-02,-1.224654408130509443e-02,1.944370680781360577e-02,-1.272224162847301054e-01
1.169999999999999929e+00,1.133197946564173247e-01,-1.954295162068764996e-02,-1.214937583678520755e-02,1.942342133286023217e-02,-1.261168382572640245e-01
1.175000000000000044e+00,1.132208882589626486e-01,-2.001886958324609889e-02,-1.205231420706367670e-02,1.940106911664581102e-02,-1.250145899415896489e-01
1.179999999999999938e+00,1.131196147333665691e-01,-2.048980793195758626e-02,-1.195536939650042318e-02,1.937670171496615884e-02,-1.239157346346185795e-01
1.185000000000000053e+00,1.130159988982917252e-01,-2.095579840120008475e-02,-1.185855135421829201e-02,1.935036967038874373e-02,-1.228203337775867349e-01
1.189999999999999947e+00,1.129100654140583332e-01,-2.141687259372120067e-02,-1.176186977912151675e-02,1.932212253126536911e-02,-1.217284469934337282e-01
1.195000000000000062e+00,1.128018387833025216e-01,-2.187306198055048723e-02,-1.166533412481998017e-02,1.929200887039081436e-02,-1.206401321234777113e-01
1.199999999999999956e+00,1.126913433516352064e-01,-2.232439790092420953e-02,-1.156895360446105921e-02,1.926007630331406234e-02,-1.195554452633981052e-01
1.205000000000000071e+00,1.125786033083011201e-01,-2.277091156222224924e-02,-1.147273719547077346e-02,1.922637150630856356e-02,-1.184744407985339892e-01
1.209999999999999964e+00,1.124636426868382832e-01,-2.321263403991682267e-02,-1.137669364420591973e-02,1.919094023400784096e-02,-1.173971714385193960e-01
1.215000000000000080e+00,1.123464853657375889e-01,-2.364959627753289440e-02,-1.128083147051885636e-02,1.915382733671269419e-02,-1.163236882512610482e-01
1.219999999999999973e+00,1.122271550691026215e-01,-2.408182908661988392e-02,-1.118515897223655402e-02,1.911507677737609573e-02,-1.152540406962747482e-01
1.225000000000000089e+00,1.121056753673095596e-01,-2.450936314673452313e-02,-1.108968422955551418e-02,1.907473164827172551e-02,-1.141882766573908553e-01
1.229999999999999982e+00,1.119820696776672175e-01,-2.493222900543455925e-02,-1.099441510935413209e-02,1.903283418735215310e-02,-1.131264424748407299e-01
1.235000000000000098e+00,1.118563612650769479e-01,-2.535045707828309514e-02,-1.089935926942402905e-02,1.898942579430222197e-02,-1.120685829767350955e-01
1.239999999999999991e+00,1.117285732426925859e-01,-2.576407764886331359e-02,-1.080452416262186674e-02,1.894454704629350630e-02,-1.110147415099505125e-01
1.245000000000000107e+00,1.115987285725803524e-01,-2.617312086880334981e-02,-1.070991704094312325e-02,1.889823771344533235e-02,-1.099649599704274755e-01
1.250000000000000000e+00,1.114668500663784506e-01,-2.657761675781116287e-02,-1.061554495951929147e-02,1.885053677399775932e-02,-1.089192788328957606e-01
1.255000000000000115e+00,1.113329603859566225e-01,-2.697759520371904168e-02,-1.052141478053992239e-02,1.880148242920193224e-02,-1.078777371800383328e-01
1.260000000000000009e+00,1.111970820440753432e-01,-2.737308596253766602e-02,-1.042753317710090957e-02,1.875111211793308030e-02,-1.068403727311022650e-01
1.265000000000000124e+00,1.110592374050447528e-01,-2.776411865851944466e-02,-1.033390663698038545e-02,1.869946253103125719e-02,-1.058072218699679518e-01
1.270000000000000018e+00,1.109194486853833511e-01,-2.815072278423091587e-02,-1.024054146634359626e-02,1.864656962537494800e-02,-1.047783196726866650e-01
1.275000000000000133e+00,1.107777379544761243e-01,-2.853292770063406425e-02,-1.014744379337806195e-02,1.859246863769245875e-02,-1.037536999344956246e-01
1.280000000000000027e+00,1.106341271352323935e-01,-2.891076263717628006e-02,-1.005461957186031680e-02,1.853719409811600827e-02,-1.027333951963229214e-01
1.284999999999999920e+00,1.104886380047431366e-01,-2.928425669188881517e-02,-9.962074584655528434e-03,1.848077984348328248e-02,-1.017174367707886357e-01
1.290000000000000036e+00,1.103412921949377679e-01,-2.965343883149353793e-02,-9.869814447151218154e-03,1.842325903039116614e-02,-1.007058547677132376e-01
1.294999999999999929e+00,1.101921111932404329e-01,-3.001833789151776496e-02,-9.777844610626319419e-03,1.836466414800622809e-02,-9.969867811914394362e-02
1.300000000000000044e+00,1.100411163432256229e-01,-3.037898257641705874e-02,-9.686170365556806203e-03,1.830502703063652953e-02,-9.869593460390307937e-02
1.304999999999999938e+00,1.098883288452732615e-01,-3.073540145970571347e-02,-9.594796844859023940e-03,1.824437887006915074e-02,-9.769765087167571471e-02
1.310000000000000053e+00,1.097337697572230569e-01,-3.108762298409484259e-02,-9.503729027071925253e-03,1.818275022767786714e-02,-9.670385246663608381e-02
1.314999999999999947e+00,1.095774599950280759e-01,-3.143567546163784227e-02,-9.412971739479315467e-03,1.812017104630515851e-02,-9.571456385062737660e-02
1.320000000000000062e+00,1.094194203334077353e-01,-3.177958707388306436e-02,-9.322529661173270185e-03,1.805667066192280859e-02,-9.472980842590165984e-02
1.324999999999999956e+00,1.092596714064999197e-01,-3.211938587203353596e-02,-9.232407326059774433e-03,1.799227781507520274e-02,-9.374960855742769938e-02
1.330000000000000071e+00,1.090982337085122378e-01,-3.245509977711363153e-02,-9.142609125807688378e-03,1.792702066210937265e-02,-9.277398559477524620e-02
1.334999999999999964e+00,1.089351275943725023e-01,-3.278675658014237881e-02,-9.053139312742082209e-03,1.786092678619572924e-02,-9.180295989358408515e-02
1.340000000000000080e+00,1.087703732803783074e-01,-3.311438394231340510e-02,-8.964002002682993145e-03,1.779402320814341132e-02,-9.083655083662475760e-02
1.344999999999999973e+00,1.086039908448456909e-01,-3.343800939518130205e-02,-8.875201177730598565e-03,1.772633639701408359e-02,-8.987477685445910414e-02
1.350000000000000089e+00,1.084360002287568514e-01,-3.375766034085420780e-02,-8.786740688997820084e-03,1.765789228053787213e-02,-8.891765544570848223e-02
1.354999999999999982e+00,1.082664212364068818e-01,-3.407336405219258540e-02,-8.698624259291354299e-03,1.758871625533519126e-02,-8.796520319693451606e-02
1.360000000000000098e+00,1.080952735360494604e-01,-3.438514767301389941e-02,-8.610855485742033993e-03,1.751883319694801794e-02,-8.701743580214589546e-02
1.364999999999999991e+00,1.079225766605415721e-01,-3.469303821830316964e-02,-8.523437842385539823e-03,1.744826746968419079e-02,-8.607436808192979460e-02
1.370000000000000107e+00,1.077483500079871315e-01,-3.499706257442925655e-02,-8.436374682694324639e-03,1.737704293627824470e-02,-8.513601400222194082e-02
1.375000000000000000e+00,1.075726128423794697e-01,-3.529724749936661438e-02,-8.349669242061701080e-03,1.730518296737212566e-02,-8.420238669271738752e-02
1.380000000000000115e+00,1.073953842942427933e-01,-3.559361962292256071e-02,-8.263324640238961516e-03,1.723271045081915462e-02,-8.327349846493233010e-02
1.385000000000000009e+00,1.072166833612723663e-01,-3.588620544696977110e-02,-8.177343883726416809e-03,1.715964780081460569e-02,-8.234936082992114215e-02
1.390000000000000124e+00,1.070365289089736521e-01,-3.617503134568398476e-02,-8.091729868119202154e-03,1.708601696685603868e-02,-8.142998451565590379e-02
1.395000000000000018e+00,1.068549396713001226e-01,-3.646012356578676172e-02,-8.006485380408717364e-03,1.701183944253658112e-02,-8.051537948407364031e-02
1.400000000000000133e+00,1.066719342512899849e-01,-3.674150822679305567e-02,-7.921613101240483970e-03,1.693713627417428591e-02,-7.960555494780124919e-02
1.405000000000000027e+00,1.064875311217015064e-01,-3.701921132126374803e-02,-7.837115607129291686e-03,1.686192806928063503e-02,-7.870051938655744928e-02
1.409999999999999920e+00,1.063017486256472438e-01,-3.729325871506269929e-02,-7.752995372632370645e-03,1.678623500487109316e-02,-7.780028056324532482e-02
1.415000000000000036e+00,1.061146049772267314e-01,-3.756367614761847024e-02,-7.669254772481416856e-03,1.671007683562078863e-02,-7.690484553973532533e-02
1.419999999999999929e+00,1.059261182621581004e-01,-3.783048923219043541e-02,-7.585896083674215085e-03,1.663347290186805924e-02,-7.601422069234751999e-02
1.425000000000000044e+00,1.057363064384082008e-01,-3.809372345613925431e-02,-7.502921487526617236e-03,1.655644213746882906e-02,-7.512841172703935144e-02
1.429999999999999938e+00,1.055451873368214444e-01,-3.835340418120151973e-02,-7.420333071685616087e-03,1.647900307750450877e-02,-7.424742369430109568e-02
1.435000000000000053e+00,1.053527786617471373e-01,-3.860955664376862495e-02,-7.338132832104242963e-03,1.640117386584616019e-02,-7.337126100376697990e-02
1.439999999999999947e+00,1.051590979916656038e-01,-3.886220595516953064e-02,-7.256322674978998855e-03,1.632297226257763134e-02,-7.249992743854827282e-02
1.445000000000000062e+00,1.049641627798127558e-01,-3.911137710195750766e-02,-7.174904418650511137e-03,1.624441565128028134e-02,-7.163342616929065099e-02
1.449999999999999956e+00,1.047679903548031644e-01,-3.935709494620068943e-02,-7.093879795468114972e-03,1.616552104618182439e-02,-7.077175976796189205e-02
1.455000000000000071e+00,1.045705979212518261e-01,-3.959938422577626016e-02,-7.013250453619018603e-03,1.608630509917188117e-02,-6.991493022137790225e-02
1.459999999999999964e+00,1.043720025603943335e-01,-3.983826955466836933e-02,-6.933017958922726466e-03,1.600678410668671114e-02,-6.906293894446706438e-02
1.465000000000000080e+00,1.041722212307056444e-01,-4.007377542326946707e-02,-6.853183796591351580e-03,1.592697401646553726e-02,-6.821578679328189898e-02
1.469999999999999973e+00,1.039712707685171988e-01,-4.030592619868506032e-02,-6.773749372956467708e-03,1.584689043418086030e-02,-6.737347407775955144e-02
1.475000000000000089e+00,1.037691678886326629e-01,-4.053474612504186919e-02,-6.694716017163121480e-03,1.576654862994512907e-02,-6.653600057423895986e-02
1.479999999999999982e+00,1.035659291849419378e-01,-4.076025932379918199e-02,-6.616084982831614211e-03,1.568596354469604243e-02,-6.570336553773720167e-02
1.485000000000000098e+00,1.033615711310338081e-01,-4.098248979406334674e-02,-6.537857449687652783e-03,1.560514979646278333e-02,-6.487556771399016764e-02
1.489999999999999991e+00,1.031561100808068426e-01,-4.120146141290533665e-02,-6.460034525161468047e-03,1.552412168651534294e-02,-6.405260535126056087e-02
1.495000000000000107e+00,1.029495622690788370e-01,-4.141719793568131303e-02,-6.382617245956471487e-03,1.544289320539917951e-02,-6.323447621192115897e-02
1.500000000000000000e+00,1.027419438121944945e-01,-4.162972299635605417e-02,-6.305606579588014793e-03,1.536147803885729718e-02,-6.242117758381280496e-02
1.505000000000000115e+00,1.025332707086316492e-01,-4.183906010782923596e-02,-6.229003425892830868e-03,1.527988957364185760e-02,-6.161270629138537042e-02
1.510000000000000009e+00,1.023235588396056717e-01,-4.204523266226440487e-02,-6.152808618509677564e-03,1.519814090321738517e-02,-6.080905870662296764e-02
1.515000000000000124e+00,1.021128239696724310e-01,-4.224826393142064318e-02,-6.077022926331734909e-03,1.511624483335758350e-02,-6.001023075976034959e-02
1.520000000000000018e+00,1.019010817473293973e-01,-4.244817706698676696e-02,-6.001647054931277120e-03,1.503421388763775263e-02,-5.921621794979067821e-02
1.525000000000000133e+00,1.016883477056152035e-01,-4.264499510091809831e-02,-5.926681647957147622e-03,1.495206031282473279e-02,-5.842701535477133612e-02
1.530000000000000027e+00,1.014746372627073900e-01,-4.283874094577559688e-02,-5.852127288505528865e-03,1.486979608416628788e-02,-5.764261764193104320e-02
1.535000000000000142e+00,1.012599657225186078e-01,-4.302943739506737142e-02,-5.777984500464516081e-03,1.478743291058182141e-02,-5.686301907758116447e-02
1.540000000000000036e+00,1.010443482752909350e-01,-4.321710712359248807e-02,-5.704253749832979836e-03,1.470498223975623582e-02,-5.608821353683627470e-02
1.544999999999999929e+00,1.008277999981886525e-01,-4.340177268778698527e-02,-5.630935446014200506e-03,1.462245526313877761e-02,-5.531819451314574920e-02
1.550000000000000044e+00,1.006103358558891048e-01,-4.358345652607203274e-02,-5.558029943084736094e-03,1.453986292084857163e-02,-5.455295512764068294e-02
1.554999999999999938e+00,1.003919707011719370e-01,-4.376218095920417911e-02,-5.485537541038997857e-03,1.445721590648864525e-02,-5.379248813830087017e-02
1.560000000000000053e+00,1.001727192755065415e-01,-4.393796819062758402e-02,-5.413458487009979551e-03,1.437452467187013729e-02,-5.303678594894365578e-02
1.564999999999999947e+00,9.995259620963771463e-02,-4.411084030682824869e-02,-5.341792976466586129e-03,1.429179943164832732e-02,-5.228584061803723954e-02
1.570000000000000062e+00,9.973161602416955041e-02,-4.428081927769006443e-02,-5.270541154387998160e-03,1.420905016787217014e-02,-5.153964386734530972e-02
1.574999999999999956e+00,9.950979313014755856e-02,-4.444792695685276934e-02,-5.199703116415502202e-03,1.412628663444892400e-02,-5.079818709040057750e-02
1.580000000000000071e+00,9.928714182963903345e-02,-4.461218508207159816e-02,-5.129278909982213849e-03,1.404351836152544462e-02,-5.006146136081678077e-02
1.584999999999999964e+00,9.906367631631146642e-02,-4.477361527557862514e-02,-5.059268535421086385e-03,1.396075465978773196e-02,-4.932945744043701342e-02
1.590000000000000080e+00,9.883941067600937602e-02,-4.493223904444584860e-02,-4.989671947051631772e-03,1.387800462468023396e-02,-4.860216578732381304e-02
1.594999999999999973e+00,9.861435888732911215e-02,-4.508807778094975349e-02,-4.920489054245745161e-03,1.379527714054637304e-02,-4.787957656359307507e-02
1.600000000000000089e+00,9.838853482219192537e-02,-4.524115276293744214e-02,-4.851719722473011968e-03,1.371258088469181485e-02,-4.716167964309676136e-02
1.604999999999999982e+00,9.816195224641524608e-02,-4.539148515419427071e-02,-4.783363774325895615e-03,1.362992433137186904e-02,-4.644846461895399403e-02
1.610000000000000098e+00,9.793462482028199301e-02,-4.553909600481286651e-02,-4.715420990525170247e-03,1.354731575570449799e-02,-4.573992081093599532e-02
1.614999999999999991e+00,9.770656609910818857e-02,-4.568400625156349842e-02,-4.647891110905976592e-03,1.346476323751023135e-02,-4.503603727270578949e-02
1.620000000000000107e+00,9.747778953380858979e-02,-4.582623671826584894e-02,-4.580773835384856565e-03,1.338227466508043299e-02,-4.433680279891685783e-02
1.625000000000000000e+00,9.724830847146047341e-02,-4.596580811616190337e-02,-4.514068824908117061e-03,1.329985773887518846e-02,-4.364220593217287697e-02
1.630000000000000115e+00,9.701813615586571404e-02,-4.610274104429021996e-02,-4.447775702381888928e-03,1.321751997515217651e-02,-4.295223496985060840e-02
1.635000000000000009e+00,9.678728572811072517e-02,-4.623705598986126153e-02,-4.381894053584201205e-03,1.313526870952777537e-02,-4.226687797078906850e-02
1.640000000000000124e+00,9.655577022712473478e-02,-4.636877332863382356e-02,-4.316423428059422765e-03,1.305311110047167530e-02,-4.158612276184729672e-02
1.645000000000000018e+00,9.632360259023604876e-02,-4.649791332529263493e-02,-4.251363339995391406e-03,1.297105413273624830e-02,-4.090995694433348373e-02
1.650000000000000133e+00,9.609079565372653786e-02,-4.662449613382686070e-02,-4.186713269083556545e-03,1.288910462072187339e-02,-4.023836790030673599e-02
1.655000000000000027e+00,9.585736215338409860e-02,-4.674854179790968733e-02,-4.122472661362457276e-03,1.280726921177940091e-02,-3.957134279875523797e-02
1.660000000000000142e+00,9.562331472505336549e-02,-4.687007025127876841e-02,-4.058640930044836795e-03,1.272555438945096630e-02,-3.890886860165351790e-02
1.665000000000000036e+00,9.538866590518432775e-02,-4.698910131811760010e-02,-3.995217456328709754e-03,1.264396647665026394e-02,-3.825093206989786665e-02
1.669999999999999929e+00,9.515342813137919742e-02,-4.710565471343768768e-02,-3.932201590192673131e-03,1.256251163878340828e-02,-3.759751976912691085e-02
1.675000000000000044e+00,9.491761374293733455e-02,-4.721975004346160715e-02,-3.869592651175763742e-03,1.248119588681152921e-02,-3.694861807542553639e-02
1.679999999999999938e+00,9.468123498139820182e-02,-4.733140680600675387e-02,-3.807389929142140830e-03,1.240002508025613882e-02,-3.630421318091611033e-02
1.685000000000000053e+00,9.444430399108243168e-02,-4.744064439086981277e-02,-3.745592685030886895e-03,1.231900493014836430e-02,-3.566429109923920787e-02
1.689999999999999947e+00,9.420683281963097844e-02,-4.754748208021196410e-02,-3.684200151591199117e-03,1.223814100192307207e-02,-3.502883767092525302e-02
1.695000000000000062e+00,9.396883341854227190e-02,-4.765193904894469978e-02,-3.623211534103245018e-03,1.215743871825893108e-02,-3.439783856865925860e-02
1.699999999999999956e+00,9.373031764370759467e-02,-4.775403436511621580e-02,-3.562626011084952127e-03,1.207690336186540564e-02,-3.377127930244148979e-02
1.705000000000000071e+00,9.349129725594439166e-02,-4.785378699029843585e-02,-3.502442734984992714e-03,1.199654007821767884e-02,-3.314914522464460639e-02
1.709999999999999964e+00,9.325178392152762286e-02,-4.795121577997454865e-02,-3.442660832862222495e-03,1.191635387824045537e-02,-3.253142153496992039e-02
1.715000000000000080e+00,9.301178921271931188e-02,-4.804633948392697529e-02,-3.383279407051826160e-03,1.183634964094161003e-02,-3.191809328530555157e-02
1.719999999999999973e+00,9.277132460829606853e-02,-4.813917674662588492e-02,-3.324297535818417776e-03,1.175653211599663427e-02,-3.130914538448670292e-02
1.725000000000000089e+00,9.253040149407461279e-02,-4.822974610761807807e-02,-3.265714273996339796e-03,1.167690592628476375e-02,-3.070456260296016218e-02
1.729999999999999982e+00,9.228903116343552260e-02,-4.831806600191630024e-02,-3.207528653617401811e-03,1.159747557037768030e-02,-3.010432957735647425e-02
1.735000000000000098e+00,9.204722481784481658e-02,-4.840415476038888165e-02,-3.149739684526291477e-03,1.151824542498172156e-02,-2.950843081496947948e-02
1.739999999999999991e+00,9.180499356737376049e-02,-4.848803061014972382e-02,-3.092346354983887061e-03,1.143921974733442398e-02,-2.891685069814651024e-02
1.745000000000000107e+00,9.156234843121670297e-02,-4.856971167494856384e-02,-3.035347632258704898e-03,1.136040267755624583e-02,-2.832957348858898203e-02
1.750000000000000000e+00,9.131930033820680193e-02,-4.864921597556152305e-02,-2.978742463206693423e-03,1.128179824095832881e-02,-2.774658333156720946e-02
1.755000000000000115e+00,9.107586012733003000e-02,-4.872656143018184310e-02,-2.922529774839597964e-03,1.120341035030709628e-02,-2.716786426005040472e-02
1.760000000000000009e+00,9.083203854823708456e-02,-4.880176585481088569e-02,-2.866708474882111429e-03,1.112524280804651038e-02,-2.659340019875242045e-02
1.765000000000000124e+00,9.058784626175328536e-02,-4.887484696364927800e-02,-2.811277452318012519e-03,1.104729930847875644e-02,-2.602317496809490247e-02
1.770000000000000018e+00,9.034329384038670974e-02,-4.894582236948816223e-02,-2.756235577925510941e-03,1.096958343990413719e-02,-2.545717228809286220e-02
1.775000000000000133e+00,9.009839176883423228e-02,-4.901470958410061168e-02,-2.701581704801985211e-03,1.089209868672094683e-02,-2.489537578215785668e-02
1.780000000000000027e+00,8.985315044448553834e-02,-4.908152601863312314e-02,-2.647314668878323826e-03,1.081484843148605539e-02,-2.433776898082561785e-02
1.785000000000000142e+00,8.960758017792543051e-02,-4.914628898399715090e-02,-2.593433289423061928e-03,1.073783595693692146e-02,-2.378433532540772180e-02
1.790000000000000036e+00,8.936169119343395639e-02,-4.920901569126070324e-02,-2.539936369536497339e-03,1.066106444797579496e-02,-2.323505817156841166e-02
1.794999999999999929e+00,8.911549362948455177e-02,-4.926972325203989728e-02,-2.486822696634984585e-03,1.058453699361677942e-02,-2.268992079282771551e-02
1.800000000000000044e+00,8.886899753924050460e-02,-4.932842867889055544e-02,-2.434091042925582132e-03,1.050825658889642869e-02,-2.214890638399393680e-02
1.804999999999999938e+00,8.862221289104911526e-02,-4.938514888569970479e-02,-2.381740165871234962e-03,1.043222613674862388e-02,-2.161199806452470187e-02
1.810000000000000053e+00,8.837514956893416374e-02,-4.943990068807704863e-02,-2.329768808646674651e-03,1.035644844984431358e-02,-2.107917888181925700e-02
1.814999999999999947e+00,8.812781737308626739e-02,-4.949270080374632008e-02,-2.278175700585204338e-03,1.028092625239682492e-02,-2.055043181444311806e-02
1.820000000000000062e+00,8.788022602035133746e-02,-4.954356585293652471e-02,-2.226959557616542060e-03,1.020566218193337711e-02,-2.002573977528579463e-02
1.824999999999999956e+00,8.763238514471706486e-02,-4.959251235877305125e-02,-2.176119082695890730e-03,1.013065879103339749e-02,-1.950508561465364929e-02
1.830000000000000071e+00,8.738430429779751873e-02,-4.963955674766860893e-02,-2.125652966224397377e-03,1.005591854903431850e-02,-1.898845212329849930e-02
1.834999999999999964e+00,8.713599294931566319e-02,-4.968471534971400511e-02,-2.075559886461166015e-03,9.981443843705382901e-03,-1.847582203538252615e-02
1.840000000000000080e+00,8.688746048758401452e-02,-4.972800439906867320e-02,-2.025838509926975502e-03,9.907236982890102461e-03,-1.796717803138354538e-02
1.844999999999999973e+00,8.663871621998334160e-02,-4.976944003435100627e-02,-1.976487491799866752e-03,9.833300196117963562e-03,-1.746250274093725380e-02
1.850000000000000089e+00,8.638976937343932627e-02,-4.980903829902844082e-02,-1.927505476302744571e-03,9.759635636185903448e-03,-1.696177874562226559e-02
1.854999999999999982e+00,8.614062909489743347e-02,-4.984681514180725609e-02,-1.878891097083147232e-03,9.686245380710169564e-03,-1.646498858168506108e-02
1.860000000000000098e+00,8.589130445179569973e-02,-4.988278641702210969e-02,-1.830642977585330124e-03,9.613131433649075436e-03,-1.597211474270894896e-02
1.864999999999999991e+00,8.564180443253563424e-02,-4.991696788502520549e-02,-1.782759731414806838e-03,9.540295726797209941e-03,-1.548313968222663969e-02
1.870000000000000107e+00,8.539213794695109383e-02,-4.994937521257522550e-02,-1.735239962695489697e-03,9.467740121251637733e-03,-1.499804581627722268e-02
1.875000000000000000e+00,8.514231382677535376e-02,-4.998002397322583168e-02,-1.688082266419567868e-03,9.395466408850597362e-03,-1.451681552590964631e-02
1.880000000000000115e+00,8.489234082610613852e-02,-5.000892964771382065e-02,-1.641285228790260097e-03,9.323476313585224440e-03,-1.403943115963385106e-02
1.885000000000000009e+00,8.464222762186875137e-02,-5.003610762434695935e-02,-1.594847427557574780e-03,9.251771492984783851e-03,-1.356587503581758655e-02
1.890000000000000124e+00,8.439198281427717774e-02,-5.006157319939134182e-02,-1.548767432347210055e-03,9.180353539475914065e-03,-1.309612944503501381e-02
1.895000000000000018e+00,8.414161492729342606e-02,-5.008534157745831578e-02,-1.503043804982719719e-03,9.109223981716365812e-03,-1.263017665236370463e-02
1.900000000000000133e+00,8.389113240908477320e-02,-5.010742787189106928e-02,-1.457675099801075897e-03,9.038384285903720838e-03,-1.216799889963233322e-02
1.905000000000000027e+00,8.364054363247915014e-02,-5.012784710515066910e-02,-1.412659863961748634e-03,8.967835857059533108e-03,-1.170957840762044261e-02
1.910000000000000142e+00,8.338985689541862645e-02,-5.014661420920169671e-02,-1.367996637749422945e-03,8.897580040289341727e-03,-1.125489737821150707e-02
1.915000000000000036e+00,8.313908042141084087e-02,-5.016374402589732912e-02,-1.323683954870479105e-03,8.827618122019058669e-03,-1.080393799649885869e-02
1.919999999999999929e+00,8.288822235997868326e-02,-5.017925130736400341e-02,-1.279720342743346541e-03,8.757951331208118154e-03,-1.035668243284651804e-02
1.925000000000000044e+00,8.263729078710792264e-02,-5.019315071638549147e-02,-1.236104322782850600e-03,8.688580840539830014e-03,-9.913112844904882134e-03
1.929999999999999938e+00,8.238629370569297561e-02,-5.020545682678648203e-02,-1.192834410678662339e-03,8.619507767589379421e-03,-9.473211379582752861e-03
1.935000000000000053e+00,8.213523904598071801e-02,-5.021618412381563534e-02,-1.149909116667964092e-03,8.550733175969877156e-03,-9.036960174976923707e-03
1.939999999999999947e+00,8.188413466601249247e-02,-5.022534700452802037e-02,-1.107326945802439896e-03,8.482258076456847262e-03,-8.604341362258469475e-03
1.945000000000000062e+00,8.163298835206396487e-02,-5.023295977816701063e-02,-1.065086398209693763e-03,8.414083428091603117e-03,-8.175337067518584008e-03
1.949999999999999956e+00,8.138180781908341266e-02,-5.023903666654561118e-02,-1.023185969349206395e-03,8.346210139263850192e-03,-7.749929413573455883e-03
1.955000000000000071e+00,8.113060071112777882e-02,-5.024359180442714706e-02,-9.816241502629272694e-04,8.278639068773942233e-03,-7.328100521728786627e-03
1.959999999999999964e+00,8.087937460179704663e-02,-5.024663923990538295e-02,-9.403994278206072484e-04,8.211371026875134357e-03,-6.909832513506400029e-03
1.965000000000000080e+00,8.062813699466661599e-02,-5.024819293478395565e-02,-8.995102849599682319e-04,8.144406776296247638e-03,-6.495107512331340510e-03
1.969999999999999973e+00,8.037689532371779244e-02,-5.024826676495521699e-02,-8.589552009218086011e-04,8.077747033245071331e-03,-6.083907645181895266e-03
1.975000000000000089e+00,8.012565695376641650e-02,-5.024687452077840344e-02,-8.187326514801379239e-04,8.011392468392868754e-03,-5.676215044202482032e-03
1.979999999999999982e+00,7.987442918088960564e-02,-5.024402990745714670e-02,-7.788411091674365440e-04,7.945343707840359787e-03,-5.272011848280581253e-03
1.985000000000000098e+00,7.962321923285051173e-02,-5.023974654541631113e-02,-7.392790434951309123e-04,7.879601334065497453e-03,-4.871280204587370884e-03
1.989999999999999991e+00,7.937203426952135765e-02,-5.023403797067813037e-02,-7.000449211693738879e-04,7.814165886853382051e-03,-4.474002270084609552e-03
1.995000000000000107e+00,7.912088138330450326e-02,-5.022691763523767089e-02,-6.611372063022208671e-04,7.749037864208665853e-03,-4.080160212996621419e-03
2.000000000000000000e+00,7.886976759955155458e-02,-5.021839890743753920e-02,-6.225543606182855480e-04,7.684217723250745015e-03,-3.689736214248315587e-03
2.004999999999999893e+00,7.861869987698083539e-02,-5.020849507234193682e-02,-5.842948436569633678e-04,7.619705881092075223e-03,-3.302712468871575862e-03
2.010000000000000231e+00,7.836768510809270782e-02,-5.019721933210989639e-02,-5.463571129703038206e-04,7.555502715699928540e-03,-2.919071187377841620e-03
2.015000000000000124e+00,7.811673011958324142e-02,-5.018458480636789343e-02,-5.087396243166156804e-04,7.491608566741878548e-03,-2.538794597099590291e-03
2.020000000000000018e+00,7.786584167275593937e-02,-5.017060453258159053e-02,-4.714408318498846014e-04,7.428023736415328634e-03,-2.161864943501989964e-03
2.024999999999999911e+00,7.761502646393156346e-02,-5.015529146642687397e-02,-4.344591883050815924e-04,7.364748490261400875e-03,-1.788264491461467572e-03
2.030000000000000249e+00,7.736429112485623816e-02,-5.013865848216013388e-02,-3.977931451794418372e-04,7.301783057963434458e-03,-1.417975526516943464e-03
2.035000000000000142e+00,7.711364222310757022e-02,-5.012071837298773258e-02,-3.614411529097879649e-04,7.239127634130415427e-03,-1.050980356089450431e-03
2.040000000000000036e+00,7.686308626249900577e-02,-5.010148385143468192e-02,-3.254016610459738840e-04,7.176782379065584083e-03,-6.872613106746706599e-04
2.044999999999999929e+00,7.661262968348225844e-02,-5.008096754971257114e-02,-2.896731184205212218e-04,7.114747419520526216e-03,-3.268007450062899240e-04
2.049999999999999822e+00,7.636227886354801653e-02,-5.005918202008663442e-02,-2.542539733145220441e-04,7.053022849435001441e-03,3.041896080766250202e-05
2.055000000000000160e+00,7.611204011762477684e-02,-5.003613973524202035e-02,-2.191426736198769706e-04,6.991608730662787069e-03,3.844154001763306423e-04
2.060000000000000053e+00,7.586191969847572159e-02,-5.001185308864924961e-02,-1.843376669979386183e-04,6.930505093683772544e-03,7.352061389440752879e-04
2.064999999999999947e+00,7.561192379709401334e-02,-4.998633439492881220e-02,-1.498374010346284610e-04,6.869711938302588972e-03,1.082808714334130467e-03
2.069999999999999840e+00,7.536205854309607766e-02,-4.995959589021495284e-02,-1.156403233920936732e-04,6.809229234334007036e-03,1.427240633918848379e-03
2.075000000000000178e+00,7.511233000511309543e-02,-4.993164973251860983e-02,-8.174488195696960960e-05,6.749056922275336635e-03,1.768519374614886935e-03
2.080000000000000071e+00,7.486274419118071899e-02,-4.990250800208946569e-02,-4.814952498531216283e-05,6.689194913966096251e-03,2.106662381701773085e-03
2.084999999999999964e+00,7.461330704912702561e-02,-4.987218270177716517e-02,-1.485270124426317734e-05,6.629643093235184498e-03,2.441687067866600471e-03
2.089999999999999858e+00,7.436402446695862534e-02,-4.984068575739167978e-02,1.814713984948909323e-05,6.570401316535763765e-03,2.773610812271354049e-03
2.095000000000000195e+00,7.411490227324486757e-02,-4.980802901806274247e-02,5.085154809439389092e-05,6.511469413568107475e-03,3.102450959644039233e-03
2.100000000000000089e+00,7.386594623750042388e-02,-4.977422425659841498e-02,8.326207237180633226e-05,6.452847187890621734e-03,3.428224819391936361e-03
2.104999999999999982e+00,7.361716207056598349e-02,-4.973928316984282949e-02,1.153802605167818631e-04,6.394534417519266017e-03,3.750949664738751840e-03
2.109999999999999876e+00,7.336855542498714466e-02,-4.970321737903293097e-02,1.472076591918391097e-04,6.336530855515578459e-03,4.070642731881807079e-03
2.115000000000000213e+00,7.312013189539162683e-02,-4.966603843015440084e-02,1.787458137636350466e-04,6.278836230563539060e-03,4.387321219172108863e-03
2.120000000000000107e+00,7.287189701886456761e-02,-4.962775779429662998e-02,2.099962681824966634e-04,6.221450247535461643e-03,4.701002286315551261e-03
2.125000000000000000e+00,7.262385627532219612e-02,-4.958838686800676882e-02,2.409605648647554987e-04,6.164372588047114035e-03,5.011703053594385171e-03
2.129999999999999893e+00,7.237601508788357729e-02,-4.954793697364288929e-02,2.716402445778308286e-04,6.107602911002276390e-03,5.319440601109439067e-03
2.135000000000000231e+00,7.212837882324074634e-02,-4.950641935972621699e-02,3.020368463280099450e-04,6.051140853126927600e-03,5.624231968042095638e-03
2.140000000000000124e+00,7.188095279202695587e-02,-4.946384520129238488e-02,3.321519072508735335e-04,5.994986029493259289e-03,5.926094151935282738e-03
2.145000000000000018e+00,7.163374224918328537e-02,-4.942022560024181971e-02,3.619869625043165506e-04,5.939138034033709934e-03,6.225044107995141365e-03
2.149999999999999911e+00,7.138675239432340502e-02,-4.937557158568912224e-02,3.915435451641143200e-04,5.883596440045178733e-03,6.521098748410018332e-03
2.155000000000000249e+00,7.113998837209661863e-02,-4.932989411431152466e-02,4.208231861219853022e-04,5.828360800683631687e-03,6.814274941688871351e-03
2.160000000000000142e+00,7.089345527254926893e-02,-4.928320407069643888e-02,4.498274139861041065e-04,5.773430649449264734e-03,7.104589512017460244e-03
2.165000000000000036e+00,7.064715813148417234e-02,-4.923551226768795724e-02,4.785577549840158490e-04,5.718805500662393036e-03,7.392059238632221925e-03
2.169999999999999929e+00,7.040110193081858259e-02,-4.918682944673246488e-02,5.070157328679084866e-04,5.664484849930251191e-03,7.676700855211646135e-03
2.175000000000000266e+00,7.015529159894035027e-02,-4.913716627822325989e-02,5.352028688221955330e-04,5.610468174604870892e-03,7.958531049284549991e-03
2.180000000000000160e+00,6.990973201106216728e-02,-4.908653336184421595e-02,5.631206813733668701e-04,5.556754934232192161e-03,8.237566461656228856e-03
2.185000000000000053e+00,6.966442798957445115e-02,-4.903494122691241797e-02,5.907706863020633671e-04,5.503344570992569490e-03,8.513823685848758219e-03
2.189999999999999947e+00,6.941938430439616170e-02,-4.898240033271991645e-02,6.181543965573330773e-04,5.450236510132858495e-03,8.787319267560159824e-03
2.194999999999999840e+00,6.917460567332416044e-02,-4.892892106887439252e-02,6.452733221730266736e-04,5.397430160390201057e-03,9.058069704136645015e-03
2.200000000000000178e+00,6.893009676238077976e-02,-4.887451375563888617e-02,6.721289701862918995e-04,5.344924914407700629e-03,9.326091444062888786e-03
2.205000000000000071e+00,6.868586218615967132e-02,-4.881918864427059468e-02,6.987228445581260532e-04,5.292720149142101337e-03,9.591400886465636932e-03
2.209999999999999964e+00,6.844190650816997512e-02,-4.876295591735853308e-02,7.250564460959470388e-04,5.240815226263647805e-03,9.854014380632913558e-03
2.214999999999999858e+00,6.819823424117890664e-02,-4.870582568916032029e-02,7.511312723781448210e-04,5.189209492548261041e-03,1.011394822554776383e-02
2.220000000000000195e+00,6.795484984755245650e-02,-4.864780800593793836e-02,7.769488176805750121e-04,5.137902280262176061e-03,1.037121866943686334e-02
2.225000000000000089e+00,6.771175773959461908e-02,-4.858891284629242996e-02,8.025105729049566419e-04,5.086892907539162720e-03,1.062584190933199904e-02
2.229999999999999982e+00,6.746896227988480321e-02,-4.852915012149762453e-02,8.278180255091373589e-04,5.036180678750491919e-03,1.087783409064640126e-02
2.234999999999999876e+00,6.722646778161371628e-02,-4.846852967583292066e-02,8.528726594391925582e-04,4.985764884867772972e-03,1.112721130676408605e-02
2.240000000000000213e+00,6.698427850891737478e-02,-4.840706128691493748e-02,8.776759550633178890e-04,4.935644803818787021e-03,1.137398959864241790e-02
2.245000000000000107e+00,6.674239867720972719e-02,-4.834475466602820848e-02,9.022293891074873850e-04,4.885819700836458758e-03,1.161818495442754930e-02
2.250000000000000000e+00,6.650083245351340322e-02,-4.828161945845488301e-02,9.265344345928364523e-04,4.836288828801086140e-03,1.185981330908303551e-02
2.254999999999999893e+00,6.625958395678896440e-02,-4.821766524380333846e-02,9.505925607747415249e-04,4.787051428575953005e-03,1.209889054403077632e-02
2.260000000000000231e+00,6.601865725826237818e-02,-4.815290153633582787e-02,9.744052330835597424e-04,4.738106729336443411e-03,1.233543248680388400e-02
2.265000000000000124e+00,6.577805638175100722e-02,-4.808733778529507980e-02,9.979739130670001353e-04,4.689453948892790408e-03,1.256945491071157286e-02
2.270000000000000018e+00,6.553778530398784996e-02,-4.802098337522985039e-02,1.021300058334090755e-03,4.641092294006565061e-03,1.280097353451610173e-02
2.274999999999999911e+00,6.529784795494419924e-02,-4.795384762631946240e-02,1.044385122500714755e-03,4.593020960701037561e-03,1.303000402212112566e-02
2.280000000000000249e+00,6.505824821815073267e-02,-4.788593979469734502e-02,1.067230555136682458e-03,4.545239134565498031e-03,1.325656198227132508e-02
2.285000000000000142e+00,6.481898993101681272e-02,-4.781726907277345645e-02,1.089837801714309056e-03,4.497745991053672329e-03,1.348066296826288916e-02
2.290000000000000036e+00,6.458007688514845468e-02,-4.774784458955572825e-02,1.112208303558472142e-03,4.450540695776336077e-03,1.370232247766487409e-02
2.294999999999999929e+00,6.434151282666442095e-02,-4.767767541097048950e-02,1.134343497798115993e-03,4.403622404788232712e-03,1.392155595205198104e-02
2.300000000000000266e+00,6.410330145651088607e-02,-4.760677054018176008e-02,1.156244817319176813e-03,4.356990264869393600e-03,1.413837877674638602e-02
2.305000000000000160e+00,6.386544643077440853e-02,-4.753513891790962786e-02,1.177913690718902480e-03,4.310643413800983349e-03,1.435280628057118354e-02
2.310000000000000053e+00,6.362795136099341775e-02,-4.746278942274743951e-02,1.199351542261534913e-03,4.264580980635744069e-03,1.456485373561252662e-02
2.314999999999999947e+00,6.339081981446800795e-02,-4.738973087147808905e-02,1.220559791835334681e-03,4.218802085963174742e-03,1.477453635699293825e-02
2.319999999999999840e+00,6.315405531456821930e-02,-4.731597201938915476e-02,1.241539854910916636e-03,4.173305842169506424e-03,1.498186930265285252e-02
2.325000000000000178e+00,6.291766134104070929e-02,-4.724152156058699509e-02,1.262293142500872049e-03,4.128091353692592107e-03,1.518686767314265766e-02
2.330000000000000071e+00,6.268164133031391139e-02,-4.716638812830986627e-02,1.282821061120655373e-03,4.083157717271802302e-03,1.538954651142381870e-02
2.334999999999999964e+00,6.244599867580158392e-02,-4.709058029523995048e-02,1.303125012750705036e-03,4.038504022193010502e-03,1.558992080267809603e-02
2.339999999999999858e+00,6.221073672820479766e-02,-4.701410657381427383e-02,1.323206394799778755e-03,3.994129350528774318e-03,1.578800547412699540e-02
2.345000000000000195e+00,6.197585879581236912e-02,-4.693697541653465977e-02,1.343066600069477579e-03,3.950032777373781688e-03,1.598381539485885933e-02
2.350000000000000089e+00,6.174136814479981583e-02,-4.685919521627660012e-02,1.362707016719936094e-03,3.906213371075674488e-03,1.617736537566498434e-02
2.354999999999999982e+00,6.150726799952667412e-02,-4.678077430659702968e-02,1.382129028236654721e-03,3.862670193461310245e-03,1.636867016888404400e-02
2.359999999999999876e+00,6.127356154283234574e-02,-4.670172096204108780e-02,1.401334013398451359e-03,3.819402300058562152e-03,1.655774446825451079e-02
2.365000000000000213e+00,6.104025191633039721e-02,-4.662204339844783219e-02,1.420323346246513260e-03,3.776408740313734122e-03,1.674460290877546539e-02
2.370000000000000107e+00,6.080734222070129785e-02,-4.654174977325487017e-02,1.439098396054522494e-03,3.733688557804673309e-03,1.692926006657452520e-02
2.375000000000000000e+00,6.057483551598370070e-02,-4.646084818580190762e-02,1.457660527299838721e-03,3.691240790449662034e-03,1.711173045878425919e-02
2.379999999999999893e+00,6.034273482186416210e-02,-4.637934667763330548e-02,1.476011099635714122e-03,3.649064470712165466e-03,1.729202854342553469e-02
2.385000000000000231e+00,6.011104311796536259e-02,-4.629725323279952620e-02,1.494151467864523802e-03,3.607158625801511372e-03,1.747016871929863227e-02
2.390000000000000124e+00,5.987976334413282198e-02,-4.621457577815754614e-02,1.512082981911987796e-03,3.565522277869579131e-03,1.764616532588124398e-02
2.395000000000000018e+00,5.964889840072015031e-02,-4.613132218367018561e-02,1.529806986802367342e-03,3.524154444203571324e-03,1.782003264323401420e-02
2.399999999999999911e+00,5.941845114887269602e-02,-4.604750026270438418e-02,1.547324822634616121e-03,3.483054137414933350e-03,1.799178489191276265e-02
2.405000000000000249e+00,5.918842441080986866e-02,-4.596311777232844203e-02,1.564637824559464993e-03,3.442220365624507842e-03,1.816143623288686906e-02
2.410000000000000142e+00,5.895882097010583106e-02,-4.587818241360817201e-02,1.581747322757425271e-03,3.401652132643981970e-03,1.832900076746563425e-02
2.415000000000000036e+00,5.872964357196882451e-02,-4.579270183190201071e-02,1.598654642417687973e-03,3.361348438153697465e-03,1.849449253723004644e-02
2.419999999999999929e+00,5.850089492351891185e-02,-4.570668361715503336e-02,1.615361103717905195e-03,3.321308277876894484e-03,1.865792552397140674e-02
2.425000000000000266e+00,5.827257769406434668e-02,-4.562013530419194857e-02,1.631868021804832756e-03,3.281530643750452201e-03,1.881931364963582848e-02
2.430000000000000160e+00,5.804469451537645069e-02,-4.553306437300902454e-02,1.648176706775816586e-03,3.242014524092196818e-03,1.897867077627561627e-02
2.435000000000000053e+00,5.781724798196301307e-02,-4.544547824906493977e-02,1.664288463661111337e-03,3.202758903764828594e-03,1.913601070600575924e-02
2.439999999999999947e+00,5.759024065134024650e-02,-4.535738430357057205e-02,1.680204592407005208e-03,3.163762764336541626e-03,1.929134718096662399e-02
2.444999999999999840e+00,5.736367504430333469e-02,-4.526878985377774667e-02,1.695926387859744483e-03,3.125025084238400568e-03,1.944469388329262555e-02
2.450000000000000178e+00,5.713755364519546021e-02,-4.517970216326691602e-02,1.711455139750232401e-03,3.086544838918518514e-03,1.959606443508603302e-02
2.455000000000000071e+00,5.691187890217548617e-02,-4.509012844223376365e-02,1.726792132679494992e-03,3.048321000993112814e-03,1.974547239839668719e-02
2.459999999999999964e+00,5.668665322748416002e-02,-4.500007584777476755e-02,1.741938646104892628e-03,3.010352540394485663e-03,1.989293127520710969e-02
2.464999999999999858e+00,5.646187899770888780e-02,-4.490955148417171555e-02,1.756895954327063192e-03,2.972638424515986269e-03,2.003845450742255604e-02
2.470000000000000195e+00,5.623755855404709292e-02,-4.481856240317512452e-02,1.771665326477584726e-03,2.935177618354018348e-03,2.018205547686647769e-02
2.475000000000000089e+00,5.601369420256815945e-02,-4.472711560428664634e-02,1.786248026507338688e-03,2.897969084647140231e-03,2.032374750528062948e-02
2.479999999999999982e+00,5.579028821447400838e-02,-4.463521803504034990e-02,1.800645313175563630e-03,2.861011784012323488e-03,2.046354385433065901e-02
2.484999999999999876e+00,5.556734282635820282e-02,-4.454287659128305238e-02,1.814858440039581085e-03,2.824304675078405640e-03,2.060145772561670918e-02
2.490000000000000213e+00,5.534486024046370023e-02,-4.445009811745349176e-02,1.828888655445182589e-03,2.787846714616795066e-03,2.073750226068757710e-02
2.495000000000000107e+00,5.512284262493919590e-02,-4.435688940686048631e-02,1.842737202517665072e-03,2.751636857669489261e-03,2.087169054106075006e-02
2.500000000000000000e+00,5.490129211409405796e-02,-4.426325720196004621e-02,1.856405319153497458e-03,2.715674057674445467e-03,2.100403558824634129e-02
2.504999999999999893e+00,5.468021080865193007e-02,-4.416920819463143744e-02,1.869894238012608087e-03,2.679957266588354863e-03,2.113455036377586208e-02
2.510000000000000231e+00,5.445960077600291854e-02,-4.407474902645214243e-02,1.883205186511281021e-03,2.644485435006865403e-03,2.126324776923439394e-02
2.515000000000000124e+00,5.423946405045441954e-02,-4.397988628897182839e-02,1.896339386815644977e-03,2.609257512282316203e-03,2.139014064629843337e-02
2.520000000000000018e+00,5.401980263348055145e-02,-4.388462652398524011e-02,1.909298055835747078e-03,2.574272446639004272e-03,2.151524177677690414e-02
2.524999999999999911e+00,5.380061849397027585e-02,-4.378897622380403809e-02,1.922082405220194943e-03,2.539529185286049529e-03,2.163856388265578135e-02
2.530000000000000249e+00,5.358191356847412379e-02,-4.369294183152758193e-02,1.934693641351359090e-03,2.505026674527904059e-03,2.176011962614816247e-02
2.535000000000000142e+00,5.336368976144958282e-02,-4.359652974131267983e-02,1.947132965341119397e-03,2.470763859872527734e-03,2.187992160974715217e-02
2.540000000000000036e+00,5.314594894550515175e-02,-4.349974629864230419e-02,1.959401573027149106e-03,2.436739686137293949e-03,2.199798237628250094e-02
2.544999999999999929e+00,5.292869296164301463e-02,-4.340259780059321781e-02,1.971500654969724018e-03,2.402953097552664070e-03,2.211431440898147319e-02
2.550000000000000266e+00,5.271192361950042399e-02,-4.330509049610259398e-02,1.983431396449038004e-03,2.369403037863663554e-03,2.222893013153297292e-02
2.555000000000000160e+00,5.249564269758975193e-02,-4.320723058623357482e-02,1.995194977463029401e-03,2.336088450429209176e-03,2.234184190815520152e-02
2.560000000000000053e+00,5.227985194353714643e-02,-4.310902422443977505e-02,2.006792572725692690e-03,2.303008278319325971e-03,2.245306204366735725e-02
2.564999999999999947e+00,5.206455307431995250e-02,-4.301047751682877951e-02,2.018225351665871563e-03,2.270161464410281639e-03,2.256260278356395435e-02
2.569999999999999840e+00,5.184974777650278033e-02,-4.291159652242458600e-02,2.029494478426525136e-03,2.237546951477695223e-03,2.267047631409239289e-02
2.575000000000000178e+00,5.163543770647229664e-02,-4.281238725342898649e-02,2.040601111864452991e-03,2.205163682287653026e-03,2.277669476233442486e-02
2.580000000000000071e+00,5.142162449067062824e-02,-4.271285567548191442e-02,2.051546405550471255e-03,2.173010599685862125e-03,2.288127019629054501e-02
2.584999999999999964e+00,5.120830972582759294e-02,-4.261300770792081360e-02,2.062331507770029295e-03,2.141086646684873564e-03,2.298421462496760825e-02
2.589999999999999858e+00,5.099549497919148022e-02,-4.251284922403888999e-02,2.072957561524257919e-03,2.109390766549419909e-03,2.308553999846870222e-02
2.595000000000000195e+00,5.078318178875870781e-02,-4.241238605134237810e-02,2.083425704531440860e-03,2.077921902879907926e-03,2.318525820808686744e-02
2.600000000000000089e+00,5.057137166350207658e-02,-4.231162397180676660e-02,2.093737069228896082e-03,2.046678999694085451e-03,2.328338108640104140e-02
2.604999999999999982e+00,5.036006608359778342e-02,-4.221056872213199695e-02,2.103892782775264748e-03,2.015661001506936258e-03,2.337992040737519456e-02
2.609999999999999876e+00,5.014926650065117814e-02,-4.210922599399662125e-02,2.113893967053191367e-03,1.984866853408811995e-03,2.347488788646026614e-02
2.615000000000000213e+00,4.993897433792122281e-02,-4.200760143431092608e-02,2.123741738672395556e-03,1.954295501141848929e-03,2.356829518069839327e-02
2.620000000000000107e+00,4.972919099054372988e-02,-4.190570064546907808e-02,2.133437208973115035e-03,1.923945891174702215e-03,2.366015388882990178e-02
2.625000000000000000e+00,4.951991782575328183e-02,-4.180352918560018005e-02,2.142981484029924180e-03,1.893816970775623939e-03,2.375047555140319747e-02
2.629999999999999893e+00,4.931115618310394355e-02,-4.170109256881836257e-02,2.152375664655909512e-03,1.863907688083912481e-03,2.383927165088673208e-02
2.635000000000000231e+00,4.910290737468872568e-02,-4.159839626547178620e-02,2.161620846407200352e-03,1.834216992179772861e-03,2.392655361178313775e-02
2.640000000000000124e+00,4.889517268535777117e-02,-4.149544570239069308e-02,2.170718119587846436e-03,1.804743833152615620e-03,2.401233280074663648e-02
2.645000000000000018e+00,4.868795337293535530e-02,-4.139224626313442457e-02,2.179668569255029890e-03,1.775487162167812888e-03,2.409662052670211510e-02
2.649999999999999911e+00,4.848125066843558817e-02,-4.128880328823738427e-02,2.188473275224608102e-03,1.746445931531950867e-03,2.417942804096626444e-02
2.655000000000000249e+00,4.827506577627696527e-02,-4.118512207545402953e-02,2.197133312076982297e-03,1.717619094756609984e-03,2.426076653737129635e-02
2.660000000000000142e+00,4.806939987449563439e-02,-4.108120788000282214e-02,2.205649749163274883e-03,1.689005606620689161e-03,2.434064715239086726e-02
2.665000000000000036e+00,4.786425411495745519e-02,-4.097706591480918675e-02,2.214023650611824691e-03,1.660604423231306108e-03,2.441908096526797939e-02
2.669999999999999929e+00,4.765962962356889987e-02,-4.087270135074747707e-02,2.222256075334971045e-03,1.632414502083299850e-03,2.449607899814475881e-02
2.675000000000000266e+00,4.745552750048667723e-02,-4.076811931688188034e-02,2.230348077036142275e-03,1.604434802117364351e-03,2.457165221619406204e-02
2.680000000000000160e+00,4.725194882032617005e-02,-4.066332490070635741e-02,2.238300704217226992e-03,1.576664283776839457e-03,2.464581152775377482e-02
2.685000000000000053e+00,4.704889463236874153e-02,-4.055832314838359043e-02,2.246115000186224651e-03,1.549101909063173906e-03,2.471856778446227670e-02
2.689999999999999947e+00,4.684636596076772325e-02,-4.045311906498288979e-02,2.253792003065174538e-03,1.521746641590097926e-03,2.478993178139577910e-02
2.694999999999999840e+00,4.664436380475335542e-02,-4.034771761471710877e-02,2.261332745798346703e-03,1.494597446636525360e-03,2.485991425720778317e-02
2.700000000000000178e+00,4.644288913883643649e-02,-4.024212372117862146e-02,2.268738256160700035e-03,1.467653291198205059e-03,2.492852589427041812e-02
2.705000000000000071e+00,4.624194291301087639e-02,-4.013634226757420431e-02,2.276009556766593611e-03,1.440913144038143655e-03,2.499577731881650472e-02
2.709999999999999964e+00,4.604152605295497996e-02,-4.003037809695902949e-02,2.283147665078743074e-03,1.414375975735840049e-03,2.506167910108442198e-02
2.714999999999999858e+00,4.584163946023167568e-02,-3.992423601246955500e-02,2.290153593417427677e-03,1.388040758735327495e-03,2.512624175546399052e-02
2.720000000000000195e+00,4.564228401248750927e-02,-3.981792077755553355e-02,2.297028348969926310e-03,1.361906467392064689e-03,2.518947574064384770e-02
2.725000000000000089e+00,4.544346056365049930e-02,-3.971143711621095973e-02,2.303772933800194659e-03,1.335972078018693443e-03,2.525139145976062691e-02
2.729999999999999982e+00,4.524516994412684789e-02,-3.960478971320408742e-02,2.310388344858757461e-03,1.310236568929675719e-03,2.531199926054958013e-02
2.734999999999999876e+00,4.504741296099649961e-02,-3.949798321430638554e-02,2.316875573992831488e-03,1.284698920484840610e-03,2.537130943549621015e-02
2.740000000000000213e+00,4.485019039820753450e-02,-3.939102222652060559e-02,2.323235607956655822e-03,1.259358115131863597e-03,2.542933222198972762e-02
2.745000000000000107e+00,4.465350301676943717e-02,-3.928391131830780147e-02,2.329469428422037240e-03,1.234213137447685892e-03,2.548607780247794802e-02
2.750000000000000000e+00,4.445735155494530411e-02,-3.917665501981339865e-02,2.335578011989095527e-03,1.209262974178903138e-03,2.554155630462304205e-02
2.754999999999999893e+00,4.426173672844276735e-02,-3.906925782309230571e-02,2.341562330197213913e-03,1.184506614281142112e-03,2.559577780145864956e-02
2.760000000000000231e+00,4.406665923060396062e-02,-3.896172418233299212e-02,2.347423349536177737e-03,1.159943048957446255e-03,2.564875231154876631e-02
2.765000000000000124e+00,4.387211973259424330e-02,-3.885405851408069156e-02,2.353162031457505226e-03,1.135571271695676523e-03,2.570048979914741488e-02
2.770000000000000018e+00,4.367811888358989758e-02,-3.874626519745952985e-02,2.358779332385966057e-03,1.111390278304957065e-03,2.575100017435915170e-02
2.774999999999999911e+00,4.348465731096465975e-02,-3.863834857439377157e-02,2.364276203731272528e-03,1.087399066951188912e-03,2.580029329330129143e-02
2.780000000000000249e+00,4.329173562047518298e-02,-3.853031294982803973e-02,2.369653591899954607e-03,1.063596638191634507e-03,2.584837895826693974e-02
2.785000000000000142e+00,4.309935439644536209e-02,-3.842216259194666805e-02,2.374912438307397178e-03,1.039981995008599537e-03,2.589526691788946941e-02
2.790000000000000036e+00,4.290751420194961752e-02,-3.831390173239195007e-02,2.380053679390050324e-03,1.016554142842221800e-03,2.594096686730692700e-02
2.794999999999999929e+00,4.271621557899503430e-02,-3.820553456648155544e-02,2.385078246617798776e-03,9.933120896224050846e-04,2.598548844832855240e-02
2.800000000000000266e+00,4.252545904870248111e-02,-3.809706525342494710e-02,2.389987066506485316e-03,9.702548457998866555e-04,2.602884124960215192e-02
2.805000000000000160e+00,4.233524511148656355e-02,-3.798849791653883395e-02,2.394781060630594635e-03,9.473814243764649198e-04,2.607103480678198831e-02
2.810000000000000053e+00,4.214557424723461287e-02,-3.787983664346167983e-02,2.399461145636081188e-03,9.246908409344072174e-04,2.611207860269731604e-02
2.814999999999999947e+00,4.195644691548446048e-02,-3.777108548636729651e-02,2.404028233253342316e-03,9.021821136650579054e-04,2.615198206752271728e-02
2.819999999999999840e+00,4.176786355560130337e-02,-3.766224846217741673e-02,2.408483230310335364e-03,8.798542633966432644e-04,2.619075457894842404e-02
2.825000000000000178e+00,4.157982458695339695e-02,-3.755332955277342760e-02,2.412827038745826626e-03,8.577063136213064053e-04,2.622840546235189266e-02
2.830000000000000071e+00,4.139233040908675554e-02,-3.744433270520706319e-02,2.417060555622780813e-03,8.357372905213788974e-04,2.626494399096974616e-02
2.834999999999999964e+00,4.120538140189874965e-02,-3.733526183191021586e-02,2.421184673141873241e-03,8.139462229949071155e-04,2.630037938607101416e-02
2.839999999999999858e+00,4.101897792581069013e-02,-3.722612081090379693e-02,2.425200278655133442e-03,7.923321426804410053e-04,2.633472081713093133e-02
2.845000000000000195e+00,4.083312032193937846e-02,-3.711691348600567458e-02,2.429108254679703243e-03,7.708940839811023954e-04,2.636797740200493706e-02
2.850000000000000089e+00,4.064780891226757453e-02,-3.700764366703763325e-02,2.432909478911723673e-03,7.496310840879519396e-04,2.640015820710390343e-02
2.854999999999999982e+00,4.046304399981349997e-02,-3.689831513003149349e-02,2.436604824240328100e-03,7.285421830026622778e-04,2.643127224756991467e-02
2.859999999999999876e+00,4.027882586879923121e-02,-3.678893161743419793e-02,2.440195158761751179e-03,7.076264235595089089e-04,2.646132848745239019e-02
2.865000000000000213e+00,4.009515478481814887e-02,-3.667949683831206453e-02,2.443681345793546639e-03,6.868828514466978567e-04,2.649033583988508883e-02
2.870000000000000107e+00,3.991203099500131857e-02,-3.657001446855405458e-02,2.447064243888906563e-03,6.663105152270391287e-04,2.651830316726328657e-02
2.875000000000000000e+00,3.972945472818288637e-02,-3.646048815107415936e-02,2.450344706851088211e-03,6.459084663579811461e-04,2.654523928142235589e-02
2.879999999999999893e+00,3.954742619506439877e-02,-3.635092149601286404e-02,2.453523583747931492e-03,6.256757592110057109e-04,2.657115294381609191e-02
2.885000000000000231e+00,3.936594558837823443e-02,-3.624131808093766088e-02,2.456601718926480944e-03,6.056114510904133264e-04,2.659605286569502111e-02
2.890000000000000124e+00,3.918501308304991881e-02,-3.613168145104271589e-02,2.459579952027690121e-03,5.857146022515104722e-04,2.661994770828691667e-02
2.895000000000000018e+00,3.900462883635954364e-02,-3.602201511934754324e-02,2.462459118001225720e-03,5.659842759181890745e-04,2.664284608297580459e-02
2.899999999999999911e+00,3.882479298810208312e-02,-3.591232256689486785e-02,2.465240047120351077e-03,5.464195382999356872e-04,2.666475655148336718e-02
2.905000000000000249e+00,3.864550566074684973e-02,-3.580260724294749564e-02,2.467923564996893793e-03,5.270194586082540102e-04,2.668568762604875064e-02
2.910000000000000142e+00,3.846676695959585363e-02,-3.569287256518433732e-02,2.470510492596299235e-03,5.077831090725424884e-04,2.670564776961019057e-02
2.915000000000000036e+00,3.828857697294125312e-02,-3.558312191989551621e-02,2.473001646252756015e-03,4.887095649554152807e-04,2.672464539598644329e-02
2.919999999999999929e+00,3.811093577222181977e-02,-3.547335866217654621e-02,2.475397837684398250e-03,4.697979045674845438e-04,2.674268887005853967e-02
2.925000000000000266e+00,3.793384341217841821e-02,-3.536358611612171188e-02,2.477699874008584564e-03,4.510472092816153055e-04,2.675978650795229896e-02
2.930000000000000160e+00,3.775729993100852139e-02,-3.525380757501641454e-02,2.479908557757241720e-03,4.324565635466583484e-04,2.677594657722022140e-02
2.935000000000000053e+00,3.758130535051980997e-02,-3.514402630152874824e-02,2.482024686892277641e-03,4.140250549006818681e-04,2.679117729702499423e-02
2.939999999999999947e+00,3.740585967628275166e-02,-3.503424552790013885e-02,2.484049054821060344e-03,3.957517739836935553e-04,2.680548683832205403e-02
2.944999999999999840e+00,3.723096289778225071e-02,-3.492446845613508821e-02,2.485982450411957159e-03,3.776358145498806963e-04,2.681888332404307879e-02
2.950000000000000178e+00,3.705661498856840236e-02,-3.481469825819007852e-02,2.487825658009935968e-03,3.596762734793680204e-04,2.683137482927940368e-02
2.955000000000000071e+00,3.688281590640622026e-02,-3.470493807616155391e-02,2.489579457452224982e-03,3.418722507895067923e-04,2.684296938146571443e-02
2.959999999999999964e+00,3.670956559342448966e-02,-3.459519102247303468e-02,2.491244624084021971e-03,3.242228496457022512e-04,2.685367496056428882e-02
2.964999999999999858e+00,3.653686397626366988e-02,-3.448546018006138497e-02,2.492821928774264194e-03,3.067271763717844386e-04,2.686349949924864838e-02
2.970000000000000195e+00,3.636471096622284627e-02,-3.437574860256217141e-02,2.494312137931443442e-03,2.893843404599423085e-04,2.687245088308829605e-02
2.975000000000000089e+00,3.619310645940578691e-02,-3.426605931449419606e-02,2.495716013519472688e-03,2.721934545802157015e-04,2.688053695073275295e-02
2.979999999999999982e+00,3.602205033686607660e-02,-3.415639531144308572e-02,2.497034313073596967e-03,2.551536345895665924e-04,2.688776549409624406e-02
2.984999999999999876e+00,3.585154246475129314e-02,-3.404675956024409700e-02,2.498267789716352404e-03,2.382639995405294792e-04,2.689414425854257107e-02
2.990000000000000213e+00,3.568158269444634406e-02,-3.393715499916406808e-02,2.499417192173561224e-03,2.215236716894478498e-04,2.689968094306973562e-02
2.995000000000000107e+00,3.551217086271582501e-02,-3.382758453808239890e-02,2.500483264790373181e-03,2.049317765043122050e-04,2.690438320049452423e-02
3.000000000000000000e+00,3.534330679184551072e-02,-3.371805105867129587e-02,2.501466747547339935e-03,1.884874426722073074e-04,2.690825863763774903e-02
3.004999999999999893e+00,3.517499028978296471e-02,-3.360855741457510759e-02,2.502368376076531935e-03,1.721898021063664891e-04,2.691131481550926990e-02
3.010000000000000231e+00,3.500722115027721237e-02,-3.349910643158881401e-02,2.503188881677682626e-03,1.560379899528479240e-04,2.691355924949263845e-02
3.015000000000000124e+00,3.483999915301754652e-02,-3.338970090783567601e-02,2.503928991334369511e-03,1.400311445968437096e-04,2.691499940953060235e-02
3.020000000000000018e+00,3.467332406377144488e-02,-3.328034361394402452e-02,2.504589427730225144e-03,1.241684076686169844e-04,2.691564272030990204e-02
3.024999999999999911e+00,3.450719563452159938e-02,-3.317103729322321698e-02,2.505170909265176313e-03,1.084489240490877650e-04,2.691549656144621300e-02
3.030000000000000249e+00,3.434161360360208498e-02,-3.306178466183877507e-02,2.505674150071710102e-03,9.287184187506922239e-05,2.691456826766945240e-02
3.035000000000000142e+00,3.417657769583363342e-02,-3.295258840898664804e-02,2.506099860031164688e-03,7.743631254415588863e-05,2.691286512900866942e-02
3.040000000000000036e+00,3.401208762265804653e-02,-3.284345119706660876e-02,2.506448744790048741e-03,6.214149071928023354e-05,2.691039439097667879e-02
3.044999999999999929e+00,3.384814308227174912e-02,-3.273437566185493502e-02,2.506721505776373857e-03,4.698653433294160191e-05,2.690716325475583232e-02
3.050000000000000266e+00,3.368474375975847451e-02,-3.262536441267614717e-02,2.506918840216014292e-03,3.197060459109925148e-05,2.690317887738209388e-02
3.055000000000000160e+00,3.352188932722110354e-02,-3.251642003257394775e-02,2.507041441149084494e-03,1.709286597676331528e-05,2.689844837192999563e-02
3.060000000000000053e+00,3.335957944391262919e-02,-3.240754507848137012e-02,2.507089997446330931e-03,2.352486253269511832e-06,2.689297880769785792e-02
3.064999999999999947e+00,3.319781375636629561e-02,-3.229874208139007358e-02,2.507065193825541282e-03,-1.225136353275755703e-05,2.688677721039177404e-02
3.070000000000000284e+00,3.303659189852488354e-02,-3.219001354651881974e-02,2.506967710867967058e-03,-2.671950904872896369e-05,2.687985056231038949e-02
3.075000000000000178e+00,3.287591349186915618e-02,-3.208136195348114394e-02,2.506798225034762278e-03,-4.105277267371179616e-05,2.687220580252898047e-02
3.080000000000000071e+00,3.271577814554545161e-02,-3.197278975645218707e-02,2.506557408683426913e-03,-5.525197349633246565e-05,2.686384982708412208e-02
3.084999999999999964e+00,3.255618545649250489e-02,-3.186429938433475717e-02,2.506245930084265942e-03,-6.931792731296746238e-05,2.685478948915759681e-02
3.089999999999999858e+00,3.239713500956732661e-02,-3.175589324092453758e-02,2.505864453436854478e-03,-8.325144662620670064e-05,2.684503159926064295e-02
3.095000000000000195e+00,3.223862637767038047e-02,-3.164757370507455952e-02,2.505413638886508105e-03,-9.705334064359036903e-05,2.683458292541733917e-02
3.100000000000000089e+00,3.208065912186987279e-02,-3.153934313085873797e-02,2.504894142540762311e-03,-1.107244152765997889e-04,2.682345019334797520e-02
3.104999999999999982e+00,3.192323279152523008e-02,-3.143120384773475523e-02,2.504306616485854533e-03,-1.242654731399058118e-04,2.681164008665313375e-02
3.109999999999999876e+00,3.176634692440979263e-02,-3.132315816070604941e-02,2.503651708803207067e-03,-1.376773135508824457e-04,2.679915924699699872e-02
3.115000000000000213e+00,3.161000104683267531e-02,-3.121520835048303272e-02,2.502930063585919514e-03,-1.509607325293668950e-04,2.678601427428974058e-02
3.120000000000000107e+00,3.145419467375983047e-02,-3.110735667364354293e-02,2.502142320955251260e-03,-1.641165227976523495e-04,2.677221172687110559e-02
3.125000000000000000e+00,3.129892730893430591e-02,-3.099960536279246226e-02,2.501289117077109582e-03,-1.771454737807318764e-04,2.675775812169258958e-02
3.129999999999999893e+00,3.114419844499572571e-02,-3.089195662672057294e-02,2.500371084178539070e-03,-1.900483716067666599e-04,2.674265993449998630e-02
3.135000000000000231e+00,3.099000756359894873e-02,-3.078441265056261478e-02,2.499388850564197590e-03,-2.028259991077853929e-04,2.672692360001552997e-02
3.140000000000000124e+00,3.083635413553196397e-02,-3.067697559595456563e-02,2.498343040632841367e-03,-2.154791358206069600e-04,2.671055551211986429e-02
3.145000000000000018e+00,3.068323762083299475e-02,-3.056964760119015162e-02,2.497234274893792277e-03,-2.280085579879829701e-04,2.669356202403392470e-02
3.149999999999999911e+00,3.053065746890681886e-02,-3.046243078137655935e-02,2.496063169983407312e-03,-2.404150385599575083e-04,2.667594944849993252e-02
3.155000000000000249e+00,3.037861311864030814e-02,-3.035532722858939186e-02,2.494830338681541110e-03,-2.526993471954302301e-04,2.665772405796304478e-02
3.160000000000000142e+00,3.022710399851721158e-02,-3.024833901202683348e-02,2.493536389927991127e-03,-2.648622502639325560e-04,2.663889208475193893e-02
3.165000000000000036e+00,3.007612952673214754e-02,-3.014146817816306181e-02,2.492181928838945425e-03,-2.769045108476008376e-04,2.661945972125953977e-02
3.169999999999999929e+00,2.992568911130384993e-02,-3.003471675090088611e-02,2.490767556723410062e-03,-2.888268887433482319e-04,2.659943312012340993e-02
3.175000000000000266e+00,2.977578215018764074e-02,-2.992808673172361530e-02,2.489293871099631291e-03,-3.006301404652309450e-04,2.657881839440572394e-02
3.180000000000000160e+00,2.962640803138714973e-02,-2.982158009984617678e-02,2.487761465711503441e-03,-3.123150192470014203e-04,2.655762161777301331e-02
3.185000000000000053e+00,2.947756613306527773e-02,-2.971519881236545785e-02,2.486170930544963353e-03,-3.238822750448477374e-04,2.653584882467556819e-02
3.189999999999999947e+00,2.932925582365442790e-02,-2.960894480440991530e-02,2.484522851844370508e-03,-3.353326545403132060e-04,2.651350601052665512e-02
3.195000000000000284e+00,2.918147646196594946e-02,-2.950281998928840077e-02,2.482817812128872842e-03,-3.466669011433953958e-04,2.649059913188134968e-02
3.200000000000000178e+00,2.903422739729888749e-02,-2.939682625863826795e-02,2.481056390208756079e-03,-3.578857549958184745e-04,2.646713410661497012e-02
3.205000000000000071e+00,2.888750796954796599e-02,-2.929096548257270616e-02,2.479239161201776589e-03,-3.689899529744753337e-04,2.644311681410099063e-02
3.209999999999999964e+00,2.874131750931082849e-02,-2.918523950982733137e-02,2.477366696549477762e-03,-3.799802286950296876e-04,2.641855309538904129e-02
3.214999999999999858e+00,2.859565533799458131e-02,-2.907965016790604526e-02,2.475439564033483832e-03,-3.908573125156873619e-04,2.639344875338251600e-02
3.220000000000000195e+00,2.845052076792157353e-02,-2.897419926322614830e-02,2.473458327791780258e-03,-4.016219315411273397e-04,2.636780955301550045e-02
3.225000000000000089e+00,2.830591310243448303e-02,-2.886888858126269650e-02,2.471423548334969380e-03,-4.122748096265856804e-04,2.634164122142948830e-02
3.229999999999999982e+00,2.816183163600065320e-02,-2.876371988669216423e-02,2.469335782562507436e-03,-4.228166673820903587e-04,2.631494944814996573e-02
3.234999999999999876e+00,2.801827565431573921e-02,-2.865869492353532305e-02,2.467195583778920322e-03,-4.332482221768494649e-04,2.628773988526227068e-02
3.240000000000000213e+00,2.787524443440662567e-02,-2.855381541529944042e-02,2.465003501709996363e-03,-4.435701881437807302e-04,2.626001814758734468e-02
3.245000000000000107e+00,2.773273724473364343e-02,-2.844908306511969437e-02,2.462760082518953945e-03,-4.537832761841856851e-04,2.623178981285700928e-02
3.250000000000000000e+00,2.759075334529207529e-02,-2.834449955589993242e-02,2.460465868822590916e-03,-4.638881939725630833e-04,2.620306042188875681e-02
3.254999999999999893e+00,2.744929198771296069e-02,-2.824006655045263950e-02,2.458121399707403638e-03,-4.738856459615566042e-04,2.617383547876055497e-02
3.260000000000000231e+00,2.730835241536321012e-02,-2.813578569163822929e-02,2.455727210745683488e-03,-4.837763333870394897e-04,2.614412045098445103e-02
3.265000000000000124e+00,2.716793386344501862e-02,-2.803165860250360700e-02,2.453283834011589504e-03,-4.935609542733225639e-04,2.611392076968097400e-02
3.270000000000000018e+00,2.702803555909457506e-02,-2.792768688642000702e-02,2.450791798097192407e-03,-5.032402034384988619e-04,2.608324182975188532e-02
3.274999999999999911e+00,2.688865672148011907e-02,-2.782387212722013670e-02,2.448251628128489572e-03,-5.128147724999039970e-04,2.605208899005339446e-02
3.280000000000000249e+00,2.674979656189927293e-02,-2.772021588933460193e-02,2.445663845781398740e-03,-5.222853498797015367e-04,2.602046757356862514e-02
3.285000000000000142e+00,2.661145428387572121e-02,-2.761671971792761804e-02,2.443028969297715743e-03,-5.316526208105883458e-04,2.598838286757972765e-02
3.290000000000000036e+00,2.647362908325521028e-02,-2.751338513903202332e-02,2.440347513501050537e-03,-5.409172673416136074e-04,2.595584012383944997e-02
3.294999999999999929e+00,2.633632014830086104e-02,-2.741021365968360213e-02,2.437619989812728118e-03,-5.500799683441113608e-04,2.592284455874265328e-02
3.300000000000000266e+00,2.619952665978781542e-02,-2.730720676805468289e-02,2.434846906267663837e-03,-5.591413995177469884e-04,2.588940135349701577e-02
3.305000000000000160e+00,2.606324779109722711e-02,-2.720436593358706648e-02,2.432028767530205332e-03,-5.681022333966686535e-04,2.585551565429333037e-02
3.310000000000000053e+00,2.592748270830959323e-02,-2.710169260712423991e-02,2.429166074909944097e-03,-5.769631393557635808e-04,2.582119257247568120e-02
3.314999999999999947e+00,2.579223057029740585e-02,-2.699918822104291002e-02,2.426259326377496264e-03,-5.857247836170203711e-04,2.578643718471091209e-02
3.320000000000000284e+00,2.565749052881715481e-02,-2.689685418938386058e-02,2.423309016580252589e-03,-5.943878292559890038e-04,2.575125453315768587e-02
3.325000000000000178e+00,2.552326172860069214e-02,-2.679469190798207737e-02,2.420315636858090709e-03,-6.029529362083412350e-04,2.571564962563537352e-02
3.330000000000000071e+00,2.538954330744593035e-02,-2.669270275459624531e-02,2.417279675259060082e-03,-6.114207612765286837e-04,2.567962743579198237e-02
3.334999999999999964e+00,2.525633439630690230e-02,-2.659088808903753778e-02,2.414201616555031790e-03,-6.197919581365284123e-04,2.564319290327192122e-02
3.339999999999999858e+00,2.512363411938317581e-02,-2.648924925329770863e-02,2.411081942257311921e-03,-6.280671773446809894e-04,2.560635093388365091e-02
3.345000000000000195e+00,2.499144159420864028e-02,-2.638778757167656308e-02,2.407921130632224155e-03,-6.362470663446250473e-04,2.556910639976645375e-02
3.350000000000000089e+00,2.485975593173964451e-02,-2.628650435090869319e-02,2.404719656716655055e-03,-6.443322694743132623e-04,2.553146413955649507e-02
3.354999999999999982e+00,2.472857623644251004e-02,-2.618540088028957491e-02,2.401477992333564231e-03,-6.523234279731096510e-04,2.549342895855328042e-02
3.359999999999999876e+00,2.459790160638039916e-02,-2.608447843180101630e-02,2.398196606107458936e-03,-6.602211799889772881e-04,2.545500562888482199e-02
3.365000000000000213e+00,2.446773113329959656e-02,-2.598373826023586686e-02,2.394875963479833978e-03,-6.680261605857410519e-04,2.541619888967257962e-02
3.370000000000000107e+00,2.433806390271511799e-02,-2.588318160332216469e-02,2.391516526724575195e-03,-6.757390017504271307e-04,2.537701344719637750e-02
3.375000000000000000e+00,2.420889899399574635e-02,-2.578280968184654826e-02,2.388118754963320864e-03,-6.833603324006868804e-04,2.533745397505840144e-02
3.379999999999999893e+00,2.408023548044840520e-02,-2.568262369977701923e-02,2.384683104180792754e-03,-6.908907783922918055e-04,2.529752511434634615e-02
3.385000000000000231e+00,2.395207242940198406e-02,-2.558262484438509482e-02,2.381210027240087714e-03,-6.983309625266929423e-04,2.525723147379705172e-02
3.390000000000000124e+00,2.382440890229048369e-02,-2.548281428636725229e-02,2.377699973897926759e-03,-7.056815045586617733e-04,2.521657762995912350e-02
3.395000000000000018e+00,2.369724395473560286e-02,-2.538319317996574898e-02,2.374153390819871198e-03,-7.129430212039982546e-04,2.517556812735491714e-02
3.399999999999999911e+00,2.357057663662870742e-02,-2.528376266308880391e-02,2.370570721595498861e-03,-7.201161261473011839e-04,2.513420747864222871e-02
3.405000000000000249e+00,2.344440599221219584e-02,-2.518452385743010294e-02,2.366952406753537394e-03,-7.272014300498051394e-04,2.509250016477560311e-02
3.410000000000000142e+00,2.331873106016029221e-02,-2.508547786858770015e-02,2.363298883776964593e-03,-7.341995405572834463e-04,2.505045063516718462e-02
3.415000000000000036e+00,2.319355087365920776e-02,-2.498662578618224619e-02,2.359610587118064502e-03,-7.411110623080129425e-04,2.500806330784670004e-02
3.419999999999999929e+00,2.306886446048674044e-02,-2.488796868397458173e-02,2.355887948213443613e-03,-7.479365969407958826e-04,2.496534256962129605e-02
3.425000000000000266e+00,2.294467084309129157e-02,-2.478950761998273064e-02,2.352131395499008903e-03,-7.546767431030411465e-04,2.492229277623488060e-02
3.430000000000000160e+00,2.282096903867027182e-02,-2.469124363659820978e-02,2.348341354424906841e-03,-7.613320964589042131e-04,2.487891825252678060e-02
3.435000000000000053e+00,2.269775805924795567e-02,-2.459317776070174544e-02,2.344518247470414249e-03,-7.679032496974796083e-04,2.483522329259000780e-02
3.439999999999999947e+00,2.257503691175274593e-02,-2.449531100377833753e-02,2.340662494158796646e-03,-7.743907925410476725e-04,2.479121215992915669e-02
3.445000000000000284e+00,2.245280459809385898e-02,-2.439764436203172016e-02,2.336774511072121051e-03,-7.807953117533759707e-04,2.474688908761753237e-02
3.450000000000000178e+00,2.233106011523745826e-02,-2.430017881649818717e-02,2.332854711866026286e-03,-7.871173911480671076e-04,2.470225827845390354e-02
3.455000000000000071e+00,2.220980245528219460e-02,-2.420291533315980029e-02,2.328903507284452949e-03,-7.933576115969570661e-04,2.465732390511897812e-02
3.459999999999999964e+00,2.208903060553421213e-02,-2.410585486305696565e-02,2.324921305174332178e-03,-7.995165510385628766e-04,2.461209011033075461e-02
3.464999999999999858e+00,2.196874354858156103e-02,-2.400899834240041719e-02,2.320908510500231496e-03,-8.055947844865708361e-04,2.456656100700030376e-02
3.470000000000000195e+00,2.184894026236807590e-02,-2.391234669268257548e-02,2.316865525358953806e-03,-8.115928840383783947e-04,2.452074067838630120e-02
3.475000000000000089e+00,2.172961972026668520e-02,-2.381590082078828899e-02,2.312792748994102997e-03,-8.175114188836727974e-04,2.447463317824896678e-02
3.479999999999999982e+00,2.161078089115217246e-02,-2.371966161910498555e-02,2.308690577810596205e-03,-8.233509553130500570e-04,2.442824253100440990e-02
3.484999999999999876e+00,2.149242273947340673e-02,-2.362362996563220977e-02,2.304559405389140087e-03,-8.291120567266825007e-04,2.438157273187736840e-02
3.490000000000000213e+00,2.137454422532498316e-02,-2.352780672409052892e-02,2.300399622500659373e-03,-8.347952836430175402e-04,2.433462774705413487e-02
3.495000000000000107e+00,2.125714430451836751e-02,-2.343219274402988730e-02,2.296211617120685975e-03,-8.404011937075179682e-04,2.428741151383470576e-02
3.500000000000000000e+00,2.114022192865245425e-02,-2.333678886093733945e-02,2.291995774443699504e-03,-8.459303417014384660e-04,2.423992794078465643e-02
3.504999999999999893e+00,2.102377604518365639e-02,-2.324159589634417628e-02,2.287752476897427032e-03,-8.513832795506397341e-04,2.419218090788602740e-02
3.510000000000000231e+00,2.090780559749537415e-02,-2.314661465793246484e-02,2.283482104157098617e-03,-8.567605563344312444e-04,2.414417426668803712e-02
3.515000000000000124e+00,2.079230952496699189e-02,-2.305184593964100179e-02,2.279185033159657290e-03,-8.620627182944498807e-04,2.409591184045765944e-02
3.520000000000000018e+00,2.067728676304234417e-02,-2.295729052177069435e-02,2.274861638117925671e-03,-8.672903088435756584e-04,2.404739742432883062e-02
3.524999999999999911e+00,2.056273624329763017e-02,-2.286294917108930985e-02,2.270512290534724888e-03,-8.724438685748712964e-04,2.399863478545166684e-02
3.530000000000000249e+00,2.044865689350880422e-02,-2.276882264093567712e-02,2.266137359216955326e-03,-8.775239352705523641e-04,2.394962766314104319e-02
3.535000000000000142e+00,2.033504763771848758e-02,-2.267491167132329455e-02,2.261737210289624898e-03,-8.825310439109862676e-04,2.390037976902491604e-02
3.540000000000000036e+00,2.022190739630233200e-02,-2.258121698904337962e-02,2.257312207209836996e-03,-8.874657266837228950e-04,2.385089478719174330e-02
3.544999999999999929e+00,2.010923508603485940e-02,-2.248773930776729740e-02,2.252862710780732455e-03,-8.923285129925475961e-04,2.380117637433746408e-02
3.550000000000000266e+00,1.999702962015482630e-02,-2.239447932814845124e-02,2.248389079165383827e-03,-8.971199294665574723e-04,2.375122815991200995e-02
3.555000000000000160e+00,1.988528990843003649e-02,-2.230143773792359757e-02,2.243891667900647577e-03,-9.018404999692645552e-04,2.370105374626563927e-02
3.560000000000000053e+00,1.977401485722169935e-02,-2.220861521201357089e-02,2.239370829910967715e-03,-9.064907456077243549e-04,2.365065670879401907e-02
3.564999999999999947e+00,1.966320336954822945e-02,-2.211601241262346751e-02,2.234826915522138222e-03,-9.110711847416809971e-04,2.360004059608345611e-02
3.570000000000000284e+00,1.955285434514861254e-02,-2.202362998934223950e-02,2.230260272475013440e-03,-9.155823329927375133e-04,2.354920893005528135e-02
3.575000000000000178e+00,1.944296668054520602e-02,-2.193146857924175436e-02,2.225671245939176823e-03,-9.200247032535462978e-04,2.349816520610994303e-02
3.580000000000000071e+00,1.933353926910608492e-02,-2.183952880697525439e-02,2.221060178526562852e-03,-9.243988056970196213e-04,2.344691289327012831e-02
3.584999999999999964e+00,1.922457100110690209e-02,-2.174781128487530621e-02,2.216427410305031251e-03,-9.287051477855549995e-04,2.339545543432375307e-02
3.589999999999999858e+00,1.911606076379223501e-02,-2.165631661305116029e-02,2.211773278811899127e-03,-9.329442342802789917e-04,2.334379624596647634e-02
3.595000000000000195e+00,1.900800744143647109e-02,-2.156504537948555553e-02,2.207098119067421507e-03,-9.371165672503096490e-04,2.329193871894326071e-02
3.600000000000000089e+00,1.890040991540419338e-02,-2.147399816013101717e-02,2.202402263588230241e-03,-9.412226460820315383e-04,2.323988621819015471e-02
3.604999999999999982e+00,1.879326706421009449e-02,-2.138317551900553726e-02,2.197686042400722600e-03,-9.452629674883919085e-04,2.318764208297468404e-02
3.609999999999999876e+00,1.868657776357839778e-02,-2.129257800828776234e-02,2.192949783054405199e-03,-9.492380255182041211e-04,2.313520962703626352e-02
3.615000000000000213e+00,1.858034088650184143e-02,-2.120220616841162614e-02,2.188193810635193255e-03,-9.531483115654664764e-04,2.308259213872600885e-02
3.620000000000000107e+00,1.847455530330015597e-02,-2.111206052816043746e-02,2.183418447778659108e-03,-9.569943143786942665e-04,2.302979288114581288e-02
3.625000000000000000e+00,1.836921988167806996e-02,-2.102214160476039567e-02,2.178624014683237797e-03,-9.607765200702608277e-04,2.297681509228726923e-02
3.629999999999999893e+00,1.826433348678287855e-02,-2.093244990397364474e-02,2.173810829123383210e-03,-9.644954121257535550e-04,2.292366198516976664e-02
3.635000000000000231e+00,1.815989498126153318e-02,-2.084298592019071319e-02,2.168979206462679551e-03,-9.681514714133363127e-04,2.287033674797801439e-02
3.640000000000000124e+00,1.805590322531725953e-02,-2.075375013652246137e-02,2.164129459666903378e-03,-9.717451761931212781e-04,2.281684254419948793e-02
3.645000000000000018e+00,1.795235707676573478e-02,-2.066474302489151524e-02,2.159261899317042703e-03,-9.752770021265530368e-04,2.276318251276088223e-02
3.649999999999999911e+00,1.784925539109079654e-02,-2.057596504612313124e-02,2.154376833622264915e-03,-9.787474222857971227e-04,2.270935976816411753e-02
3.655000000000000249e+00,1.774659702149971111e-02,-2.048741665003554757e-02,2.149474568432839603e-03,-9.821569071631352805e-04,2.265537740062210231e-02
3.660000000000000142e+00,1.764438081897796648e-02,-2.039909827552984639e-02,2.144555407253016712e-03,-9.855059246803681006e-04,2.260123847619349702e-02
3.665000000000000036e+00,1.754260563234365591e-02,-2.031101035067924693e-02,2.139619651253851351e-03,-9.887949401982210149e-04,2.254694603691777960e-02
3.669999999999999929e+00,1.744127030830139313e-02,-2.022315329281788865e-02,2.134667599285990439e-03,-9.920244165257622194e-04,2.249250310094852781e-02
3.675000000000000266e+00,1.734037369149576610e-02,-2.013552750862915297e-02,2.129699547892403410e-03,-9.951948139298137652e-04,2.243791266268784640e-02
3.680000000000000160e+00,1.723991462456438833e-02,-2.004813339423338475e-02,2.124715791321071280e-03,-9.983065901443815161e-04,2.238317769291845241e-02
3.685000000000000053e+00,1.713989194819049225e-02,-1.996097133527516623e-02,2.119716621537627143e-03,-1.001360200380074479e-03,2.232830113893657237e-02
3.689999999999999947e+00,1.704030450115509923e-02,-1.987404170701006015e-02,2.114702328237950697e-03,-1.004356097333530644e-03,2.227328592468373267e-02
3.695000000000000284e+00,1.694115112038872481e-02,-1.978734487439083242e-02,2.109673198860712463e-03,-1.007294731196845634e-03,2.221813495087830367e-02
3.700000000000000178e+00,1.684243064102270565e-02,-1.970088119215317873e-02,2.104629518599873336e-03,-1.010176549667003753e-03,2.216285109514637419e-02
3.705000000000000071e+00,1.674414189644005818e-02,-1.961465100490098271e-02,2.099571570417137732e-03,-1.013001997955309237e-03,2.210743721215198063e-02
3.709999999999999964e+00,1.664628371832592435e-02,-1.952865464719100164e-02,2.094499635054357291e-03,-1.015771518796814918e-03,2.205189613372718002e-02
3.714999999999999858e+00,1.654885493671760105e-02,-1.944289244361711508e-02,2.089413991045888618e-03,-1.018485552459753472e-03,2.199623066900112042e-02
3.720000000000000195e+00,1.645185438005414280e-02,-1.935736470889404953e-02,2.084314914730903742e-03,-1.021144536754964565e-03,2.194044360452904879e-02
3.725000000000000089e+00,1.635528087522555851e-02,-1.927207174794060701e-02,2.079202680265652883e-03,-1.023748907045322204e-03,2.188453770442073260e-02
3.729999999999999982e+00,1.625913324762156414e-02,-1.918701385596242523e-02,2.074077559635682973e-03,-1.026299096255162526e-03,2.182851571046788564e-02
3.734999999999999876e+00,1.616341032117995374e-02,-1.910219131853422084e-02,2.068939822668005440e-03,-1.028795534879701394e-03,2.177238034227173616e-02
3.740000000000000213e+00,1.606811091843455414e-02,-1.901760441168154001e-02,2.063789737043215857e-03,-1.031238650994456118e-03,2.171613429736981779e-02
3.745000000000000107e+00,1.597323386056276329e-02,-1.893325340196206491e-02,2.058627568307572382e-03,-1.033628870264663045e-03,2.165978025136191046e-02
3.750000000000000000e+00,1.587877796743268968e-02,-1.884913854654639287e-02,2.053453579885022168e-03,-1.035966615954683019e-03,2.160332085803612703e-02
3.754999999999999893e+00,1.578474205764987884e-02,-1.876526009329836098e-02,2.048268033089181359e-03,-1.038252308937414638e-03,2.154675874949395220e-02
3.760000000000000231e+00,1.569112494860365470e-02,-1.868161828085485726e-02,2.043071187135269990e-03,-1.040486367703691468e-03,2.149009653627471234e-02
3.765000000000000124e+00,1.559792545651305339e-02,-1.859821333870522592e-02,2.037863299151997445e-03,-1.042669208371675140e-03,2.143333680748037845e-02
3.770000000000000018e+00,1.550514239647236836e-02,-1.851504548727010008e-02,2.032644624193405414e-03,-1.044801244696251259e-03,2.137648213089857543e-02
3.774999999999999911e+00,1.541277458249628966e-02,-1.843211493797984948e-02,2.027415415250657070e-03,-1.046882888078406017e-03,2.131953505312625743e-02
3.780000000000000249e+00,1.532082082756466498e-02,-1.834942189335249038e-02,2.022175923263784623e-03,-1.048914547574606284e-03,2.126249809969208912e-02
3.785000000000000142e+00,1.522927994366686522e-02,-1.826696654707118256e-02,2.016926397133388289e-03,-1.050896629906166455e-03,2.120537377517883390e-02
3.790000000000000036e+00,1.513815074184576837e-02,-1.818474908406122331e-02,2.011667083732288867e-03,-1.052829539468612928e-03,2.114816456334468048e-02
3.794999999999999929e+00,1.504743203224136010e-02,-1.810276968056658345e-02,2.006398227917133466e-03,-1.054713678341030790e-03,2.109087292724448615e-02
3.800000000000000266e+00,1.495712262413394049e-02,-1.802102850422599226e-02,2.001120072539953540e-03,-1.056549446295407474e-03,2.103350130935066620e-02
3.805000000000000160e+00,1.486722132598697343e-02,-1.793952571414855757e-02,1.995832858459677811e-03,-1.058337240805972508e-03,2.097605213167309107e-02
3.810000000000000053e+00,1.477772694548953360e-02,-1.785826146098892092e-02,1.990536824553596189e-03,-1.060077457058520353e-03,2.091852779587868166e-02
3.814999999999999947e+00,1.468863828959840467e-02,-1.777723588702195476e-02,1.985232207728780760e-03,-1.061770487959725218e-03,2.086093068341053972e-02
3.820000000000000284e+00,1.459995416457977695e-02,-1.769644912621702940e-02,1.979919242933456894e-03,-1.063416724146445252e-03,2.080326315560670353e-02
3.825000000000000178e+00,1.451167337605060656e-02,-1.761590130431179776e-02,1.974598163168328827e-03,-1.065016553995018706e-03,2.074552755381807792e-02
3.830000000000000071e+00,1.442379472901958622e-02,-1.753559253888554645e-02,1.969269199497858825e-03,-1.066570363630546872e-03,2.068772619952615952e-02
3.834999999999999964e+00,1.433631702792774638e-02,-1.745552293943210265e-02,1.963932581061500829e-03,-1.068078536936165751e-03,2.062986139446008893e-02
3.839999999999999858e+00,1.424923907668870608e-02,-1.737569260743228317e-02,1.958588535084887245e-03,-1.069541455562307520e-03,2.057193542071329359e-02
3.845000000000000195e+00,1.416255967872856458e-02,-1.729610163642590279e-02,1.953237286890968909e-03,-1.070959498935948346e-03,2.051395054085944358e-02
3.850000000000000089e+00,1.407627763702541321e-02,-1.721675011208336284e-02,1.947879059911108643e-03,-1.072333044269843183e-03,2.045590899806857058e-02
3.854999999999999982e+00,1.399039175414851753e-02,-1.713763811227675404e-02,1.942514075696130573e-03,-1.073662466571755156e-03,2.039781301622124038e-02
3.859999999999999876e+00,1.390490083229712487e-02,-1.705876570715057078e-02,1.937142553927320449e-03,-1.074948138653656097e-03,2.033966480002419655e-02
3.865000000000000213e+00,1.381980367333893178e-02,-1.698013295919195004e-02,1.931764712427383023e-03,-1.076190431140932723e-03,2.028146653512380784e-02
3.870000000000000107e+00,1.373509907884818554e-02,-1.690173992330052180e-02,1.926380767171351292e-03,-1.077389712481566144e-03,2.022322038822005688e-02
3.875000000000000000e+00,1.365078585014345945e-02,-1.682358664685778063e-02,1.920990932297449985e-03,-1.078546348955303994e-03,2.016492850717935617e-02
3.879999999999999893e+00,1.356686278832507260e-02,-1.674567316979604439e-02,1.915595420117914387e-03,-1.079660704682812401e-03,2.010659302114738492e-02
3.885000000000000231e+00,1.348332869431214699e-02,-1.666799952466700360e-02,1.910194441129763401e-03,-1.080733141634818194e-03,2.004821604066135687e-02
3.890000000000000124e+00,1.340018236887935942e-02,-1.659056573670983359e-02,1.904788204025525782e-03,-1.081764019641237671e-03,1.998979965776144507e-02
3.895000000000000018e+00,1.331742261269332553e-02,-1.651337182391886954e-02,1.899376915703920171e-03,-1.082753696400285846e-03,1.993134594610203314e-02
3.899999999999999911e+00,1.323504822634865782e-02,-1.643641779711087214e-02,1.893960781280493513e-03,-1.083702527487571607e-03,1.987285696106245309e-02
3.905000000000000249e+00,1.315305801040368358e-02,-1.635970365999188728e-02,1.888540004098208935e-03,-1.084610866365179425e-03,1.981433473985717841e-02
3.910000000000000142e+00,1.307145076541583323e-02,-1.628322940922366513e-02,1.883114785737992217e-03,-1.085479064390733285e-03,1.975578130164538579e-02
3.915000000000000036e+00,1.299022529197670431e-02,-1.620699503448965947e-02,1.877685326029230120e-03,-1.086307470826443052e-03,1.969719864764040221e-02
3.919999999999999929e+00,1.290938039074677156e-02,-1.613100051856064879e-02,1.872251823060225567e-03,-1.087096432848139779e-03,1.963858876121832991e-02
3.925000000000000266e+00,1.282891486248980729e-02,-1.605524583735990635e-02,1.866814473188607064e-03,-1.087846295554288894e-03,1.957995360802628274e-02
3.930000000000000160e+00,1.274882750810694097e-02,-1.597973096002800256e-02,1.861373471051692811e-03,-1.088557401974989298e-03,1.952129513609023731e-02
3.935000000000000053e+00,1.266911712867042038e-02,-1.590445584898712503e-02,1.855929009576809700e-03,-1.089230093080954462e-03,1.946261527592218349e-02
3.939999999999999947e+00,1.258978252545704321e-02,-1.582942046000510722e-02,1.850481279991567866e-03,-1.089864707792475521e-03,1.940391594062731984e-02
3.945000000000000284e+00,1.251082249998126776e-02,-1.575462474225892626e-02,1.845030471834091437e-03,-1.090461582988372672e-03,1.934519902600984401e-02
3.950000000000000178e+00,1.243223585402800264e-02,-1.568006863839790585e-02,1.839576772963202010e-03,-1.091021053514918153e-03,1.928646641067930170e-02
3.955000000000000071e+00,1.235402138968509991e-02,-1.560575208460645603e-02,1.834120369568559847e-03,-1.091543452194752720e-03,1.922771995615570051e-02
3.959999999999999964e+00,1.227617790937551856e-02,-1.553167501066642607e-02,1.828661446180759095e-03,-1.092029109835774160e-03,1.916896150697440862e-02
3.965000000000000302e+00,1.219870421588917925e-02,-1.545783734001908091e-02,1.823200185681380725e-03,-1.092478355240012996e-03,1.911019289079076561e-02
3.970000000000000195e+00,1.212159911241451719e-02,-1.538423898982665787e-02,1.817736769312997772e-03,-1.092891515212488689e-03,1.905141591848391255e-02
3.975000000000000089e+00,1.204486140256971934e-02,-1.531087987103355551e-02,1.812271376689140014e-03,-1.093268914570045668e-03,1.899263238426036893e-02
3.979999999999999982e+00,1.196848989043367180e-02,-1.523775988842710795e-02,1.806804185804211389e-03,-1.093610876150173097e-03,1.893384406575696760e-02
3.984999999999999876e+00,1.189248338057658123e-02,-1.516487894069798621e-02,1.801335373043365991e-03,-1.093917720819802307e-03,1.887505272414355395e-02
3.990000000000000213e+00,1.181684067809031687e-02,-1.509223692050020230e-02,1.795865113192337235e-03,-1.094189767484088837e-03,1.881626010422497372e-02
3.995000000000000107e+00,1.174156058861844203e-02,-1.501983371451074550e-02,1.790393579447226028e-03,-1.094427333095172785e-03,1.875746793454264455e-02
4.000000000000000000e+00,1.166664191838594558e-02,-1.494766920348881631e-02,1.784920943424243411e-03,-1.094630732660916827e-03,1.869867792747580484e-02
4.004999999999999893e+00,1.159208347422869406e-02,-1.487574326233468205e-02,1.779447375169411353e-03,-1.094800279253628841e-03,1.863989177934198896e-02
4.009999999999999787e+00,1.151788406362257329e-02,-1.480405576014817010e-02,1.773973043168216267e-03,-1.094936284018759596e-03,1.858111117049775218e-02
4.014999999999999680e+00,1.144404249471234203e-02,-1.473260656028676022e-02,1.768498114355224150e-03,-1.095039056183588289e-03,1.852233776543787264e-02
4.020000000000000462e+00,1.137055757634021329e-02,-1.466139552042331450e-02,1.763022754123647366e-03,-1.095108903065878606e-03,1.846357321289499379e-02
4.025000000000000355e+00,1.129742811807411644e-02,-1.459042249260342899e-02,1.757547126334872180e-03,-1.095146130082521327e-03,1.840481914593835103e-02
4.030000000000000249e+00,1.122465293023569739e-02,-1.451968732330242290e-02,1.752071393327942058e-03,-1.095151040758151565e-03,1.834607718207223459e-02
4.035000000000000142e+00,1.115223082392803947e-02,-1.444918985348194254e-02,1.746595715928994782e-03,-1.095123936733748658e-03,1.828734892333384182e-02
4.040000000000000036e+00,1.108016061106307203e-02,-1.437892991864619940e-02,1.741120253460661828e-03,-1.095065117775213728e-03,1.822863595639074782e-02
4.044999999999999929e+00,1.100844110438872758e-02,-1.430890734889785597e-02,1.735645163751421347e-03,-1.094974881781923814e-03,1.816993985263798406e-02
4.049999999999999822e+00,1.093707111751581612e-02,-1.423912196899352819e-02,1.730170603144909509e-03,-1.094853524795269539e-03,1.811126216829459304e-02
4.054999999999999716e+00,1.086604946494460801e-02,-1.416957359839893585e-02,1.724696726509188701e-03,-1.094701341007167606e-03,1.805260444449973203e-02
4.060000000000000497e+00,1.079537496209115495e-02,-1.410026205134368681e-02,1.719223687245974297e-03,-1.094518622768554661e-03,1.799396820740835692e-02
4.065000000000000391e+00,1.072504642531333340e-02,-1.403118713687570920e-02,1.713751637299817639e-03,-1.094305660597857726e-03,1.793535496828642731e-02
4.070000000000000284e+00,1.065506267193661732e-02,-1.396234865891530889e-02,1.708280727167247595e-03,-1.094062743189443609e-03,1.787676622360560852e-02
4.075000000000000178e+00,1.058542252027958736e-02,-1.389374641630889556e-02,1.702811105905870049e-03,-1.093790157422045318e-03,1.781820345513767875e-02
4.080000000000000071e+00,1.051612478967915709e-02,-1.382538020288233069e-02,1.697342921143425547e-03,-1.093488188367168100e-03,1.775966813004832903e-02
4.084999999999999964e+00,1.044716830051555315e-02,-1.375724980749393374e-02,1.691876319086802914e-03,-1.093157119297470973e-03,1.770116170099074460e-02
4.089999999999999858e+00,1.037855187423701239e-02,-1.368935501408714492e-02,1.686411444531013635e-03,-1.092797231695132000e-03,1.764268560619847159e-02
4.094999999999999751e+00,1.031027433338423289e-02,-1.362169560174282014e-02,1.680948440868122859e-03,-1.092408805260185363e-03,1.758424126957791600e-02
4.099999999999999645e+00,1.024233450161455075e-02,-1.355427134473119986e-02,1.675487450096139639e-03,-1.091992117918836984e-03,1.752583010080059622e-02
4.105000000000000426e+00,1.017473120372586887e-02,-1.348708201256351366e-02,1.670028612827865761e-03,-1.091547445831760619e-03,1.746745349539465322e-02
4.110000000000000320e+00,1.010746326568032032e-02,-1.342012737004325690e-02,1.664572068299700978e-03,-1.091075063402367285e-03,1.740911283483622188e-02
4.115000000000000213e+00,1.004052951462768017e-02,-1.335340717731711008e-02,1.659117954380410305e-03,-1.090575243285056908e-03,1.735080948664011885e-02
4.120000000000000107e+00,9.973928778928527542e-03,-1.328692118992553205e-02,1.653666407579848377e-03,-1.090048256393441996e-03,1.729254480445020781e-02
4.125000000000000000e+00,9.907659888177140425e-03,-1.322066915885300280e-02,1.648217563057641742e-03,-1.089494371908551794e-03,1.723432012812947667e-02
4.129999999999999893e+00,9.841721673224163372e-03,-1.315465083057793493e-02,1.642771554631832116e-03,-1.088913857287014111e-03,1.717613678384927178e-02
4.134999999999999787e+00,9.776112966199004481e-03,-1.308886594712225376e-02,1.637328514787477363e-03,-1.088306978269210469e-03,1.711799608417863272e-02
4.139999999999999680e+00,9.710832600531998232e-03,-1.302331424610063057e-02,1.631888574685213871e-03,-1.087673998887413694e-03,1.705989932817262786e-02
4.145000000000000462e+00,9.645879410976318513e-03,-1.295799546076940346e-02,1.626451864169773829e-03,-1.087015181473894709e-03,1.700184780146081834e-02
4.150000000000000355e+00,9.581252233629648785e-03,-1.289290932007514795e-02,1.621018511778468240e-03,-1.086330786669014153e-03,1.694384277633486161e-02
4.155000000000000249e+00,9.516949905955614589e-03,-1.282805554870292998e-02,1.615588644749624400e-03,-1.085621073429284076e-03,1.688588551183594147e-02
4.160000000000000142e+00,9.452971266804959319e-03,-1.276343386712423464e-02,1.610162389030985212e-03,-1.084886299035410766e-03,1.682797725384171592e-02
4.165000000000000036e+00,9.389315156436508353e-03,-1.269904399164455654e-02,1.604739869288067953e-03,-1.084126719100313293e-03,1.677011923515270286e-02
4.169999999999999929e+00,9.325980416537871243e-03,-1.263488563445067971e-02,1.599321208912484436e-03,-1.083342587577115160e-03,1.671231267557846123e-02
4.174999999999999822e+00,9.262965890245920125e-03,-1.257095850365763136e-02,1.593906530030218469e-03,-1.082534156767116663e-03,1.665455878202327933e-02
4.179999999999999716e+00,9.200270422167027007e-03,-1.250726230335531472e-02,1.588495953509865780e-03,-1.081701677327742521e-03,1.659685874857129775e-02
4.185000000000000497e+00,9.137892858397080736e-03,-1.244379673365481748e-02,1.583089598970833633e-03,-1.080845398280463930e-03,1.653921375657134429e-02
4.190000000000000391e+00,9.075832046541264589e-03,-1.238056149073441838e-02,1.577687584791500090e-03,-1.079965567018697625e-03,1.648162497472143578e-02
4.195000000000000284e+00,9.014086835733603129e-03,-1.231755626688525729e-02,1.572290028117335993e-03,-1.079062429315681736e-03,1.642409355915262770e-02
4.200000000000000178e+00,8.952656076656285294e-03,-1.225478075055671384e-02,1.566897044868984000e-03,-1.078136229332327806e-03,1.636662065351277701e-02
4.205000000000000071e+00,8.891538621558758501e-03,-1.219223462640144952e-02,1.561508749750303154e-03,-1.077187209625048506e-03,1.630920738904949319e-02
4.209999999999999964e+00,8.830733324276609369e-03,-1.212991757532017045e-02,1.556125256256370290e-03,-1.076215611153560209e-03,1.625185488469302678e-02
4.214999999999999858e+00,8.770239040250199861e-03,-1.206782927450604503e-02,1.550746676681443717e-03,-1.075221673288663873e-03,1.619456424713863404e-02
4.219999999999999751e+00,8.710054626543100448e-03,-1.200596939748884220e-02,1.545373122126889173e-03,-1.074205633820001426e-03,1.613733657092834839e-02
4.224999999999999645e+00,8.650178941860301243e-03,-1.194433761417874884e-02,1.540004702509065876e-03,-1.073167728963785256e-03,1.608017293853263377e-02
4.230000000000000426e+00,8.590610846566194142e-03,-1.188293359090989050e-02,1.534641526567175063e-03,-1.072108193370506458e-03,1.602307442043154201e-02
4.235000000000000320e+00,8.531349202702345064e-03,-1.182175699048354858e-02,1.529283701871068414e-03,-1.071027260132618791e-03,1.596604207519528376e-02
4.240000000000000213e+00,8.472392874005059762e-03,-1.176080747221107045e-02,1.523931334829018748e-03,-1.069925160792195747e-03,1.590907694956464336e-02
4.245000000000000107e+00,8.413740725922715449e-03,-1.170008469195648118e-02,1.518584530695454285e-03,-1.068802125348566803e-03,1.585218007853084893e-02
4.250000000000000000e+00,8.355391625632898125e-03,-1.163958830217881428e-02,1.513243393578652578e-03,-1.067658382265926570e-03,1.579535248541508521e-02
4.254999999999999893e+00,8.297344442059323075e-03,-1.157931795197411282e-02,1.507908026448396503e-03,-1.066494158480920306e-03,1.573859518194762816e-02
4.259999999999999787e+00,8.239598045888543720e-03,-1.151927328711716512e-02,1.502578531143593807e-03,-1.065309679410206658e-03,1.568190916834652157e-02
4.264999999999999680e+00,8.182151309586448845e-03,-1.145945395010294042e-02,1.497255008379858076e-03,-1.064105168957993298e-03,1.562529543339597274e-02
4.270000000000000462e+00,8.125003107414565523e-03,-1.139985958018771908e-02,1.491937557757051953e-03,-1.062880849523551536e-03,1.556875495452410274e-02
4.275000000000000355e+00,8.068152315446153883e-03,-1.134048981342994367e-02,1.486626277766793297e-03,-1.061636942008702079e-03,1.551228869788060481e-02
4.280000000000000249e+00,8.011597811582083298e-03,-1.128134428273078541e-02,1.481321265799923374e-03,-1.060373665825279548e-03,1.545589761841394995e-02
4.285000000000000142e+00,7.955338475566522960e-03,-1.122242261787441235e-02,1.476022618153938421e-03,-1.059091238902572923e-03,1.539958265994794372e-02
4.290000000000000036e+00,7.899373189002434695e-03,-1.116372444556798516e-02,1.470730430040383899e-03,-1.057789877694738454e-03,1.534334475525817205e-02
4.294999999999999929e+00,7.843700835366845467e-03,-1.110524938948134928e-02,1.465444795592211677e-03,-1.056469797188190011e-03,1.528718482614797348e-02
4.299999999999999822e+00,7.788320300025945546e-03,-1.104699707028646179e-02,1.460165807871099258e-03,-1.055131210908965157e-03,1.523110378352402275e-02
4.304999999999999716e+00,7.733230470249975036e-03,-1.098896710569652845e-02,1.454893558874735407e-03,-1.053774330930064762e-03,1.517510252747145995e-02
4.310000000000000497e+00,7.678430235227922188e-03,-1.093115911050486500e-02,1.449628139544064569e-03,-1.052399367878770718e-03,1.511918194732885141e-02
4.315000000000000391e+00,7.623918486082022217e-03,-1.087357269662348434e-02,1.444369639770498983e-03,-1.051006530943937416e-03,1.506334292176244975e-02
4.320000000000000284e+00,7.569694115882074845e-03,-1.081620747312138711e-02,1.439118148403091546e-03,-1.049596027883258282e-03,1.500758631884019888e-02
4.325000000000000178e+00,7.515756019659558876e-03,-1.075906304626259892e-02,1.433873753255674420e-03,-1.048168065030506083e-03,1.495191299610555344e-02
4.330000000000000071e+00,7.462103094421566364e-03,-1.070213901954393185e-02,1.428636541113959251e-03,-1.046722847302753064e-03,1.489632380065084895e-02
4.334999999999999964e+00,7.408734239164542490e-03,-1.064543499373245099e-02,1.423406597742604435e-03,-1.045260578207564406e-03,1.484081956918988435e-02
4.339999999999999858e+00,7.355648354887839822e-03,-1.058895056690270509e-02,1.418184007892242483e-03,-1.043781459850165244e-03,1.478540112813070753e-02
4.344999999999999751e+00,7.302844344607090435e-03,-1.053268533447365186e-02,1.412968855306476158e-03,-1.042285692940584036e-03,1.473006929364764107e-02
4.350000000000000533e+00,7.250321113367393273e-03,-1.047663888924534048e-02,1.407761222728834286e-03,-1.040773476800771653e-03,1.467482487175318651e-02
4.355000000000000426e+00,7.198077568256314174e-03,-1.042081082143532164e-02,1.402561191909696770e-03,-1.039245009371696400e-03,1.461966865836935268e-02
4.360000000000000320e+00,7.146112618416714142e-03,-1.036520071871478189e-02,1.397368843613179708e-03,-1.037700487220414095e-03,1.456460143939865629e-02
4.365000000000000213e+00,7.094425175059382478e-03,-1.030980816624442985e-02,1.392184257623989068e-03,-1.036140105547110179e-03,1.450962399079491240e-02
4.370000000000000107e+00,7.043014151475505968e-03,-1.025463274671011005e-02,1.387007512754235335e-03,-1.034564058192122748e-03,1.445473707863350124e-02
4.375000000000000000e+00,6.991878463048955064e-03,-1.019967404035814970e-02,1.381838686850217577e-03,-1.032972537642938690e-03,1.439994145918109363e-02
4.379999999999999893e+00,6.941017027268391384e-03,-1.014493162503046775e-02,1.376677856799168268e-03,-1.031365735041160333e-03,1.434523787896559502e-02
4.384999999999999787e+00,6.890428763739200879e-03,-1.009040507619940463e-02,1.371525098535966453e-03,-1.029743840189455400e-03,1.429062707484502273e-02
4.389999999999999680e+00,6.840112594195261325e-03,-1.003609396700230402e-02,1.366380487049814914e-03,-1.028107041558476388e-03,1.423610977407653230e-02
4.395000000000000462e+00,6.790067442510525943e-03,-9.981997868275837779e-03,1.361244096390882641e-03,-1.026455526293758693e-03,1.418168669438482285e-02
4.400000000000000355e+00,6.740292234710440478e-03,-9.928116348590074192e-03,1.356115999676913483e-03,-1.024789480222591635e-03,1.412735854403031691e-02
4.405000000000000249e+00,6.690785898983198088e-03,-9.874448974282306821e-03,1.350996269099799876e-03,-1.023109087860866930e-03,1.407312602187684239e-02
4.410000000000000142e+00,6.641547365690814685e-03,-9.820995309490609254e-03,1.345884975932123409e-03,-1.021414532419900704e-03,1.401898981745911682e-02
4.415000000000000036e+00,6.592575567380040344e-03,-9.767754916187162614e-03,1.340782190533660028e-03,-1.019705995813232312e-03,1.396495061104977183e-02
4.419999999999999929e+00,6.543869438793110255e-03,-9.714727354211317653e-03,1.335687982357851864e-03,-1.017983658663398428e-03,1.391100907372598387e-02
4.424999999999999822e+00,6.495427916878322196e-03,-9.661912181302420924e-03,1.330602419958246086e-03,-1.016247700308679823e-03,1.385716586743589683e-02
4.429999999999999716e+00,6.447249940800459621e-03,-9.609308953132387685e-03,1.325525570994898639e-03,-1.014498298809828189e-03,1.380342164506456575e-02
4.435000000000000497e+00,6.399334451951043008e-03,-9.556917223338044082e-03,1.320457502240744794e-03,-1.012735630956763900e-03,1.374977705049967164e-02
4.440000000000000391e+00,6.351680393958431155e-03,-9.504736543553193515e-03,1.315398279587938262e-03,-1.010959872275253189e-03,1.369623271869661006e-02
4.445000000000000284e+00,6.304286712697749866e-03,-9.452766463440490444e-03,1.310347968054153232e-03,-1.009171197033556034e-03,1.364278927574366640e-02
4.450000000000000178e+00,6.257152356300672326e-03,-9.401006530723027971e-03,1.305306631788856475e-03,-1.007369778249054323e-03,1.358944733892657707e-02
4.455000000000000071e+00,6.210276275165039876e-03,-9.349456291215708578e-03,1.300274334079545195e-03,-1.005555787694854646e-03,1.353620751679253734e-02
4.459999999999999964e+00,6.163657421964319726e-03,-9.298115288856382415e-03,1.295251137357951486e-03,-1.003729395906361593e-03,1.348307040921445724e-02
4.464999999999999858e+00,6.117294751656917814e-03,-9.246983065736732316e-03,1.290237103206214476e-03,-1.001890772187833930e-03,1.343003660745423211e-02
4.469999999999999751e+00,6.071187221495331215e-03,-9.196059162132933298e-03,1.285232292363019946e-03,-1.000040084618910837e-03,1.337710669422614157e-02
4.475000000000000533e+00,6.025333791035149614e-03,-9.145343116536077885e-03,1.280236764729707427e-03,-9.981775000611166956e-04,1.332428124375956840e-02
4.480000000000000426e+00,5.979733422143906733e-03,-9.094834465682362021e-03,1.275250579376343467e-03,-9.963031841643385424e-04,1.327156082186173314e-02
4.485000000000000320e+00,5.934385079009774772e-03,-9.044532744583061099e-03,1.270273794547764970e-03,-9.944173013732829271e-04,1.321894598597985089e-02
4.490000000000000213e+00,5.889287728150119187e-03,-8.994437486554240566e-03,1.265306467669587414e-03,-9.925200149339076169e-04,1.316643728526280081e-02
4.495000000000000107e+00,5.844440338419902570e-03,-8.944548223246267041e-03,1.260348655354184442e-03,-9.906114868998244609e-04,1.311403526062281805e-02
4.500000000000000000e+00,5.799841881019934114e-03,-8.894864484673090446e-03,1.255400413406632110e-03,-9.886918781386820881e-04,1.306174044479680232e-02
4.504999999999999893e+00,5.755491329504983794e-03,-8.845385799241278074e-03,1.250461796830623206e-03,-9.867613483385260544e-04,1.300955336240696737e-02
4.509999999999999787e+00,5.711387659791742136e-03,-8.796111693778845692e-03,1.245532859834350137e-03,-9.848200560141294989e-04,1.295747453002144001e-02
4.514999999999999680e+00,5.667529850166647294e-03,-8.747041693563852721e-03,1.240613655836353977e-03,-9.828681585133023334e-04,1.290550445621453136e-02
4.520000000000000462e+00,5.623916881293562937e-03,-8.698175322352789257e-03,1.235704237471344684e-03,-9.809058120231774463e-04,1.285364364162662823e-02
4.525000000000000355e+00,5.580547736221308681e-03,-8.649512102408715014e-03,1.230804656595988573e-03,-9.789331715764713199e-04,1.280189257902362120e-02
4.530000000000000249e+00,5.537421400391065625e-03,-8.601051554529217866e-03,1.225914964294664991e-03,-9.769503910577201442e-04,1.275025175335619231e-02
4.535000000000000142e+00,5.494536861643630095e-03,-8.552793198074113909e-03,1.221035210885190693e-03,-9.749576232094915368e-04,1.269872164181873667e-02
4.540000000000000036e+00,5.451893110226535555e-03,-8.504736550992954974e-03,1.216165445924515150e-03,-9.729550196385733851e-04,1.264730271390793019e-02
4.544999999999999929e+00,5.409489138801035733e-03,-8.456881129852310622e-03,1.211305718214383993e-03,-9.709427308221385122e-04,1.259599543148096253e-02
4.549999999999999822e+00,5.367323942448948976e-03,-8.409226449862840236e-03,1.206456075806971008e-03,-9.689209061138848384e-04,1.254480024881350804e-02
4.554999999999999716e+00,5.325396518679373359e-03,-8.361772024906150014e-03,1.201616566010480858e-03,-9.668896937501517998e-04,1.249371761265730997e-02
4.560000000000000497e+00,5.283705867435263027e-03,-8.314517367561429645e-03,1.196787235394720147e-03,-9.648492408560130221e-04,1.244274796229745059e-02
4.565000000000000391e+00,5.242250991099877029e-03,-8.267461989131887762e-03,1.191968129796638562e-03,-9.627996934513436246e-04,1.239189172960935073e-02
4.570000000000000284e+00,5.201030894503090238e-03,-8.220605399670977489e-03,1.187159294325840523e-03,-9.607411964568646472e-04,1.234114933911545711e-02
4.575000000000000178e+00,5.160044584927581113e-03,-8.173947108008405155e-03,1.182360773370064524e-03,-9.586738937001643840e-04,1.229052120804162429e-02
4.580000000000000071e+00,5.119291072114882414e-03,-8.127486621775934297e-03,1.177572610600634935e-03,-9.565979279216958644e-04,1.224000774637303696e-02
4.584999999999999964e+00,5.078769368271307018e-03,-8.081223447432986720e-03,1.172794848977882359e-03,-9.545134407807485304e-04,1.218960935691003854e-02
4.589999999999999858e+00,5.038478488073748832e-03,-8.035157090292038840e-03,1.168027530756533643e-03,-9.524205728613984465e-04,1.213932643532351398e-02
4.594999999999999751e+00,4.998417448675351003e-03,-7.989287054543808136e-03,1.163270697491075199e-03,-9.503194636784340066e-04,1.208915937020997589e-02
4.600000000000000533e+00,4.958585269711056169e-03,-7.943612843282236644e-03,1.158524390041082083e-03,-9.482102516832576801e-04,1.203910854314637138e-02
4.605000000000000426e+00,4.918980973303022260e-03,-7.898133958529278409e-03,1.153788648576522342e-03,-9.460930742697639057e-04,1.198917432874458018e-02
4.610000000000000320e+00,4.879603584065927285e-03,-7.852849901259489201e-03,1.149063512583028837e-03,-9.439680677801942166e-04,1.193935709470558132e-02
4.615000000000000213e+00,4.840452129112143148e-03,-7.807760171424402845e-03,1.144349020867142450e-03,-9.418353675109681885e-04,1.188965720187338225e-02
4.620000000000000107e+00,4.801525638056787157e-03,-7.762864267976716734e-03,1.139645211561528390e-03,-9.396951077184917270e-04,1.184007500428849516e-02
4.625000000000000000e+00,4.762823143022662520e-03,-7.718161688894288261e-03,1.134952122130159554e-03,-9.375474216249397690e-04,1.179061084924135257e-02
4.629999999999999893e+00,4.724343678645063528e-03,-7.673651931203924817e-03,1.130269789373475374e-03,-9.353924414240190333e-04,1.174126507732521293e-02
4.634999999999999787e+00,4.686086282076482729e-03,-7.629334491004980366e-03,1.125598249433507709e-03,-9.332302982867049686e-04,1.169203802248878696e-02
4.639999999999999680e+00,4.648049992991180185e-03,-7.585208863492761203e-03,1.120937537798981799e-03,-9.310611223669547397e-04,1.164293001208867306e-02
4.645000000000000462e+00,4.610233853589653860e-03,-7.541274542981737418e-03,1.116287689310386860e-03,-9.288850428073986386e-04,1.159394136694143380e-02
4.650000000000000355e+00,4.572636908602979028e-03,-7.497531022928564416e-03,1.111648738165017629e-03,-9.267021877450072088e-04,1.154507240137539990e-02
4.655000000000000249e+00,4.535258205297043599e-03,-7.453977795954913610e-03,1.107020717921988794e-03,-9.245126843167366867e-04,1.149632342328217594e-02
4.660000000000000142e+00,4.498096793476667223e-03,-7.410614353870107092e-03,1.102403661507222110e-03,-9.223166586651499388e-04,1.144769473416765854e-02
4.665000000000000036e+00,4.461151725489605029e-03,-7.367440187693579702e-03,1.097797601218403153e-03,-9.201142359440117038e-04,1.139918662920326627e-02
4.669999999999999929e+00,4.424422056230439479e-03,-7.324454787677139866e-03,1.093202568729911622e-03,-9.179055403238671387e-04,1.135079939727630730e-02
4.674999999999999822e+00,4.387906843144369004e-03,-7.281657643327046556e-03,1.088618595097723667e-03,-9.156906949975924994e-04,1.130253332104039048e-02
4.679999999999999716e+00,4.351605146230875208e-03,-7.239048243425908434e-03,1.084045710764285596e-03,-9.134698221859240304e-04,1.125438867696543568e-02
4.685000000000000497e+00,4.315516028047291196e-03,-7.196626076054393924e-03,1.079483945563363290e-03,-9.112430431429627839e-04,1.120636573538740834e-02
4.690000000000000391e+00,4.279638553712253671e-03,-7.154390628612759123e-03,1.074933328724857803e-03,-9.090104781616580813e-04,1.115846476055797933e-02
4.695000000000000284e+00,4.243971790909055290e-03,-7.112341387842196182e-03,1.070393888879600779e-03,-9.067722465792701567e-04,1.111068601069342167e-02
4.700000000000000178e+00,4.208514809888882525e-03,-7.070477839845995191e-03,1.065865654064117362e-03,-9.045284667828047210e-04,1.106302973802366849e-02
4.705000000000000071e+00,4.173266683473956379e-03,-7.028799470110535207e-03,1.061348651725364800e-03,-9.022792562144285513e-04,1.101549618884090781e-02
4.709999999999999964e+00,4.138226487060562078e-03,-6.987305763526092256e-03,1.056842908725442662e-03,-9.000247313768611201e-04,1.096808560354795362e-02
4.714999999999999858e+00,4.103393298621981627e-03,-6.945996204407470405e-03,1.052348451346277018e-03,-8.977650078387448655e-04,1.092079821670621960e-02
4.719999999999999751e+00,4.068766198711316201e-03,-6.904870276514455882e-03,1.047865305294276876e-03,-8.955002002399909582e-04,1.087363425708357326e-02
4.725000000000000533e+00,4.034344270464213129e-03,-6.863927463072095995e-03,1.043393495704965888e-03,-8.932304222971033849e-04,1.082659394770178404e-02
4.730000000000000426e+00,4.000126599601487934e-03,-6.823167246790807182e-03,1.038933047147583277e-03,-8.909557868084812390e-04,1.077967750588384142e-02
4.735000000000000320e+00,3.966112274431645747e-03,-6.782589109886305243e-03,1.034483983629663935e-03,-8.886764056596981346e-04,1.073288514330076292e-02
4.740000000000000213e+00,3.932300385853309925e-03,-6.742192534099366447e-03,1.030046328601588604e-03,-8.863923898287576599e-04,1.068621706601836571e-02
4.745000000000000107e+00,3.898690027357543976e-03,-6.701977000715416896e-03,1.025620104961107821e-03,-8.841038493913283385e-04,1.063967347454365144e-02
4.750000000000000000e+00,3.865280295030082414e-03,-6.661941990583953623e-03,1.021205335057841787e-03,-8.818108935259554981e-04,1.059325456387098449e-02
4.754999999999999893e+00,3.832070287553458396e-03,-6.622086984137791343e-03,1.016802040697751403e-03,-8.795136305192521051e-04,1.054696052352791652e-02
4.759999999999999787e+00,3.799059106209043326e-03,-6.582411461412147023e-03,1.012410243147586313e-03,-8.772121677710660722e-04,1.050079153762070727e-02
4.764999999999999680e+00,3.766245854878985840e-03,-6.542914902063556165e-03,1.008029963139305202e-03,-8.749066117996247977e-04,1.045474778487977784e-02
4.770000000000000462e+00,3.733629640048057117e-03,-6.503596785388618233e-03,1.003661220874471150e-03,-8.725970682466588878e-04,1.040882943870465385e-02
4.775000000000000355e+00,3.701209570805406857e-03,-6.464456590342586816e-03,9.993040360286218303e-04,-8.702836418825032200e-04,1.036303666720888618e-02
4.780000000000000249e+00,3.668984758846220804e-03,-6.425493795557784583e-03,9.949584277556130455e-04,-8.679664366111762130e-04,1.031736963326448757e-02
4.785000000000000142e+00,3.636954318473291977e-03,-6.386707879361864723e-03,9.906244146919381856e-04,-8.656455554754378468e-04,1.027182849454625832e-02
4.790000000000000036e+00,3.605117366598498217e-03,-6.348098319795904970e-03,9.863020149610214529e-04,-8.633211006618251313e-04,1.022641340357573203e-02
4.794999999999999929e+00,3.573473022744188664e-03,-6.309664594632342915e-03,9.819912461774865826e-04,-8.609931735056646981e-04,1.018112450776499298e-02
4.799999999999999822e+00,3.542020409044485240e-03,-6.271406181392750849e-03,9.776921254514006274e-04,-8.586618744960658771e-04,1.013596194946004767e-02
4.804999999999999716e+00,3.510758650246490874e-03,-6.233322557365446673e-03,9.734046693924922619e-04,-8.563273032808890522e-04,1.009092586598418426e-02
4.810000000000000497e+00,3.479686873711411443e-03,-6.195413199622960831e-03,9.691288941143456947e-04,-8.539895586716955873e-04,1.004601638968088614e-02
4.815000000000000391e+00,3.448804209415593566e-03,-6.157677585039329771e-03,9.648648152385699665e-04,-8.516487386486740066e-04,1.000123364795649748e-02
4.820000000000000284e+00,3.418109789951472195e-03,-6.120115190307241076e-03,9.606124478989438564e-04,-8.493049403655448170e-04,9.956577763322732588e-03
4.825000000000000178e+00,3.387602750528437116e-03,-6.082725491955025092e-03,9.563718067455347647e-04,-8.469582601544438632e-04,9.912048853438918186e-03
4.830000000000000071e+00,3.357282228973609232e-03,-6.045507966363489541e-03,9.521429059487959137e-04,-8.446087935307856247e-04,9.867647031153860965e-03
4.834999999999999964e+00,3.327147365732540090e-03,-6.008462089782597160e-03,9.479257592036370930e-04,-8.422566351981029863e-04,9.823372404547595430e-03
4.839999999999999858e+00,3.297197303869822075e-03,-5.971587338348002816e-03,9.437203797334719861e-04,-8.399018790528670585e-04,9.779225076972862876e-03
4.844999999999999751e+00,3.267431189069620098e-03,-5.934883188097424961e-03,9.395267802942414278e-04,-8.375446181892857479e-04,9.735205147096246889e-03
4.850000000000000533e+00,3.237848169636120457e-03,-5.898349114986877438e-03,9.353449731784129178e-04,-8.351849449040801019e-04,9.691312708939135365e-03
4.855000000000000426e+00,3.208447396493899033e-03,-5.861984594906744298e-03,9.311749702189562813e-04,-8.328229507012394018e-04,9.647547851918432740e-03
4.860000000000000320e+00,3.179228023188209688e-03,-5.825789103697713231e-03,9.270167827932952612e-04,-8.304587262967557662e-04,9.603910660887103948e-03
4.865000000000000213e+00,3.150189205885193730e-03,-5.789762117166558086e-03,9.228704218272354735e-04,-8.280923616233384780e-04,9.560401216174244793e-03
4.870000000000000107e+00,3.121330103372008287e-03,-5.753903111101767859e-03,9.187358977988695956e-04,-8.257239458351059783e-04,9.517019593625136720e-03
4.875000000000000000e+00,3.092649877056881814e-03,-5.718211561289043843e-03,9.146132207424583762e-04,-8.233535673122565008e-04,9.473765864640996265e-03
4.879999999999999893e+00,3.064147690969087640e-03,-5.682686943526638924e-03,9.105024002522881183e-04,-8.209813136657198411e-04,9.430640096218384505e-03
4.884999999999999787e+00,3.035822711758843356e-03,-5.647328733640563300e-03,9.064034454865061525e-04,-8.186072717417859244e-04,9.387642350988496809e-03
4.889999999999999680e+00,3.007674108697136039e-03,-5.612136407499639275e-03,9.023163651709322419e-04,-8.162315276267143992e-04,9.344772687256194116e-03
4.895000000000000462e+00,2.979701053675468982e-03,-5.577109441030414679e-03,8.982411676028471091e-04,-8.138541666513222222e-04,9.302031159038692473e-03
4.900000000000000355e+00,2.951902721205536002e-03,-5.542247310231940977e-03,8.941778606547581961e-04,-8.114752733955508598e-04,9.259417816104210941e-03
4.905000000000000249e+00,2.924278288418823753e-03,-5.507549491190406529e-03,8.901264517781427637e-04,-8.090949316930144079e-04,9.216932704010142446e-03
4.910000000000000142e+00,2.896826935066138583e-03,-5.473015460093630206e-03,8.860869480071682227e-04,-8.067132246355240757e-04,9.174575864141198620e-03
4.915000000000000036e+00,2.869547843517062258e-03,-5.438644693245416224e-03,8.820593559623896972e-04,-8.043302345775948893e-04,9.132347333747183396e-03
4.919999999999999929e+00,2.842440198759337445e-03,-5.404436667079771071e-03,8.780436818544255784e-04,-8.019460431409304937e-04,9.090247145980622639e-03
4.924999999999999822e+00,2.815503188398181620e-03,-5.370390858174991199e-03,8.740399314876099845e-04,-7.995607312188877892e-04,9.048275329934117941e-03
4.929999999999999716e+00,2.788736002655529869e-03,-5.336506743267600654e-03,8.700481102636234291e-04,-7.971743789809223766e-04,9.006431910677483582e-03
4.935000000000000497e+00,2.762137834369208719e-03,-5.302783799266164687e-03,8.660682231851015876e-04,-7.947870658770122112e-04,8.964716909294600730e-03
4.940000000000000391e+00,2.735707878992042763e-03,-5.269221503264963705e-03,8.621002748592215131e-04,-7.923988706420608723e-04,8.923130342920112049e-03
4.945000000000000284e+00,2.709445334590891447e-03,-5.235819332557539729e-03,8.581442695012657341e-04,-7.900098713002813187e-04,8.881672224775946298e-03
4.950000000000000178e+00,2.683349401845620385e-03,-5.202576764650101472e-03,8.542002109381651017e-04,-7.876201451695617533e-04,8.840342564207400583e-03
4.955000000000000071e+00,2.657419284048003275e-03,-5.169493277274805378e-03,8.502681026120193029e-04,-7.852297688658061185e-04,8.799141366719226073e-03
4.959999999999999964e+00,2.631654187100559636e-03,-5.136568348402900490e-03,8.463479475835961226e-04,-7.828388183072598457e-04,8.758068634011354631e-03
4.964999999999999858e+00,2.606053319515327926e-03,-5.103801456257746685e-03,8.424397485358091310e-04,-7.804473687188121867e-04,8.717124364014479723e-03
4.969999999999999751e+00,2.580615892412570569e-03,-5.071192079327705403e-03,8.385435077771731440e-04,-7.780554946362808720e-04,8.676308550925364987e-03
4.975000000000000533e+00,2.555341119519419137e-03,-5.038739696378894198e-03,8.346592272452394096e-04,-7.756632699106764950e-04,8.635621185241925540e-03
4.980000000000000426e+00,2.530228217168452743e-03,-5.006443786467820733e-03,8.307869085100088929e-04,-7.732707677124452117e-04,8.595062253798109800e-03
4.985000000000000320e+00,2.505276404296214853e-03,-4.974303828953891872e-03,8.269265527773244197e-04,-7.708780605356944189e-04,8.554631739798602627e-03
4.990000000000000213e+00,2.480484902441668950e-03,-4.942319303511788324e-03,8.230781608922416778e-04,-7.684852202023973984e-04,8.514329622853238771e-03
4.995000000000000107e+00,2.455852935744589575e-03,-4.910489690143720470e-03,8.192417333423801604e-04,-7.660923178665779041e-04,8.474155879011202944e-03
5.000000000000000000e+00,2.431379730943896561e-03,-4.878814469191560151e-03,8.154172702612514506e-04,-7.636994240184768589e-04,8.434110480795125805e-03
5.004999999999999893e+00,2.407064517375922912e-03,-4.847293121348845817e-03,8.116047714315683141e-04,-7.613066084886978020e-04,8.394193397234803525e-03
5.009999999999999787e+00,2.382906526972631504e-03,-4.815925127672667991e-03,8.078042362885326511e-04,-7.589139404523347716e-04,8.354404593900785492e-03
5.014999999999999680e+00,2.358904994259765440e-03,-4.784709969595428956e-03,8.040156639231024142e-04,-7.565214884330786127e-04,8.314744032937764276e-03
5.020000000000000462e+00,2.335059156354941153e-03,-4.753647128936487956e-03,8.002390530852384687e-04,-7.541293203073053944e-04,8.275211673097731396e-03
5.025000000000000355e+00,2.311368252965687303e-03,-4.722736087913678889e-03,7.964744021871310699e-04,-7.517375033081454211e-04,8.235807469772928394e-03
5.030000000000000249e+00,2.287831526387422518e-03,-4.691976329154711779e-03,7.927217093064060655e-04,-7.493461040295332698e-04,8.196531375028553307e-03
5.035000000000000142e+00,2.264448221501377638e-03,-4.661367335708459757e-03,7.889809721893104987e-04,-7.469551884302379858e-04,8.157383337635359596e-03
5.040000000000000036e+00,2.241217585772461562e-03,-4.630908591056118531e-03,7.852521882538784784e-04,-7.445648218378757158e-04,8.118363303101869960e-03
5.044999999999999929e+00,2.218138869247073767e-03,-4.600599579122255714e-03,7.815353545930771003e-04,-7.421750689529005469e-04,8.079471213706571064e-03
5.049999999999999822e+00,2.195211324550858708e-03,-4.570439784285744780e-03,7.778304679779319847e-04,-7.397859938525796260e-04,8.040707008529823785e-03
5.054999999999999716e+00,2.172434206886406441e-03,-4.540428691390578468e-03,7.741375248606336247e-04,-7.373976599949482206e-04,8.002070623485494152e-03
5.060000000000000497e+00,2.149806774030902506e-03,-4.510565785756572021e-03,7.704565213776234586e-04,-7.350101302227446138e-04,7.963561991352488892e-03
5.065000000000000391e+00,2.127328286333720134e-03,-4.480850553189947606e-03,7.667874533526609698e-04,-7.326234667673272184e-04,7.925181041806055038e-03
5.070000000000000284e+00,2.104998006713963438e-03,-4.451282479993809438e-03,7.631303162998699695e-04,-7.302377312525731509e-04,7.886927701448904343e-03
5.075000000000000178e+00,2.082815200657956410e-03,-4.421861052978504417e-03,7.594851054267669904e-04,-7.278529846987590252e-04,7.848801893842018498e-03
5.080000000000000071e+00,2.060779136216680726e-03,-4.392585759471872610e-03,7.558518156372695139e-04,-7.254692875264213622e-04,7.810803539535428330e-03
5.084999999999999964e+00,2.038889084003164560e-03,-4.363456087329384975e-03,7.522304415346851153e-04,-7.230866995601993282e-04,7.772932556098669475e-03
5.089999999999999858e+00,2.017144317189815874e-03,-4.334471524944172663e-03,7.486209774246807688e-04,-7.207052800326595827e-04,7.735188858151080191e-03
5.094999999999999751e+00,1.995544111505713654e-03,-4.305631561256940097e-03,7.450234173182343706e-04,-7.183250875881018287e-04,7.697572357391837226e-03
5.100000000000000533e+00,1.974087745233842756e-03,-4.276935685765781772e-03,7.414377549345663133e-04,-7.159461802863457134e-04,7.660082962629973478e-03
5.105000000000000426e+00,1.952774499208281920e-03,-4.248383388535881093e-03,7.378639837040524120e-04,-7.135686156065003827e-04,7.622720579814020077e-03
5.110000000000000320e+00,1.931603656811346683e-03,-4.219974160209100794e-03,7.343020967711180735e-04,-7.111924504507160377e-04,7.585485112061496685e-03
5.115000000000000213e+00,1.910574503970681329e-03,-4.191707492013479683e-03,7.307520869971140341e-04,-7.088177411479165170e-04,7.548376459688291643e-03
5.120000000000000107e+00,1.889686329156304006e-03,-4.163582875772603616e-03,7.272139469631724732e-04,-7.064445434575136653e-04,7.511394520237718586e-03
5.125000000000000000e+00,1.868938423377605870e-03,-4.135599803914888871e-03,7.236876689730461056e-04,-7.040729125731044627e-04,7.474539188509498472e-03
5.129999999999999893e+00,1.848330080180304045e-03,-4.107757769482751030e-03,7.201732450559274320e-04,-7.017029031261492892e-04,7.437810356588480526e-03
5.134999999999999787e+00,1.827860595643349909e-03,-4.080056266141675846e-03,7.166706669692509682e-04,-6.993345691896327328e-04,7.401207913873192323e-03
5.139999999999999680e+00,1.807529268375790117e-03,-4.052494788189181692e-03,7.131799262014755243e-04,-6.969679642817067262e-04,7.364731747104262365e-03
5.145000000000000462e+00,1.787335399513583596e-03,-4.025072830563682265e-03,7.097010139748498965e-04,-6.946031413693157935e-04,7.328381740392538209e-03
5.150000000000000355e+00,1.767278292716377560e-03,-3.997789888853250408e-03,7.062339212481601267e-04,-6.922401528718041906e-04,7.292157775247036337e-03
5.155000000000000249e+00,1.747357254164234961e-03,-3.970645459304276113e-03,7.027786387194577891e-04,-6.898790506645048311e-04,7.256059730602879010e-03
5.160000000000000142e+00,1.727571592554323111e-03,-3.943639038830024784e-03,6.993351568287715795e-04,-6.875198860823123837e-04,7.220087482848785293e-03
5.165000000000000036e+00,1.707920619097557432e-03,-3.916770125019104418e-03,6.959034657608005820e-04,-6.851627099232367440e-04,7.184240905854603725e-03
5.169999999999999929e+00,1.688403647515204211e-03,-3.890038216143815696e-03,6.924835554475896465e-04,-6.828075724519406782e-04,7.148519870998486757e-03
5.174999999999999822e+00,1.669019994035440867e-03,-3.863442811168424015e-03,6.890754155711873103e-04,-6.804545234032590350e-04,7.112924247194033107e-03
5.179999999999999716e+00,1.649768977389875872e-03,-3.836983409757321797e-03,6.856790355662863721e-04,-6.781036119857006099e-04,7.077453900917119595e-03
5.185000000000000497e+00,1.630649918810028352e-03,-3.810659512283097114e-03,6.822944046228467943e-04,-6.757548868849327711e-04,7.042108696232634961e-03
5.190000000000000391e+00,1.611662142023766913e-03,-3.784470619834507353e-03,6.789215116887007155e-04,-6.734083962672492802e-04,7.006888494821064510e-03
5.195000000000000284e+00,1.592804973251708790e-03,-3.758416234224354422e-03,6.755603454721415251e-04,-6.710641877830210910e-04,6.971793156004714789e-03
5.200000000000000178e+00,1.574077741203580181e-03,-3.732495857997267588e-03,6.722108944444941817e-04,-6.687223085701279575e-04,6.936822536774008528e-03
5.205000000000000071e+00,1.555479777074538199e-03,-3.706708994437390905e-03,6.688731468426693761e-04,-6.663828052573756225e-04,6.901976491813425693e-03
5.209999999999999964e+00,1.537010414541454227e-03,-3.681055147575978265e-03,6.655470906717002397e-04,-6.640457239678942492e-04,6.867254873527317040e-03
5.214999999999999858e+00,1.518668989759159108e-03,-3.655533822198893477e-03,6.622327137072625720e-04,-6.617111103225201563e-04,6.832657532065607511e-03
5.219999999999999751e+00,1.500454841356652341e-03,-3.630144523854021005e-03,6.589300034981772879e-04,-6.593790094431613985e-04,6.798184315349202998e-03
5.225000000000000533e+00,1.482367310433272464e-03,-3.604886758858581730e-03,6.556389473688976855e-04,-6.570494659561456740e-04,6.763835069095312097e-03
5.230000000000000426e+00,1.464405740554833822e-03,-3.579760034306360243e-03,6.523595324219778500e-04,-6.547225239955515360e-04,6.729609636842612611e-03
5.235000000000000320e+00,1.446569477749724527e-03,-3.554763858074841496e-03,6.490917455405259854e-04,-6.523982272065233408e-04,6.695507859976144831e-03
5.240000000000000213e+00,1.428857870504971015e-03,-3.529897738832257683e-03,6.458355733906415933e-04,-6.500766187485687402e-04,6.661529577752123288e-03
5.245000000000000107e+00,1.411270269762266620e-03,-3.505161186044542312e-03,6.425910024238344360e-04,-6.477577412988400193e-04,6.627674627322589773e-03
5.250000000000000000e+00,1.393806028913966094e-03,-3.480553709982204050e-03,6.393580188794284296e-04,-6.454416370553998222e-04,6.593942843759815695e-03
5.254999999999999893e+00,1.376464503799045003e-03,-3.456074821727104281e-03,6.361366087869489488e-04,-6.431283477404682288e-04,6.560334060080575194e-03
5.259999999999999787e+00,1.359245052699027678e-03,-3.431724033179153147e-03,6.329267579684941941e-04,-6.408179146036551950e-04,6.526848107270278622e-03
5.264999999999999680e+00,1.342147036333878963e-03,-3.407500857062915368e-03,6.297284520410900786e-04,-6.385103784251753211e-04,6.493484814306925597e-03
5.270000000000000462e+00,1.325169817857865589e-03,-3.383404806934134541e-03,6.265416764190288521e-04,-6.362057795190474404e-04,6.460244008184877658e-03
5.275000000000000355e+00,1.308312762855383306e-03,-3.359435397186166360e-03,6.233664163161927634e-04,-6.339041577362776198e-04,6.427125513938446166e-03
5.280000000000000249e+00,1.291575239336753642e-03,-3.335592143056332476e-03,6.202026567483604836e-04,-6.316055524680247056e-04,6.394129154665402145e-03
5.285000000000000142e+00,1.274956617733987710e-03,-3.311874560632185015e-03,6.170503825354986755e-04,-6.293100026487522067e-04,6.361254751550212902e-03
5.290000000000000036e+00,1.258456270896520521e-03,-3.288282166857693905e-03,6.139095783040379511e-04,-6.270175467593614230e-04,6.328502123887187573e-03
5.294999999999999929e+00,1.242073574086912562e-03,-3.264814479539346163e-03,6.107802284891326742e-04,-6.247282228303098267e-04,6.295871089103444000e-03
5.299999999999999822e+00,1.225807904976522955e-03,-3.241471017352165387e-03,6.076623173369050416e-04,-6.224420684447139413e-04,6.263361462781735084e-03
5.304999999999999716e+00,1.209658643641151402e-03,-3.218251299845647107e-03,6.045558289066748541e-04,-6.201591207414354143e-04,6.230973058683047898e-03
5.310000000000000497e+00,1.193625172556651501e-03,-3.195154847449616087e-03,6.014607470731720470e-04,-6.178794164181511525e-04,6.198705688769151623e-03
5.315000000000000391e+00,1.177706876594513926e-03,-3.172181181480001645e-03,5.983770555287361032e-04,-6.156029917344088206e-04,6.166559163224880069e-03
5.320000000000000284e+00,1.161903143017422712e-03,-3.149329824144533191e-03,5.953047377854981184e-04,-6.133298825146649928e-04,6.134533290480314455e-03
5.325000000000000178e+00,1.146213361474781190e-03,-3.126600298548354220e-03,5.922437771775492053e-04,-6.110601241513089919e-04,6.102627877232827402e-03
5.330000000000000071e+00,1.130636923998212329e-03,-3.103992128699563022e-03,5.891941568630931769e-04,-6.087937516076703586e-04,6.070842728468891884e-03
5.334999999999999964e+00,1.115173224997028072e-03,-3.081504839514669254e-03,5.861558598265844853e-04,-6.065307994210103817e-04,6.039177647485863276e-03
5.339999999999999858e+00,1.099821661253676339e-03,-3.059137956823976354e-03,5.831288688808506553e-04,-6.042713017054992088e-04,6.007632435913456102e-03
5.344999999999999751e+00,1.084581631919157236e-03,-3.036891007376885457e-03,5.801131666692009494e-04,-6.020152921551770193e-04,5.976206893735187820e-03
5.350000000000000533e+00,1.069452538508414543e-03,-3.014763518847124284e-03,5.771087356675189866e-04,-5.997628040468991513e-04,5.944900819309633516e-03
5.355000000000000426e+00,1.054433784895702055e-03,-2.992755019837897105e-03,5.741155581863420249e-04,-5.975138702432665917e-04,5.913714009391472445e-03
5.360000000000000320e+00,1.039524777309922161e-03,-2.970865039886963141e-03,5.711336163729244155e-04,-5.952685231955411787e-04,5.882646259152489454e-03
5.365000000000000213e+00,1.024724924329941875e-03,-2.949093109471636904e-03,5.681628922132871779e-04,-5.930267949465449755e-04,5.851697362202375186e-03
5.370000000000000107e+00,1.010033636879881973e-03,-2.927438760013717414e-03,5.652033675342529396e-04,-5.907887171335457661e-04,5.820867110609311175e-03
5.375000000000000000e+00,9.954503282243825062e-04,-2.905901523884340219e-03,5.622550240054664545e-04,-5.885543209911254202e-04,5.790155294920538466e-03
5.379999999999999893e+00,9.809744139638442318e-04,-2.884480934408759165e-03,5.593178431414013536e-04,-5.863236373540353565e-04,5.759561704182655610e-03
5.384999999999999787e+00,9.666053120296456578e-04,-2.863176525871053563e-03,5.563918063033513901e-04,-5.840966966600354181e-04,5.729086125961877635e-03
5.389999999999999680e+00,9.523424426793388343e-04,-2.841987833518764672e-03,5.534768947014088915e-04,-5.818735289527184355e-04,5.698728346364022659e-03
5.395000000000000462e+00,9.381852284918185819e-04,-2.820914393567458892e-03,5.505730893964287925e-04,-5.796541638843198284e-04,5.668488150054501983e-03
5.400000000000000355e+00,9.241330943624727476e-04,-2.799955743205223297e-03,5.476803713019773789e-04,-5.774386307185117029e-04,5.638365320278087255e-03
5.405000000000000249e+00,9.101854674983076311e-04,-2.779111420597085713e-03,5.447987211862693243e-04,-5.752269583331848062e-04,5.608359638878458210e-03
5.410000000000000142e+00,8.963417774130528126e-04,-2.758380964889370172e-03,5.419281196740888956e-04,-5.730191752232120491e-04,5.578470886317783359e-03
5.415000000000000036e+00,8.826014559222435368e-04,-2.737763916213978212e-03,5.390685472486983661e-04,-5.708153095031996693e-04,5.548698841695994498e-03
5.419999999999999929e+00,8.689639371382827139e-04,-2.717259815692606422e-03,5.362199842537327668e-04,-5.686153889102232156e-04,5.519043282770020459e-03
5.424999999999999822e+00,8.554286574654811287e-04,-2.696868205440889829e-03,5.333824108950803271e-04,-5.664194408065491119e-04,5.489503985972842177e-03
5.429999999999999716e+00,8.419950555950779167e-04,-2.676588628572481102e-03,5.305558072427497959e-04,-5.642274921823412599e-04,5.460080726432400312e-03
5.435000000000000497e+00,8.286625725002400066e-04,-2.656420629203062964e-03,5.277401532327247527e-04,-5.620395696583538716e-04,5.430773277990416127e-03
5.440000000000000391e+00,8.154306514310423731e-04,-2.636363752454289489e-03,5.249354286688028481e-04,-5.598556994886099911e-04,5.401581413220998135e-03
5.445000000000000284e+00,8.022987379094286648e-04,-2.616417544457668408e-03,5.221416132244236603e-04,-5.576759075630645119e-04,5.372504903449150729e-03
5.450000000000000178e+00,7.892662797241518837e-04,-2.596581552358370130e-03,5.193586864444827821e-04,-5.555002194102545091e-04,5.343543518769150111e-03
5.455000000000000071e+00,7.763327269256969573e-04,-2.576855324318973878e-03,5.165866277471307293e-04,-5.533286601999335254e-04,5.314697028062807457e-03
5.459999999999999964e+00,7.634975318211842301e-04,-2.557238409523152241e-03,5.138254164255621993e-04,-5.511612547456936056e-04,5.285965199017524790e-03
5.464999999999999858e+00,7.507601489692554983e-04,-2.537730358179288073e-03,5.110750316497887418e-04,-5.489980275075720438e-04,5.257347798144310080e-03
5.469999999999999751e+00,7.381200351749409635e-04,-2.518330721524027638e-03,5.083354524684012381e-04,-5.468390025946452291e-04,5.228844590795536477e-03
5.475000000000000533e+00,7.255766494845094887e-04,-2.499039051825771747e-03,5.056066578103169838e-04,-5.446842037676065526e-04,5.200455341182725830e-03
5.480000000000000426e+00,7.131294531803009660e-04,-2.479854902388103997e-03,5.028886264865167982e-04,-5.425336544413322803e-04,5.172179812394008674e-03
5.485000000000000320e+00,7.007779097755424203e-04,-2.460777827553154839e-03,5.001813371917661951e-04,-5.403873776874320309e-04,5.144017766411667497e-03
5.490000000000000213e+00,6.885214850091462245e-04,-2.441807382704907093e-03,4.974847685063262534e-04,-5.382453962367866754e-04,5.115968964129393760e-03
5.495000000000000107e+00,6.763596468404937858e-04,-2.422943124272438145e-03,4.947988988976507194e-04,-5.361077324820723604e-04,5.088033165369436513e-03
5.500000000000000000e+00,6.642918654442010176e-04,-2.404184609733099696e-03,4.921237067220705311e-04,-5.339744084802695683e-04,5.060210128899678139e-03
5.504999999999999893e+00,6.523176132048698252e-04,-2.385531397615639395e-03,4.894591702264663091e-04,-5.318454459551592763e-04,5.032499612450533170e-03
5.509999999999999787e+00,6.404363647118233287e-04,-2.366983047503263063e-03,4.868052675499281068e-04,-5.297208662998066468e-04,5.004901372731763824e-03
5.514999999999999680e+00,6.286475967538255813e-04,-2.348539120036634894e-03,4.841619767254028020e-04,-5.276006905790289964e-04,4.977415165449099524e-03
5.520000000000000462e+00,6.169507883137878438e-04,-2.330199176916820415e-03,4.815292756813289651e-04,-5.254849395318519478e-04,4.950040745320816518e-03
5.525000000000000355e+00,6.053454205634583793e-04,-2.311962780908170898e-03,4.789071422432599097e-04,-5.233736335739518119e-04,4.922777866094105864e-03
5.530000000000000249e+00,5.938309768580995627e-04,-2.293829495841149223e-03,4.762955541354742207e-04,-5.212667928000839839e-04,4.895626280561373757e-03
5.535000000000000142e+00,5.824069427311502449e-04,-2.275798886615097629e-03,4.736944889825745733e-04,-5.191644369864981123e-04,4.868585740576367518e-03
5.540000000000000036e+00,5.710728058888740223e-04,-2.257870519200949957e-03,4.711039243110739746e-04,-5.170665855933404735e-04,4.841655997070288577e-03
5.544999999999999929e+00,5.598280562049956889e-04,-2.240043960643886643e-03,4.685238375509704050e-04,-5.149732577670430118e-04,4.814836800067621818e-03
5.549999999999999822e+00,5.486721857153226177e-04,-2.222318779065932028e-03,4.659542060373094243e-04,-5.128844723426989344e-04,4.788127898701968407e-03
5.554999999999999716e+00,5.376046886123546495e-04,-2.204694543668496171e-03,4.633950070117348521e-04,-5.108002478464250800e-04,4.761529041231693862e-03
5.560000000000000497e+00,5.266250612398801038e-04,-2.187170824734863735e-03,4.608462176240280092e-04,-5.087206024977120348e-04,4.735039975055482450e-03
5.565000000000000391e+00,5.157328020875614908e-04,-2.169747193632625640e-03,4.583078149336346002e-04,-5.066455542117598299e-04,4.708660446727777962e-03
5.570000000000000284e+00,5.049274117855072352e-04,-2.152423222816057368e-03,4.557797759111809153e-04,-5.045751206018025785e-04,4.682390201974052750e-03
5.575000000000000178e+00,4.942083930988325604e-04,-2.135198485828441756e-03,4.532620774399772940e-04,-5.025093189814180440e-04,4.656228985706022117e-03
5.580000000000000071e+00,4.835752509222090946e-04,-2.118072557304340187e-03,4.507546963175109627e-04,-5.004481663668259315e-04,4.630176542036715595e-03
5.584999999999999964e+00,4.730274922744022274e-04,-2.101045012971809994e-03,4.482576092569270552e-04,-4.983916794791727351e-04,4.604232614295414652e-03
5.589999999999999858e+00,4.625646262927989244e-04,-2.084115429654567232e-03,4.457707928884982484e-04,-4.963398747468045517e-04,4.578396945042488911e-03
5.594999999999999751e+00,4.521861642279237782e-04,-2.067283385274102173e-03,4.432942237610831772e-04,-4.942927683075254734e-04,4.552669276084124819e-03
5.600000000000000533e+00,4.418916194379450308e-04,-2.050548458851734947e-03,4.408278783435734104e-04,-4.922503760108456810e-04,4.527049348486916411e-03
5.605000000000000426e+00,4.316805073831701876e-04,-2.033910230510628699e-03,4.383717330263293141e-04,-4.902127134202151175e-04,4.501536902592364123e-03
5.610000000000000320e+00,4.215523456205323076e-04,-2.017368281477745478e-03,4.359257641226050185e-04,-4.881797958152456142e-04,4.476131678031220959e-03
5.615000000000000213e+00,4.115066537980659384e-04,-2.000922194085754443e-03,4.334899478699616752e-04,-4.861516381939196278e-04,4.450833413737790081e-03
5.620000000000000107e+00,4.015429536493737828e-04,-1.984571551774887577e-03,4.310642604316705781e-04,-4.841282552747875928e-04,4.425641847964036785e-03
5.625000000000000000e+00,3.916607689880848529e-04,-1.968315939094749008e-03,4.286486778981044108e-04,-4.821096614991521008e-04,4.400556718293641492e-03
5.629999999999999893e+00,3.818596257023025423e-04,-1.952154941706071411e-03,4.262431762881183040e-04,-4.800958710332400457e-04,4.375577761655920044e-03
5.634999999999999787e+00,3.721390517490453251e-04,-1.936088146382426668e-03,4.238477315504197789e-04,-4.780868977703626251e-04,4.350704714339625155e-03
5.639999999999999680e+00,3.624985771486779139e-04,-1.920115141011885344e-03,4.214623195649277402e-04,-4.760827553330630366e-04,4.325937312006657674e-03
5.645000000000000462e+00,3.529377339793349374e-04,-1.904235514598629766e-03,4.190869161441213866e-04,-4.740834570752515973e-04,4.301275289705638188e-03
5.650000000000000355e+00,3.434560563713364855e-04,-1.888448857264518740e-03,4.167214970343775739e-04,-4.720890160843293159e-04,4.276718381885423990e-03
5.655000000000000249e+00,3.340530805015956865e-04,-1.872754760250605654e-03,4.143660379172984208e-04,-4.700994451832991058e-04,4.252266322408443031e-03
5.660000000000000142e+00,3.247283445880193450e-04,-1.857152815918608002e-03,4.120205144110279097e-04,-4.681147569328650174e-04,4.227918844563968888e-03
5.665000000000000036e+00,3.154813888839008815e-04,-1.841642617752331816e-03,4.096849020715580790e-04,-4.661349636335194351e-04,4.203675681081302934e-03
5.669999999999999929e+00,3.063117556723064967e-04,-1.826223760359050544e-03,4.073591763940250248e-04,-4.641600773276187289e-04,4.179536564142783024e-03
5.674999999999999822e+00,2.972189892604542878e-04,-1.810895839470836243e-03,4.050433128139943845e-04,-4.621901098014461655e-04,4.155501225396760097e-03
5.679999999999999716e+00,2.882026359740873472e-04,-1.795658451945847389e-03,4.027372867087365216e-04,-4.602250725872637609e-04,4.131569395970419514e-03
5.685000000000000497e+00,2.792622441518398152e-04,-1.780511195769569855e-03,4.004410733984913560e-04,-4.582649769653524777e-04,4.107740806482535617e-03
5.690000000000000391e+00,2.703973641395977269e-04,-1.765453670056015391e-03,3.981546481477235989e-04,-4.563098339660401175e-04,4.084015187056060613e-03
5.695000000000000284e+00,2.616075482848529755e-04,-1.750485475048874128e-03,3.958779861663671456e-04,-4.543596543717176649e-04,4.060392267330690044e-03
5.700000000000000178e+00,2.528923509310525048e-04,-1.735606212122624151e-03,3.936110626110597113e-04,-4.524144487188441408e-04,4.036871776475279942e-03
5.705000000000000071e+00,2.442513284119414842e-04,-1.720815483783597706e-03,3.913538525863677624e-04,-4.504742272999405039e-04,4.013453443200146881e-03
5.709999999999999964e+00,2.356840390459015780e-04,-1.706112893671004032e-03,3.891063311460010938e-04,-4.485390001655707596e-04,3.990136995769295175e-03
5.714999999999999858e+00,2.271900431302840918e-04,-1.691498046557909267e-03,3.868684732940175404e-04,-4.466087771263126593e-04,3.966922162012549540e-03
5.719999999999999751e+00,2.187689029357381854e-04,-1.676970548352174932e-03,3.846402539860182559e-04,-4.446835677547162583e-04,3.943808669337544627e-03
5.725000000000000533e+00,2.104201827005347763e-04,-1.662530006097354129e-03,3.824216481303326911e-04,-4.427633813872518470e-04,3.920796244741672071e-03
5.730000000000000426e+00,2.021434486248858899e-04,-1.648176027973544816e-03,3.802126305891945744e-04,-4.408482271262460653e-04,3.897884614823847113e-03
5.735000000000000320e+00,1.939382688652599700e-04,-1.633908223298204468e-03,3.780131761799072117e-04,-4.389381138418063069e-04,3.875073505796293449e-03
5.740000000000000213e+00,1.858042135286929895e-04,-1.619726202526921384e-03,3.758232596760004390e-04,-4.370330501737352581e-04,3.852362643496112533e-03
5.745000000000000107e+00,1.777408546670960360e-04,-1.605629577254147605e-03,3.736428558083766780e-04,-4.351330445334326965e-04,3.829751753396826424e-03
5.750000000000000000e+00,1.697477662715592389e-04,-1.591617960213889118e-03,3.714719392664489689e-04,-4.332381051057876409e-04,3.807240560619785334e-03
5.754999999999999893e+00,1.618245242666523629e-04,-1.577690965280359849e-03,3.693104846992682159e-04,-4.313482398510580865e-04,3.784828789945519217e-03
5.759999999999999787e+00,1.539707065047221754e-04,-1.563848207468592497e-03,3.671584667166419205e-04,-4.294634565067406034e-04,3.762516165824949729e-03
5.764999999999999680e+00,1.461858927601869952e-04,-1.550089302935013600e-03,3.650158598902433207e-04,-4.275837625894285507e-04,3.740302412390537120e-03
5.770000000000000462e+00,1.384696647238283407e-04,-1.536413868977976526e-03,3.628826387547112601e-04,-4.257091653966596110e-04,3.718187253467313078e-03
5.775000000000000355e+00,1.308216059970799497e-04,-1.522821524038259341e-03,3.607587778087406778e-04,-4.238396720087520496e-04,3.696170412583838546e-03
5.780000000000000249e+00,1.232413020863146300e-04,-1.509311887699522339e-03,3.586442515161646430e-04,-4.219752892906308362e-04,3.674251612983047907e-03
5.785000000000000142e+00,1.157283403971286570e-04,-1.495884580688729582e-03,3.565390343070261423e-04,-4.201160238936423280e-04,3.652430577633017719e-03
5.790000000000000036e+00,1.082823102286244101e-04,-1.482539224876531624e-03,3.544431005786417908e-04,-4.182618822573582200e-04,3.630707029237612710e-03
5.794999999999999929e+00,1.009028027676909622e-04,-1.469275443277611370e-03,3.523564246966563816e-04,-4.164128706113691945e-04,3.609080690247087973e-03
5.799999999999999822e+00,9.358941108328321914e-05,-1.456092860050994808e-03,3.502789809960879476e-04,-4.145689949770677289e-04,3.587551282868568434e-03
5.804999999999999716e+00,8.634173012069941921e-05,-1.442991100500324014e-03,3.482107437823644762e-04,-4.127302611694205498e-04,3.566118529076432904e-03
5.810000000000000497e+00,7.915935669585749451e-05,-1.429969791074094153e-03,3.461516873323516245e-04,-4.108966747987301358e-04,3.544782150622607063e-03
5.815000000000000391e+00,7.204188948957023950e-05,-1.417028559365854715e-03,3.441017858953717605e-04,-4.090682412723858669e-04,3.523541869046787484e-03
5.820000000000000284e+00,6.498892904181972061e-05,-1.404167034114376690e-03,3.420610136942140605e-04,-4.072449657966047652e-04,3.502397405686575454e-03
5.825000000000000178e+00,5.800007774603071689e-05,-1.391384845203783764e-03,3.400293449261359863e-04,-4.054268533781618818e-04,3.481348481687498476e-03
5.830000000000000071e+00,5.107493984334375407e-05,-1.378681623663648159e-03,3.380067537638562522e-04,-4.036139088261101663e-04,3.460394818012954132e-03
5.834999999999999964e+00,4.421312141688770494e-05,-1.366057001669053732e-03,3.359932143565391716e-04,-4.018061367534904709e-04,3.439536135454077624e-03
5.839999999999999858e+00,3.741423038605209836e-05,-1.353510612540623085e-03,3.339887008307703851e-04,-4.000035415790306574e-04,3.418772154639492227e-03
5.844999999999999751e+00,3.067787650075948924e-05,-1.341042090744513438e-03,3.319931872915242942e-04,-3.982061275288344593e-04,3.398102596045015061e-03
5.850000000000000533e+00,2.400367133573782174e-05,-1.328651071892375220e-03,3.300066478231228210e-04,-3.964138986380610192e-04,3.377527180003248811e-03
5.855000000000000426e+00,1.739122828479315502e-05,-1.316337192741282892e-03,3.280290564901863076e-04,-3.946268587525933133e-04,3.357045626713093655e-03
5.860000000000000320e+00,1.084016255508278879e-05,-1.304100091193628047e-03,3.260603873385753090e-04,-3.928450115306969808e-04,3.336657656249180249e-03
5.865000000000000213e+00,4.350091161389019033e-06,-1.291939406296982147e-03,3.241006143963246324e-04,-3.910683604446695580e-04,3.316362988571206448e-03
5.870000000000000107e+00,-2.079367079606361727e-06,-1.279854778243927392e-03,3.221497116745694091e-04,-3.892969087824787620e-04,3.296161343533190319e-03
5.875000000000000000e+00,-8.448591555046620541e-06,-1.267845848371855705e-03,3.202076531684622208e-04,-3.875306596493915045e-04,3.276052440892648562e-03
5.879999999999999893e+00,-1.475795986162355852e-05,-1.255912259162733895e-03,3.182744128580829081e-04,-3.857696159695924972e-04,3.256036000319693837e-03
5.884999999999999787e+00,-2.100784781129973506e-05,-1.244053654242841499e-03,3.163499647093397050e-04,-3.840137804877934245e-04,3.236111741406045347e-03
5.889999999999999680e+00,-2.719862943702931570e-05,-1.232269678382474573e-03,3.144342826748627298e-04,-3.822631557708323588e-04,3.216279383673961798e-03
5.895000000000000462e+00,-3.333067699847732578e-05,-1.220559977495619137e-03,3.125273406948893447e-04,-3.805177442092633091e-04,3.196538646585054665e-03
5.900000000000000355e+00,-3.940436098773725162e-05,-1.208924198639595984e-03,3.106291126981414923e-04,-3.787775480189355787e-04,3.176889249549104486e-03
5.905000000000000249e+00,-4.542005013504673753e-05,-1.197361990014673624e-03,3.087395726026955509e-04,-3.770425692425641772e-04,3.157330911932687643e-03
5.910000000000000142e+00,-5.137811141450130412e-05,-1.185873000963652167e-03,3.068586943168438957e-04,-3.753128097512898795e-04,3.137863353067836102e-03
5.915000000000000036e+00,-5.727891004976588813e-05,-1.174456881971417928e-03,3.049864517399488708e-04,-3.735882712462305021e-04,3.118486292260527586e-03
5.919999999999999929e+00,-6.312280951978410193e-05,-1.163113284664468120e-03,3.031228187632892257e-04,-3.718689552600220423e-04,3.099199448799147116e-03
5.924999999999999822e+00,-6.891017156448507402e-05,-1.151841861810408213e-03,3.012677692708983662e-04,-3.701548631583506557e-04,3.080002541962847517e-03
5.929999999999999716e+00,-7.464135619048761956e-05,-1.140642267317417205e-03,2.994212771403957207e-04,-3.684459961414747681e-04,3.060895291029819710e-03
5.935000000000000497e+00,-8.031672167680172761e-05,-1.129514156233689262e-03,2.975833162438098123e-04,-3.667423552457379165e-04,3.041877415285550862e-03
5.940000000000000391e+00,-8.593662458052717514e-05,-1.118457184746844127e-03,2.957538604483940124e-04,-3.650439413450728087e-04,3.022948634030933786e-03
5.945000000000000284e+00,-9.150141974254915277e-05,-1.107471010183309771e-03,2.939328836174350847e-04,-3.633507551524952999e-04,3.004108666590310419e-03
5.950000000000000178e+00,-9.701146029323066500e-05,-1.096555291007678817e-03,2.921203596110537597e-04,-3.616627972215894242e-04,2.985357232319470634e-03
5.955000000000000071e+00,-1.024670976581017185e-04,-1.085709686822037634e-03,2.903162622869985337e-04,-3.599800679479831563e-04,2.966694050613568646e-03
5.959999999999999964e+00,-1.078686815635450543e-04,-1.074933858365267241e-03,2.885205655014314984e-04,-3.583025675708150122e-04,2.948118840914922337e-03
5.964999999999999858e+00,-1.132165600424782484e-04,-1.064227467512318410e-03,2.867332431097072316e-04,-3.566302961741912164e-04,2.929631322720809092e-03
5.969999999999999751e+00,-1.185110794400322747e-04,-1.053590177273460967e-03,2.849542689671444784e-04,-3.549632536886343590e-04,2.911231215591113773e-03
5.975000000000000533e+00,-1.237525844192261513e-04,-1.043021651793505766e-03,2.831836169297900795e-04,-3.533014398925224571e-04,2.892918239155970600e-03
5.980000000000000426e+00,-1.289414179666376569e-04,-1.032521556351000428e-03,2.814212608551765584e-04,-3.516448544135191258e-04,2.874692113123259764e-03
5.985000000000000320e+00,-1.340779213980697912e-04,-1.022089557357402315e-03,2.796671746030717919e-04,-3.499934967299949133e-04,2.856552557286109236e-03
5.990000000000000213e+00,-1.391624343642134548e-04,-1.011725322356222222e-03,2.779213320362223399e-04,-3.483473661724396367e-04,2.838499291530249564e-03
5.995000000000000107e+00,-1.441952948563053713e-04,-1.001428520022145524e-03,2.761837070210886968e-04,-3.467064619248655562e-04,2.820532035841374734e-03
6.000000000000000000e+00,-1.491768392117817144e-04,-9.911988201601281724e-04,2.744542734285747971e-04,-3.450707830262022559e-04,2.802650510312345612e-03
6.004999999999999893e+00,-1.541074021199271801e-04,-9.810358937044677454e-04,2.727330051347497141e-04,-3.434403283716823082e-04,2.784854435150389048e-03
6.009999999999999787e+00,-1.589873166275193974e-04,-9.709394127178500034e-04,2.710198760215626920e-04,-3.418150967142182103e-04,2.767143530684212406e-03
6.015000000000000568e+00,-1.638169141444681897e-04,-9.609090503903718050e-04,2.693148599775511834e-04,-3.401950866657707561e-04,2.749517517371007948e-03
6.020000000000000462e+00,-1.685965244494503897e-04,-9.509444810385401722e-04,2.676179308985425997e-04,-3.385802966987081376e-04,2.731976115803440297e-03
6.025000000000000355e+00,-1.733264756955392341e-04,-9.410453801042476104e-04,2.659290626883484168e-04,-3.369707251471575115e-04,2.714519046716558446e-03
6.030000000000000249e+00,-1.780070944158286626e-04,-9.312114241537237935e-04,2.642482292594523731e-04,-3.353663702083470788e-04,2.697146030994585896e-03
6.035000000000000142e+00,-1.826387055290524392e-04,-9.214422908764656733e-04,2.625754045336914019e-04,-3.337672299439396533e-04,2.679856789677720775e-03
6.040000000000000036e+00,-1.872216323451975279e-04,-9.117376590841430855e-04,2.609105624429303313e-04,-3.321733022813584788e-04,2.662651043968790234e-03
6.044999999999999929e+00,-1.917561965711125080e-04,-9.020972087094821304e-04,2.592536769297296433e-04,-3.305845850151031785e-04,2.645528515239896610e-03
6.049999999999999822e+00,-1.962427183161096736e-04,-8.925206208051273023e-04,2.576047219480067838e-04,-3.290010758080588759e-04,2.628488925038985520e-03
6.054999999999999716e+00,-2.006815160975620104e-04,-8.830075775424803090e-04,2.559636714636910745e-04,-3.274227721927957732e-04,2.611531995096309441e-03
6.060000000000000497e+00,-2.050729068464938575e-04,-8.735577622105180750e-04,2.543304994553721200e-04,-3.258496715728607072e-04,2.594657447330871777e-03
6.065000000000000391e+00,-2.094172059131658493e-04,-8.641708592145879754e-04,2.527051799149414931e-04,-3.242817712240605738e-04,2.577865003856778109e-03
6.070000000000000284e+00,-2.137147270726537590e-04,-8.548465540751830133e-04,2.510876868482284020e-04,-3.227190682957370785e-04,2.561154386989541922e-03
6.075000000000000178e+00,-2.179657825304209730e-04,-8.455845334266950952e-04,2.494779942756288537e-04,-3.211615598120337893e-04,2.544525319252303585e-03
6.080000000000000071e+00,-2.221706829278849470e-04,-8.363844850161469488e-04,2.478760762327283647e-04,-3.196092426731547329e-04,2.527977523381990787e-03
6.084999999999999964e+00,-2.263297373479771575e-04,-8.272460977019052827e-04,2.462819067709187096e-04,-3.180621136566144256e-04,2.511510722335436041e-03
6.089999999999999858e+00,-2.304432533206964668e-04,-8.181690614523709623e-04,2.446954599580080021e-04,-3.165201694184804231e-04,2.495124639295408751e-03
6.094999999999999751e+00,-2.345115368286560095e-04,-8.091530673446510787e-04,2.431167098788251371e-04,-3.149834064946076305e-04,2.478818997676578324e-03
6.100000000000000533e+00,-2.385348923126234387e-04,-8.001978075632102012e-04,2.415456306358175118e-04,-3.134518213018644265e-04,2.462593521131439984e-03
6.105000000000000426e+00,-2.425136226770541518e-04,-7.913029753985014641e-04,2.399821963496431355e-04,-3.119254101393506020e-04,2.446447933556152119e-03
6.110000000000000320e+00,-2.464480292956179293e-04,-7.824682652455793291e-04,2.384263811597562611e-04,-3.104041691896080343e-04,2.430381959096349336e-03
6.115000000000000213e+00,-2.503384120167183378e-04,-7.736933726026919665e-04,2.368781592249872983e-04,-3.088880945198227966e-04,2.414395322152832792e-03
6.120000000000000107e+00,-2.541850691690050843e-04,-7.649779940698550953e-04,2.353375047241164917e-04,-3.073771820830193519e-04,2.398487747387259648e-03
6.125000000000000000e+00,-2.579882975668794051e-04,-7.563218273474066333e-04,2.338043918564417986e-04,-3.058714277192475382e-04,2.382658959727744063e-03
6.129999999999999893e+00,-2.617483925159918927e-04,-7.477245712345431325e-04,2.322787948423408045e-04,-3.043708271567610959e-04,2.366908684374390958e-03
6.134999999999999787e+00,-2.654656478187331667e-04,-7.391859256278376748e-04,2.307606879238268641e-04,-3.028753760131887686e-04,2.351236646804798994e-03
6.140000000000000568e+00,-2.691403557797169546e-04,-7.307055915197395533e-04,2.292500453650991442e-04,-3.013850697966977067e-04,2.335642572779473777e-03
6.145000000000000462e+00,-2.727728072112557472e-04,-7.222832709970551960e-04,2.277468414530871375e-04,-2.998999039071490098e-04,2.320126188347189453e-03
6.150000000000000355e+00,-2.763632914388286467e-04,-7.139186672394129364e-04,2.262510504979893479e-04,-2.984198736372454630e-04,2.304687219850302168e-03
6.155000000000000249e+00,-2.799120963065416796e-04,-7.056114845177092424e-04,2.247626468338061493e-04,-2.969449741736722263e-04,2.289325393930017119e-03
6.160000000000000142e+00,-2.834195081825802501e-04,-6.973614281925368408e-04,2.232816048188670870e-04,-2.954752005982296090e-04,2.274040437531545892e-03
6.165000000000000036e+00,-2.868858119646535689e-04,-6.891682047125975534e-04,2.218078988363523791e-04,-2.940105478889582544e-04,2.258832077909264224e-03
6.169999999999999929e+00,-2.903112910854312775e-04,-6.810315216130968102e-04,2.203415032948091051e-04,-2.925510109212567898e-04,2.243700042631772626e-03
6.174999999999999822e+00,-2.936962275179717764e-04,-6.729510875141213582e-04,2.188823926286614582e-04,-2.910965844689920499e-04,2.228644059586932721e-03
6.179999999999999716e+00,-2.970409017811426406e-04,-6.649266121190017904e-04,2.174305412987158489e-04,-2.896472632056021432e-04,2.213663856986826817e-03
6.185000000000000497e+00,-3.003455929450328478e-04,-6.569578062126571862e-04,2.159859237926599893e-04,-2.882030417051919310e-04,2.198759163372661102e-03
6.190000000000000391e+00,-3.036105786363562254e-04,-6.490443816599242473e-04,2.145485146255570732e-04,-2.867639144436210231e-04,2.183929707619618969e-03
6.195000000000000284e+00,-3.068361350438470912e-04,-6.411860514038711465e-04,2.131182883403343444e-04,-2.853298757995847827e-04,2.169175218941657088e-03
6.200000000000000178e+00,-3.100225369236470573e-04,-6.333825294640947883e-04,2.116952195082659732e-04,-2.839009200556876856e-04,2.154495426896255519e-03
6.205000000000000071e+00,-3.131700576046834322e-04,-6.256335309350025652e-04,2.102792827294510270e-04,-2.824770413995097420e-04,2.139890061389098427e-03
6.209999999999999964e+00,-3.162789689940387859e-04,-6.179387719840793687e-04,2.088704526332859387e-04,-2.810582339246658163e-04,2.125358852678703621e-03
6.214999999999999858e+00,-3.193495415823123843e-04,-6.102979698501392056e-04,2.074687038789316349e-04,-2.796444916318568149e-04,2.110901531381011772e-03
6.219999999999999751e+00,-3.223820444489718107e-04,-6.027108428415615254e-04,2.060740111557755145e-04,-2.782358084299153995e-04,2.096517828473914036e-03
6.225000000000000533e+00,-3.253767452676968900e-04,-5.951771103345133464e-04,2.046863491838881691e-04,-2.768321781368431891e-04,2.082207475301725043e-03
6.230000000000000426e+00,-3.283339103117138553e-04,-5.876964927711565267e-04,2.033056927144750341e-04,-2.754335944808416732e-04,2.067970203579593425e-03
6.235000000000000320e+00,-3.312538044591209485e-04,-5.802687116578402913e-04,2.019320165303227553e-04,-2.740400511013355912e-04,2.053805745397886337e-03
6.240000000000000213e+00,-3.341366911982047517e-04,-5.728934895632805313e-04,2.005652954462404857e-04,-2.726515415499900213e-04,2.039713833226505010e-03
6.245000000000000107e+00,-3.369828326327474650e-04,-5.655705501167242492e-04,1.992055043094962232e-04,-2.712680592917197193e-04,2.025694199919130054e-03
6.250000000000000000e+00,-3.397924894873249695e-04,-5.582996180061005611e-04,1.978526180002480785e-04,-2.698895977056919512e-04,2.011746578717462427e-03
6.254999999999999893e+00,-3.425659211125954020e-04,-5.510804189761580370e-04,1.965066114319704215e-04,-2.685161500863226039e-04,1.997870703255375923e-03
6.259999999999999787e+00,-3.453033854905788406e-04,-5.439126798265882723e-04,1.951674595518752559e-04,-2.671477096442651943e-04,1.984066307563028472e-03
6.265000000000000568e+00,-3.480051392399270151e-04,-5.367961284101366651e-04,1.938351373413285531e-04,-2.657842695073928856e-04,1.970333126070929631e-03
6.270000000000000462e+00,-3.506714376211842355e-04,-5.297304936307001841e-04,1.925096198162615983e-04,-2.644258227217743235e-04,1.956670893613961671e-03
6.275000000000000355e+00,-3.533025345420379116e-04,-5.227155054414113662e-04,1.911908820275777564e-04,-2.630723622526424791e-04,1.943079345435322824e-03
6.280000000000000249e+00,-3.558986825625601834e-04,-5.157508948427104965e-04,1.898788990615541143e-04,-2.617238809853562821e-04,1.929558217190462067e-03
6.285000000000000142e+00,-3.584601329004394668e-04,-5.088363938804048867e-04,1.885736460402385431e-04,-2.603803717263562367e-04,1.916107244950938015e-03
6.290000000000000036e+00,-3.609871354362025140e-04,-5.019717356437156846e-04,1.872750981218418269e-04,-2.590418272041131523e-04,1.902726165208237698e-03
6.294999999999999929e+00,-3.634799387184264982e-04,-4.951566542633124325e-04,1.859832305011252377e-04,-2.577082400700704242e-04,1.889414714877551320e-03
6.299999999999999822e+00,-3.659387899689415038e-04,-4.883908849093360248e-04,1.846980184097832592e-04,-2.563796028995794828e-04,1.876172631301485866e-03
6.304999999999999716e+00,-3.683639350880226621e-04,-4.816741637894091425e-04,1.834194371168217292e-04,-2.550559081928288467e-04,1.862999652253745104e-03
6.310000000000000497e+00,-3.707556186595726373e-04,-4.750062281466355747e-04,1.821474619289314555e-04,-2.537371483757666700e-04,1.849895515942761226e-03
6.315000000000000391e+00,-3.731140839562941390e-04,-4.683868162575875065e-04,1.808820681908570075e-04,-2.524233158010167851e-04,1.836859961015272283e-03
6.320000000000000284e+00,-3.754395729448521332e-04,-4.618156674302820717e-04,1.796232312857609810e-04,-2.511144027487886192e-04,1.823892726559864057e-03
6.325000000000000178e+00,-3.777323262910258091e-04,-4.552925220021456550e-04,1.783709266355840346e-04,-2.498104014277803347e-04,1.810993552110445361e-03
6.330000000000000071e+00,-3.799925833648507326e-04,-4.488171213379685449e-04,1.771251297014000200e-04,-2.485113039760756268e-04,1.798162177649707729e-03
6.334999999999999964e+00,-3.822205822457504839e-04,-4.423892078278476056e-04,1.758858159837668842e-04,-2.472171024620343420e-04,1.785398343612510296e-03
6.339999999999999858e+00,-3.844165597276579405e-04,-4.360085248851188118e-04,1.746529610230730992e-04,-2.459277888851769153e-04,1.772701790889241909e-03
6.344999999999999751e+00,-3.865807513241264234e-04,-4.296748169442785080e-04,1.734265403998795922e-04,-2.446433551770620866e-04,1.760072260829128590e-03
6.350000000000000533e+00,-3.887133912734301632e-04,-4.233878294588956149e-04,1.722065297352574204e-04,-2.433637932021590598e-04,1.747509495243494172e-03
6.355000000000000426e+00,-3.908147125436544668e-04,-4.171473088995122339e-04,1.709929046911210545e-04,-2.420890947587126690e-04,1.735013236408983412e-03
6.360000000000000320e+00,-3.928849468377752048e-04,-4.109530027515349826e-04,1.697856409705573262e-04,-2.408192515796032322e-04,1.722583227070736750e-03
6.365000000000000213e+00,-3.949243245987280526e-04,-4.048046595131160304e-04,1.685847143181501461e-04,-2.395542553331994661e-04,1.710219210445523223e-03
6.370000000000000107e+00,-3.969330750144665649e-04,-3.987020286930245379e-04,1.673901005203008317e-04,-2.382940976242060068e-04,1.697920930224837161e-03
6.375000000000000000e+00,-3.989114260230104919e-04,-3.926448608085085566e-04,1.662017754055444775e-04,-2.370387699945043173e-04,1.685688130577929836e-03
6.379999999999999893e+00,-4.008596043174822237e-04,-3.866329073831472241e-04,1.650197148448618797e-04,-2.357882639239877937e-04,1.673520556154831562e-03
6.384999999999999787e+00,-4.027778353511333141e-04,-3.806659209446939065e-04,1.638438947519874501e-04,-2.345425708313909636e-04,1.661417952089298562e-03
6.390000000000000568e+00,-4.046663433423598917e-04,-3.747436550229100169e-04,1.626742910837129005e-04,-2.333016820751123409e-04,1.649380064001747682e-03
6.395000000000000462e+00,-4.065253512797073910e-04,-3.688658641473898346e-04,1.615108798401869439e-04,-2.320655889540319144e-04,1.637406638002130398e-03
6.400000000000000355e+00,-4.083550809268640083e-04,-3.630323038453765424e-04,1.603536370652107392e-04,-2.308342827083222938e-04,1.625497420692765399e-03
6.405000000000000249e+00,-4.101557528276438035e-04,-3.572427306395696447e-04,1.592025388465295418e-04,-2.296077545202540550e-04,1.613652159171139518e-03
6.410000000000000142e+00,-4.119275863109579834e-04,-3.514969020459233866e-04,1.580575613161200983e-04,-2.283859955149953930e-04,1.601870601032664640e-03
6.415000000000000036e+00,-4.136707994957762114e-04,-3.457945765714372580e-04,1.569186806504743010e-04,-2.271689967614056501e-04,1.590152494373392325e-03
6.419999999999999929e+00,-4.153856092960760442e-04,-3.401355137119380415e-04,1.557858730708786411e-04,-2.259567492728234493e-04,1.578497587792691143e-03
6.424999999999999822e+00,-4.170722314257813645e-04,-3.345194739498535659e-04,1.546591148436898941e-04,-2.247492440078488105e-04,1.566905630395879758e-03
6.429999999999999716e+00,-4.187308804036899714e-04,-3.289462187519784906e-04,1.535383822806067936e-04,-2.235464718711196563e-04,1.555376371796828808e-03
6.435000000000000497e+00,-4.203617695583898952e-04,-3.234155105672327176e-04,1.524236517389381549e-04,-2.223484237140825983e-04,1.543909562120508554e-03
6.440000000000000391e+00,-4.219651110331641653e-04,-3.179271128244112385e-04,1.513148996218666338e-04,-2.211550903357580044e-04,1.532504952005523747e-03
6.445000000000000284e+00,-4.235411157908847905e-04,-3.124807899299272048e-04,1.502121023787090983e-04,-2.199664624834995368e-04,1.521162292606575636e-03
6.450000000000000178e+00,-4.250899936188949212e-04,-3.070763072655469214e-04,1.491152365051730418e-04,-2.187825308537482143e-04,1.509881335596920289e-03
6.455000000000000071e+00,-4.266119531338801699e-04,-3.017134311861180093e-04,1.480242785436092028e-04,-2.176032860927805390e-04,1.498661833170754484e-03
6.459999999999999964e+00,-4.281072017867282764e-04,-2.963919290172900870e-04,1.469392050832607141e-04,-2.164287187974513378e-04,1.487503538045590766e-03
6.464999999999999858e+00,-4.295759458673772805e-04,-2.911115690532288395e-04,1.458599927605082141e-04,-2.152588195159309378e-04,1.476406203464594767e-03
6.469999999999999751e+00,-4.310183905096524187e-04,-2.858721205543223874e-04,1.447866182591115152e-04,-2.140935787484371934e-04,1.465369583198868758e-03
6.475000000000000533e+00,-4.324347396960917457e-04,-2.806733537448815327e-04,1.437190583104473425e-04,-2.129329869479619280e-04,1.454393431549703096e-03
6.480000000000000426e+00,-4.338251962627595040e-04,-2.755150398108334973e-04,1.426572896937440093e-04,-2.117770345209917123e-04,1.443477503350791905e-03
6.485000000000000320e+00,-4.351899619040487058e-04,-2.703969508974084527e-04,1.416012892363118370e-04,-2.106257118282233289e-04,1.432621553970424896e-03
6.490000000000000213e+00,-4.365292371774721143e-04,-2.653188601068203574e-04,1.405510338137704854e-04,-2.094790091852741687e-04,1.421825339313624332e-03
6.495000000000000107e+00,-4.378432215084407560e-04,-2.602805414959409092e-04,1.395065003502725962e-04,-2.083369168633869355e-04,1.411088615824258570e-03
6.500000000000000000e+00,-4.391321131950319165e-04,-2.552817700739681318e-04,1.384676658187237780e-04,-2.071994250901293085e-04,1.400411140487122430e-03
6.504999999999999893e+00,-4.403961094127445603e-04,-2.503223218000880210e-04,1.374345072409993923e-04,-2.060665240500883467e-04,1.389792670829962263e-03
6.509999999999999787e+00,-4.416354062192435277e-04,-2.454019735811311504e-04,1.364070016881577350e-04,-2.049382038855593910e-04,1.379232964925491490e-03
6.515000000000000568e+00,-4.428501985590920778e-04,-2.405205032692231241e-04,1.353851262806495578e-04,-2.038144546972299790e-04,1.368731781393361458e-03
6.520000000000000462e+00,-4.440406802684722875e-04,-2.356776896594292017e-04,1.343688581885246910e-04,-2.026952665448586639e-04,1.358288879402083735e-03
6.525000000000000355e+00,-4.452070440798937419e-04,-2.308733124873939627e-04,1.333581746316348426e-04,-2.015806294479482498e-04,1.347904018670940040e-03
6.530000000000000249e+00,-4.463494816268907318e-04,-2.261071524269751441e-04,1.323530528798332279e-04,-2.004705333864143109e-04,1.337576959471850754e-03
6.535000000000000142e+00,-4.474681834487074161e-04,-2.213789910878722462e-04,1.313534702531708633e-04,-1.993649683012485064e-04,1.327307462631206140e-03
6.540000000000000036e+00,-4.485633389949707337e-04,-2.166886110132501509e-04,1.303594041220895012e-04,-1.982639240951767723e-04,1.317095289531662865e-03
6.544999999999999929e+00,-4.496351366303524182e-04,-2.120357956773576450e-04,1.293708319076114185e-04,-1.971673906333124178e-04,1.306940202113912554e-03
6.549999999999999822e+00,-4.506837636392176235e-04,-2.074203294831409282e-04,1.283877310815257104e-04,-1.960753577438043699e-04,1.296841962878424312e-03
6.554999999999999716e+00,-4.517094062302633032e-04,-2.028419977598523510e-04,1.274100791665716288e-04,-1.949878152184803491e-04,1.286800334887133702e-03
6.560000000000000497e+00,-4.527122495411429288e-04,-1.983005867606545721e-04,1.264378537366185053e-04,-1.939047528134850852e-04,1.276815081765120437e-03
6.565000000000000391e+00,-4.536924776430809091e-04,-1.937958836602200535e-04,1.254710324168427208e-04,-1.928261602499135993e-04,1.266885967702240968e-03
6.570000000000000284e+00,-4.546502735454732930e-04,-1.893276765523259743e-04,1.245095928839011230e-04,-1.917520272144394996e-04,1.257012757454740483e-03
6.575000000000000178e+00,-4.555858192004777398e-04,-1.848957544474449986e-04,1.235535128661018154e-04,-1.906823433599387496e-04,1.247195216346815017e-03
6.580000000000000071e+00,-4.564992955075909123e-04,-1.804999072703318140e-04,1.226027701435715314e-04,-1.896170983061080701e-04,1.237433110272159699e-03
6.584999999999999964e+00,-4.573908823182138350e-04,-1.761399258576053608e-04,1.216573425484198501e-04,-1.885562816400788142e-04,1.227726205695494873e-03
6.589999999999999858e+00,-4.582607584402050016e-04,-1.718156019553270224e-04,1.207172079649007016e-04,-1.874998829170263165e-04,1.218074269654013725e-03
6.594999999999999751e+00,-4.591091016424216097e-04,-1.675267282165752113e-04,1.197823443295705794e-04,-1.864478916607737390e-04,1.208477069758857880e-03
6.600000000000000533e+00,-4.599360886592488698e-04,-1.632730981990159424e-04,1.188527296314436895e-04,-1.854002973643918521e-04,1.198934374196538146e-03
6.605000000000000426e+00,-4.607418951951164116e-04,-1.590545063624695043e-04,1.179283419121443353e-04,-1.843570894907938548e-04,1.189445951730306456e-03
6.610000000000000320e+00,-4.615266959290031988e-04,-1.548707480664738504e-04,1.170091592660561715e-04,-1.833182574733255874e-04,1.180011571701526955e-03
6.615000000000000213e+00,-4.622906645189299208e-04,-1.507216195678445206e-04,1.160951598404686390e-04,-1.822837907163508649e-04,1.170631004031007835e-03
6.620000000000000107e+00,-4.630339736064394574e-04,-1.466069180182309577e-04,1.151863218357203236e-04,-1.812536785958323931e-04,1.161304019220293264e-03
6.625000000000000000e+00,-4.637567948210645518e-04,-1.425264414616695991e-04,1.142826235053396179e-04,-1.802279104599080754e-04,1.152030388352944489e-03
6.629999999999999893e+00,-4.644592987847841518e-04,-1.384799888321339590e-04,1.133840431561823332e-04,-1.792064756294627407e-04,1.142809883095775164e-03
6.634999999999999787e+00,-4.651416551164666330e-04,-1.344673599510814044e-04,1.124905591485666156e-04,-1.781893633986950988e-04,1.133642275700067186e-03
6.640000000000000568e+00,-4.658040324363010420e-04,-1.304883555249971119e-04,1.116021498964049060e-04,-1.771765630356803879e-04,1.124527339002756154e-03
6.645000000000000462e+00,-4.664465983702161954e-04,-1.265427771429351509e-04,1.107187938673331645e-04,-1.761680637829284946e-04,1.115464846427592334e-03
6.650000000000000355e+00,-4.670695195542873658e-04,-1.226304272740566135e-04,1.098404695828373825e-04,-1.751638548579375742e-04,1.106454571986263029e-03
6.655000000000000249e+00,-4.676729616391306073e-04,-1.187511092651652363e-04,1.089671556183771683e-04,-1.741639254537431726e-04,1.097496290279501496e-03
6.660000000000000142e+00,-4.682570892942848834e-04,-1.149046273382404743e-04,1.080988306035067579e-04,-1.731682647394630105e-04,1.088589776498154887e-03
6.665000000000000036e+00,-4.688220662125817278e-04,-1.110907865879679190e-04,1.072354732219932472e-04,-1.721768618608373767e-04,1.079734806424234844e-03
6.669999999999999929e+00,-4.693680551145026523e-04,-1.073093929792673986e-04,1.063770622119321134e-04,-1.711897059407649412e-04,1.070931156431932305e-03
6.674999999999999822e+00,-4.698952177525238705e-04,-1.035602533448188559e-04,1.055235763658601215e-04,-1.702067860798344475e-04,1.062178603488617579e-03
6.679999999999999716e+00,-4.704037149154493658e-04,-9.984317538258594908e-05,1.046749945308655060e-04,-1.692280913568520691e-04,1.053476925155800298e-03
6.685000000000000497e+00,-4.708937064327306781e-04,-9.615796765333747083e-05,1.038312956086956054e-04,-1.682536108293643197e-04,1.044825899590072884e-03
6.690000000000000391e+00,-4.713653511787749815e-04,-9.250443957816696465e-05,1.029924585558619077e-04,-1.672833335341768169e-04,1.036225305544020200e-03
6.695000000000000284e+00,-4.718188070772404760e-04,-8.888240143601017305e-05,1.021584623837423718e-04,-1.663172484878687636e-04,1.027674922367113365e-03
6.700000000000000178e+00,-4.722542311053192572e-04,-8.529166436116080504e-05,1.013292861586813235e-04,-1.653553446873032274e-04,1.019174530006564973e-03
6.705000000000000071e+00,-4.726717792980081518e-04,-8.173204034078456902e-05,1.005049090020867895e-04,-1.643976111101331378e-04,1.010723909008169781e-03
6.709999999999999964e+00,-4.730716067523664330e-04,-7.820334221243137600e-05,9.968531009052528406e-05,-1.634440367153032177e-04,1.002322840517108973e-03
6.714999999999999858e+00,-4.734538676317620446e-04,-7.470538366154620116e-05,9.887046865581411480e-05,-1.624946104435476052e-04,9.939711062787474818e-04
6.719999999999999751e+00,-4.738187151701042177e-04,-7.123797921897831909e-05,9.806036398511111443e-05,-1.615493212178835175e-04,9.856684886393879408e-04
6.725000000000000533e+00,-4.741663016760650287e-04,-6.780094425848914310e-05,9.725497542100212207e-05,-1.606081579441008772e-04,9.774147705470075109e-04
6.730000000000000426e+00,-4.744967785372870253e-04,-6.439409499425880422e-05,9.645428236158582217e-05,-1.596711095112476008e-04,9.692097355519669472e-04
6.735000000000000320e+00,-4.748102962245795227e-04,-6.101724847839155104e-05,9.565826426055626581e-05,-1.587381647921108760e-04,9.610531678077045966e-04
6.740000000000000213e+00,-4.751070042961018890e-04,-5.767022259841989598e-05,9.486690062728300678e-05,-1.578093126436948073e-04,9.529448520713940758e-04
6.745000000000000107e+00,-4.753870514015342543e-04,-5.435283607480779935e-05,9.408017102688882535e-05,-1.568845419076933718e-04,9.448845737045883948e-04
6.750000000000000000e+00,-4.756505852862360768e-04,-5.106490845845281662e-05,9.329805508032505321e-05,-1.559638414109600958e-04,9.368721186738339412e-04
6.754999999999999893e+00,-4.758977527953922398e-04,-4.780626012818739863e-05,9.252053246444466225e-05,-1.550471999659732314e-04,9.289072735512623460e-04
6.759999999999999787e+00,-4.761286998781460848e-04,-4.457671228827937194e-05,9.174758291207296809e-05,-1.541346063712973832e-04,9.209898255151607741e-04
6.765000000000000568e+00,-4.763435715917207353e-04,-4.137608696593168052e-05,9.097918621207608388e-05,-1.532260494120408784e-04,9.131195623505179281e-04
6.770000000000000462e+00,-4.765425121055271384e-04,-3.820420700878147014e-05,9.021532220942697535e-05,-1.523215178603095873e-04,9.052962724495485858e-04
6.775000000000000355e+00,-4.767256647052601809e-04,-3.506089608239863742e-05,8.945597080526945582e-05,-1.514210004756566226e-04,8.975197448121912487e-04
6.780000000000000249e+00,-4.768931717969823367e-04,-3.194597866778388432e-05,8.870111195697976889e-05,-1.505244860055282184e-04,8.897897690465892025e-04
6.785000000000000142e+00,-4.770451749111940328e-04,-2.885928005886631169e-05,8.795072567822605691e-05,-1.496319631857060566e-04,8.821061353695500021e-04
6.790000000000000036e+00,-4.771818147068924683e-04,-2.580062636000068763e-05,8.720479203902553914e-05,-1.487434207407454753e-04,8.744686346069728642e-04
6.794999999999999929e+00,-4.773032309756172612e-04,-2.276984448346449570e-05,8.646329116579956208e-05,-1.478588473844100974e-04,8.668770581942622901e-04
6.799999999999999822e+00,-4.774095626454839510e-04,-1.976676214695479662e-05,8.572620324142652206e-05,-1.469782318201024764e-04,8.593311981767203303e-04
6.804999999999999716e+00,-4.775009477852048168e-04,-1.679120787108494780e-05,8.499350850529253823e-05,-1.461015627412913260e-04,8.518308472099185742e-04
6.810000000000000497e+00,-4.775775236080969017e-04,-1.384301097688127538e-05,8.426518725334014668e-05,-1.452288288319349553e-04,8.443757985600360959e-04
6.815000000000000391e+00,-4.776394264760784906e-04,-1.092200158327987675e-05,8.354121983811474503e-05,-1.443600187669006653e-04,8.369658461041982675e-04
6.820000000000000284e+00,-4.776867919036516014e-04,-8.028010604623389118e-06,8.282158666880896339e-05,-1.434951212123810281e-04,8.296007843307767575e-04
6.825000000000000178e+00,-4.777197545618733091e-04,-5.160869748158037669e-06,8.210626821130512438e-05,-1.426341248263062909e-04,8.222804083396716406e-04
6.830000000000000071e+00,-4.777384482823137887e-04,-2.320411511530936966e-06,8.139524498821538577e-05,-1.417770182587529840e-04,8.150045138425828818e-04
6.834999999999999964e+00,-4.777430060610020519e-04,4.935308197123389385e-07,8.068849757892009413e-05,-1.409237901523492230e-04,8.077728971632452829e-04
6.839999999999999858e+00,-4.777335600623594330e-04,3.281123174629690448e-06,7.998600661960406490e-05,-1.400744291426761891e-04,8.005853552376574660e-04
6.844999999999999751e+00,-4.777102416231199548e-04,6.042530699384046259e-06,7.928775280329063992e-05,-1.392289238586661934e-04,7.934416856142935100e-04
6.850000000000000533e+00,-4.776731812562388241e-04,8.777917759744425916e-06,7.859371687987415931e-05,-1.383872629229972997e-04,7.863416864542723027e-04
6.855000000000000426e+00,-4.776225086547879152e-04,1.148744794358626821e-05,7.790387965615008868e-05,-1.375494349524842880e-04,7.792851565315338323e-04
6.860000000000000320e+00,-4.775583526958393282e-04,1.417128406339120265e-05,7.721822199584345238e-05,-1.367154285584660665e-04,7.722718952329768807e-04
6.865000000000000213e+00,-4.774808414443357197e-04,1.682958815874601856e-05,7.653672481963520670e-05,-1.358852323471898592e-04,7.653017025585899958e-04
6.870000000000000107e+00,-4.773901021569488157e-04,1.946252149884088376e-05,7.585936910518678350e-05,-1.350588349201917876e-04,7.583743791215552489e-04
6.875000000000000000e+00,-4.772862612859250222e-04,2.207024458496665347e-05,7.518613588716265516e-05,-1.342362248746739833e-04,7.514897261483360555e-04
6.879999999999999893e+00,-4.771694444829186767e-04,2.465291715301124581e-05,7.451700625725115126e-05,-1.334173908038783401e-04,7.446475454787461305e-04
6.884999999999999787e+00,-4.770397766028128847e-04,2.721069817595506358e-05,7.385196136418322886e-05,-1.326023212974569850e-04,7.378476395660047826e-04
6.890000000000000568e+00,-4.768973817075278340e-04,2.974374586636534699e-05,7.319098241374958930e-05,-1.317910049418393630e-04,7.310898114767644526e-04
6.895000000000000462e+00,-4.767423830698165870e-04,3.225221767888938131e-05,7.253405066881577574e-05,-1.309834303205958505e-04,7.243738648911235076e-04
6.900000000000000355e+00,-4.765749031770483493e-04,3.473627031274651860e-05,7.188114744933568503e-05,-1.301795860147981175e-04,7.176996041026223374e-04
6.905000000000000249e+00,-4.763950637349796506e-04,3.719605971421893569e-05,7.123225413236310090e-05,-1.293794606033762636e-04,7.110668340182239476e-04
6.910000000000000142e+00,-4.762029856715123519e-04,3.963174107914112161e-05,7.058735215206153309e-05,-1.285830426634724849e-04,7.044753601582735185e-04
6.915000000000000036e+00,-4.759987891404402144e-04,4.204346885538800301e-05,6.994642299971229468e-05,-1.277903207707916777e-04,6.979249886564434366e-04
6.919999999999999929e+00,-4.757825935251821874e-04,4.443139674536164991e-05,6.930944822372073623e-05,-1.270012834999488982e-04,6.914155262596532797e-04
6.924999999999999822e+00,-4.755545174425034440e-04,4.679567770847639581e-05,6.867640942962097562e-05,-1.262159194248131905e-04,6.849467803279775521e-04
6.929999999999999716e+00,-4.753146787462242742e-04,4.913646396364253487e-05,6.804728828007866278e-05,-1.254342171188486217e-04,6.785185588345455038e-04
6.935000000000000497e+00,-4.750631945309165098e-04,5.145390699174835200e-05,6.742206649489215873e-05,-1.246561651554519844e-04,6.721306703654045213e-04
6.940000000000000391e+00,-4.748001811355872094e-04,5.374815753814049963e-05,6.680072585099212901e-05,-1.238817521082872185e-04,6.657829241193818914e-04
6.945000000000000284e+00,-4.745257541473502550e-04,5.601936561510260584e-05,6.618324818243928045e-05,-1.231109665516169605e-04,6.594751299079288937e-04
6.950000000000000178e+00,-4.742400284050855342e-04,5.826768050433224944e-05,6.556961538042057995e-05,-1.223437970606306769e-04,6.532070981549394128e-04
6.955000000000000071e+00,-4.739431180030854920e-04,6.049325075941591566e-05,6.495980939324384707e-05,-1.215802322117699388e-04,6.469786398965618295e-04
6.959999999999999964e+00,-4.736351362946898094e-04,6.269622420830223077e-05,6.435381222633059829e-05,-1.208202605830505517e-04,6.407895667809933478e-04
6.964999999999999858e+00,-4.733161958959071817e-04,6.487674795577318403e-05,6.375160594220744112e-05,-1.200638707543816362e-04,6.346396910682489513e-04
6.969999999999999751e+00,-4.729864086890249518e-04,6.703496838591333721e-05,6.315317266049581487e-05,-1.193110513078815375e-04,6.285288256299228788e-04
6.975000000000000533e+00,-4.726458858262066564e-04,6.917103116457698757e-05,6.255849455790014576e-05,-1.185617908281907669e-04,6.224567839489415343e-04
6.980000000000000426e+00,-4.722947377330767235e-04,7.128508124185327095e-05,6.196755386819444340e-05,-1.178160779027821238e-04,6.164233801192835465e-04
6.985000000000000320e+00,-4.719330741122933518e-04,7.337726285452908959e-05,6.138033288220740664e-05,-1.170739011222675933e-04,6.104284288456993937e-04
6.990000000000000213e+00,-4.715610039471088144e-04,7.544771952854981741e-05,6.079681394780597076e-05,-1.163352490807024103e-04,6.044717454434066347e-04
6.995000000000000107e+00,-4.711786355049175099e-04,7.749659408147774201e-05,6.021697946987726227e-05,-1.156001103758861427e-04,5.985531458377782010e-04
7.000000000000000000e+00,-4.707860763407918170e-04,7.952402862494836527e-05,5.964081191030923918e-05,-1.148684736096609009e-04,5.926724465640027155e-04
7.004999999999999893e+00,-4.703834333010053722e-04,8.153016456712399362e-05,5.906829378796965064e-05,-1.141403273882064985e-04,5.868294647667470897e-04
7.009999999999999787e+00,-4.699708125265444751e-04,8.351514261514526817e-05,5.849940767868366852e-05,-1.134156603223328481e-04,5.810240181997926648e-04
7.015000000000000568e+00,-4.695483194566070799e-04,8.547910277758002506e-05,5.793413621520998076e-05,-1.126944610277694973e-04,5.752559252256591021e-04
7.020000000000000462e+00,-4.691160588320895898e-04,8.742218436686981123e-05,5.737246208721548878e-05,-1.119767181254521430e-04,5.695250048152179735e-04
7.025000000000000355e+00,-4.686741346990611285e-04,8.934452600177366255e-05,5.681436804124856838e-05,-1.112624202418066105e-04,5.638310765472877035e-04
7.030000000000000249e+00,-4.682226504122261566e-04,9.124626560980944254e-05,5.625983688071092110e-05,-1.105515560090296491e-04,5.581739606082152839e-04
7.035000000000000142e+00,-4.677617086383742948e-04,9.312754042969244338e-05,5.570885146582800940e-05,-1.098441140653672596e-04,5.525534777914480142e-04
7.040000000000000036e+00,-4.672914113598184913e-04,9.498848701377135789e-05,5.516139471361812980e-05,-1.091400830553900550e-04,5.469694494970880026e-04
7.044999999999999929e+00,-4.668118598778206669e-04,9.682924123046141886e-05,5.461744959786008332e-05,-1.084394516302658964e-04,5.414216977314301876e-04
7.049999999999999822e+00,-4.663231548160053802e-04,9.864993826667485511e-05,5.407699914905956520e-05,-1.077422084480297241e-04,5.359100451064939628e-04
7.054999999999999716e+00,-4.658253961237610236e-04,1.004507126302484472e-04,5.354002645441411132e-05,-1.070483421738508946e-04,5.304343148395383213e-04
7.060000000000000497e+00,-4.653186830796294735e-04,1.022316981523682103e-04,5.300651465777679773e-05,-1.063578414802974820e-04,5.249943307525616054e-04
7.065000000000000391e+00,-4.648031142946829454e-04,1.039930279899912437e-04,5.247644695961855107e-05,-1.056706950475982075e-04,5.195899172717920395e-04
7.070000000000000284e+00,-4.642787877158894129e-04,1.057348346282644650e-04,5.194980661698923928e-05,-1.049868915639013610e-04,5.142208994271611332e-04
7.075000000000000178e+00,-4.637458006294655020e-04,1.074572498829405229e-04,5.142657694347740703e-05,-1.043064197255313903e-04,5.088871028517696037e-04
7.080000000000000071e+00,-4.632042496642173519e-04,1.091604049027905006e-04,5.090674130916878468e-05,-1.036292682372426052e-04,5.035883537813350824e-04
7.084999999999999964e+00,-4.626542307948696038e-04,1.108444301720135815e-04,5.039028314060345549e-05,-1.029554258124704407e-04,4.983244790536337518e-04
7.089999999999999858e+00,-4.620958393453820836e-04,1.125094555126436395e-04,4.987718592073190477e-05,-1.022848811735799836e-04,4.930953061079211639e-04
7.094999999999999751e+00,-4.615291699922547211e-04,1.141556100869526306e-04,4.936743318886968672e-05,-1.016176230521119781e-04,4.879006629843517587e-04
7.100000000000000533e+00,-4.609543167678205973e-04,1.157830223998507181e-04,4.886100854065097987e-05,-1.009536401890262557e-04,4.827403783233738250e-04
7.105000000000000426e+00,-4.603713730635262524e-04,1.173918203012831729e-04,4.835789562798086867e-05,-1.002929213349425507e-04,4.776142813651244076e-04
7.110000000000000320e+00,-4.597804316332008805e-04,1.189821309886240208e-04,4.785807815898645271e-05,-9.963545525037892966e-05,4.725222019488054025e-04
7.115000000000000213e+00,-4.591815845963132729e-04,1.205540810090663286e-04,4.736153989796675664e-05,-9.898123070598755077e-05,4.674639705120458839e-04
7.120000000000000107e+00,-4.585749234412164017e-04,1.221077962620090889e-04,4.686826466534151509e-05,-9.833023648278790330e-05,4.624394180902609611e-04
7.125000000000000000e+00,-4.579605390283806731e-04,1.236434020014407300e-04,4.637823633759868380e-05,-9.768246137239772892e-05,4.574483763159945351e-04
7.129999999999999893e+00,-4.573385215936150920e-04,1.251610228383192246e-04,4.589143884724094098e-05,-9.703789417726128689e-05,4.524906774182501832e-04
7.134999999999999787e+00,-4.567089607512763382e-04,1.266607827429486470e-04,4.540785618273097577e-05,-9.639652371087538321e-05,4.475661542218081117e-04
7.140000000000000568e+00,-4.560719454974660240e-04,1.281428050473522480e-04,4.492747238843564507e-05,-9.575833879801267550e-05,4.426746401465424881e-04
7.145000000000000462e+00,-4.554275642132164597e-04,1.296072124476417889e-04,4.445027156456905965e-05,-9.512332827494283678e-05,4.378159692067134026e-04
7.150000000000000355e+00,-4.547759046676640052e-04,1.310541270063837044e-04,4.397623786713454554e-05,-9.449148098965114411e-05,4.329899760102561197e-04
7.155000000000000249e+00,-4.541170540212110369e-04,1.324836701549612808e-04,4.350535550786552102e-05,-9.386278580205466857e-05,4.281964957580576439e-04
7.160000000000000142e+00,-4.534510988286759347e-04,1.338959626959331482e-04,4.303760875416529639e-05,-9.323723158421624250e-05,4.234353642432274315e-04
7.165000000000000036e+00,-4.527781250424312508e-04,1.352911248053884389e-04,4.257298192904586392e-05,-9.261480722055591961e-05,4.187064178503475563e-04
7.169999999999999929e+00,-4.520982180155303865e-04,1.366692760352976625e-04,4.211145941106550207e-05,-9.199550160806017180e-05,4.140094935547242302e-04
7.174999999999999822e+00,-4.514114625048220707e-04,1.380305353158604647e-04,4.165302563426550545e-05,-9.137930365648875490e-05,4.093444289216166651e-04
7.179999999999999716e+00,-4.507179426740534015e-04,1.393750209578490220e-04,4.119766508810577648e-05,-9.076620228857922989e-05,4.047110621054689694e-04
7.185000000000000497e+00,-4.500177420969612855e-04,1.407028506549478307e-04,4.074536231739940057e-05,-9.015618644024920724e-05,4.001092318491232341e-04
7.190000000000000391e+00,-4.493109437603518973e-04,1.420141414860897841e-04,4.029610192224628614e-05,-8.954924506079636867e-05,3.955387774830219395e-04
7.195000000000000284e+00,-4.485976300671686468e-04,1.433090099177880463e-04,3.984986855796576115e-05,-8.894536711309609012e-05,3.909995389244091697e-04
7.200000000000000178e+00,-4.478778828395483819e-04,1.445875718064642418e-04,3.940664693502819380e-05,-8.834454157379700466e-05,3.864913566765127979e-04
7.205000000000000071e+00,-4.471517833218662083e-04,1.458499424007725235e-04,3.896642181898562395e-05,-8.774675743351411251e-05,3.820140718277256981e-04
7.209999999999999964e+00,-4.464194121837683818e-04,1.470962363439198199e-04,3.852917803040147292e-05,-8.715200369701995296e-05,3.775675260507669511e-04
7.214999999999999858e+00,-4.456808495231938719e-04,1.483265676759817995e-04,3.809490044477928432e-05,-8.656026938343328264e-05,3.731515616018453831e-04
7.219999999999999751e+00,-4.449361748693839440e-04,1.495410498362150940e-04,3.766357399249050937e-05,-8.597154352640572097e-05,3.687660213198051600e-04
7.225000000000000533e+00,-4.441854671858809544e-04,1.507397956653652672e-04,3.723518365870140460e-05,-8.538581517430626777e-05,3.644107486252681836e-04
7.230000000000000426e+00,-4.434288048735146766e-04,1.519229174079706087e-04,3.680971448329896053e-05,-8.480307339040355765e-05,3.600855875197630433e-04
7.235000000000000320e+00,-4.426662657733778945e-04,1.530905267146619978e-04,3.638715156081598324e-05,-8.422330725304600025e-05,3.557903825848465957e-04
7.240000000000000213e+00,-4.418979271697901228e-04,1.542427346444583765e-04,3.596748004035522060e-05,-8.364650585583987392e-05,3.515249789812221288e-04
7.245000000000000107e+00,-4.411238657932497814e-04,1.553796516670582649e-04,3.555068512551264818e-05,-8.307265830782518338e-05,3.472892224478360589e-04
7.250000000000000000e+00,-4.403441578233753106e-04,1.565013876651267231e-04,3.513675207429987424e-05,-8.250175373364948442e-05,3.430829593009816205e-04
7.254999999999999893e+00,-4.395588788918345226e-04,1.576080519365784098e-04,3.472566619906562995e-05,-8.193378127373967569e-05,3.389060364333829870e-04
7.259999999999999787e+00,-4.387681040852627859e-04,1.586997531968562230e-04,3.431741286641652776e-05,-8.136873008447164930e-05,3.347583013132720718e-04
7.265000000000000568e+00,-4.379719079481692837e-04,1.597765995812056039e-04,3.391197749713679657e-05,-8.080658933833786777e-05,3.306396019834664151e-04
7.270000000000000462e+00,-4.371703644858328632e-04,1.608386986469444223e-04,3.350934556610736634e-05,-8.024734822411294882e-05,3.265497870604279333e-04
7.275000000000000355e+00,-4.363635471671856343e-04,1.618861573757287154e-04,3.310950260222402441e-05,-7.969099594701727150e-05,3.224887057333181454e-04
7.280000000000000249e+00,-4.355515289276857258e-04,1.629190821758139812e-04,3.271243418831475185e-05,-7.913752172887841385e-05,3.184562077630474363e-04
7.285000000000000142e+00,-4.347343821721788202e-04,1.639375788843119180e-04,3.231812596105632118e-05,-7.858691480829080170e-05,3.144521434813139652e-04
7.290000000000000036e+00,-4.339121787777479246e-04,1.649417527694430172e-04,3.192656361089006069e-05,-7.803916444077325682e-05,3.104763637896326548e-04
7.294999999999999929e+00,-4.330849900965525715e-04,1.659317085327843854e-04,3.153773288193683938e-05,-7.749425989892448500e-05,3.065287201583620654e-04
7.299999999999999822e+00,-4.322528869586559296e-04,1.669075503115131757e-04,3.115161957191127953e-05,-7.695219047257676175e-05,3.026090646257219448e-04
7.304999999999999716e+00,-4.314159396748416700e-04,1.678693816806457902e-04,3.076820953203522374e-05,-7.641294546894772063e-05,2.987172497968022138e-04
7.310000000000000497e+00,-4.305742180394190135e-04,1.688173056552721226e-04,3.038748866695041605e-05,-7.587651421279002729e-05,2.948531288425612173e-04
7.315000000000000391e+00,-4.297277913330167743e-04,1.697514246927856265e-04,3.000944293463047148e-05,-7.534288604653918339e-05,2.910165554988260357e-04
7.320000000000000284e+00,-4.288767283253661273e-04,1.706718406951085595e-04,2.963405834629207988e-05,-7.481205033045960928e-05,2.872073840652754491e-04
7.325000000000000178e+00,-4.280210972780728045e-04,1.715786550109127536e-04,2.926132096630551518e-05,-7.428399644278859890e-05,2.834254694044243653e-04
7.330000000000000071e+00,-4.271609659473774197e-04,1.724719684378356441e-04,2.889121691210441289e-05,-7.375871377987859427e-05,2.796706669405964294e-04
7.334999999999999964e+00,-4.262964015869052763e-04,1.733518812246919870e-04,2.852373235409482916e-05,-7.323619175633745411e-05,2.759428326588881232e-04
7.339999999999999858e+00,-4.254274709504050618e-04,1.742184930736804551e-04,2.815885351556364613e-05,-7.271641980516692003e-05,2.722418231041335147e-04
7.344999999999999751e+00,-4.245542402944761586e-04,1.750719031425858959e-04,2.779656667258623170e-05,-7.219938737789934795e-05,2.685674953798557261e-04
7.350000000000000533e+00,-4.236767753812854375e-04,1.759122100469767930e-04,2.743685815393345908e-05,-7.168508394473250157e-05,2.649197071472146614e-04
7.355000000000000426e+00,-4.227951414812726677e-04,1.767395118623979022e-04,2.707971434097805542e-05,-7.117349899466252972e-05,2.612983166239466566e-04
7.360000000000000320e+00,-4.219094033758454638e-04,1.775539061265583342e-04,2.672512166760026607e-05,-7.066462203561524975e-05,2.577031825832999017e-04
7.365000000000000213e+00,-4.210196253600626318e-04,1.783554898415147039e-04,2.637306662009288521e-05,-7.015844259457560122e-05,2.541341643529622732e-04
7.370000000000000107e+00,-4.201258712453072156e-04,1.791443594758496724e-04,2.602353573706565976e-05,-6.965495021771527006e-05,2.505911218139821191e-04
7.375000000000000000e+00,-4.192282043619485385e-04,1.799206109668455549e-04,2.567651560934902237e-05,-6.915413447051865932e-05,2.470739153996861170e-04
7.379999999999999893e+00,-4.183266875619929149e-04,1.806843397226531053e-04,2.533199287989721117e-05,-6.865598493790707100e-05,2.435824060945867230e-04
7.384999999999999787e+00,-4.174213832217242245e-04,1.814356406244554748e-04,2.498995424369080678e-05,-6.816049122436107174e-05,2.401164554332894322e-04
7.390000000000000568e+00,-4.165123532443332113e-04,1.821746080286276172e-04,2.465038644763860185e-05,-6.766764295404136789e-05,2.366759254993874612e-04
7.395000000000000462e+00,-4.155996590625361570e-04,1.829013357688902199e-04,2.431327629047891494e-05,-6.717742977090772891e-05,2.332606789243555094e-04
7.400000000000000355e+00,-4.146833616411827123e-04,1.836159171584592965e-04,2.397861062268031828e-05,-6.668984133883636579e-05,2.298705788864360941e-04
7.405000000000000249e+00,-4.137635214798533203e-04,1.843184449921906579e-04,2.364637634634173528e-05,-6.620486734173554766e-05,2.265054891095225780e-04
7.410000000000000142e+00,-4.128401986154452553e-04,1.850090115487193682e-04,2.331656041509201632e-05,-6.572249748365963280e-05,2.231652738620324393e-04
7.415000000000000036e+00,-4.119134526247486333e-04,1.856877085925944307e-04,2.298914983398892163e-05,-6.524272148892136481e-05,2.198497979557773160e-04
7.419999999999999929e+00,-4.109833426270116880e-04,1.863546273764085128e-04,2.266413165941755521e-05,-6.476552910220256972e-05,2.165589267448319124e-04
7.424999999999999822e+00,-4.100499272864947180e-04,1.870098586429224676e-04,2.234149299898824658e-05,-6.429091008866326732e-05,2.132925261243887017e-04
7.429999999999999716e+00,-4.091132648150145462e-04,1.876534926271852474e-04,2.202122101143387680e-05,-6.381885423404899367e-05,2.100504625296162884e-04
7.435000000000000497e+00,-4.081734129744773792e-04,1.882856190586484500e-04,2.170330290650670312e-05,-6.334935134479675477e-05,2.068326029345072810e-04
7.440000000000000391e+00,-4.072304290794016911e-04,1.889063271632761222e-04,2.138772594487463807e-05,-6.288239124813916410e-05,2.036388148507227490e-04
7.445000000000000284e+00,-4.062843699994302658e-04,1.895157056656493044e-04,2.107447743801700682e-05,-6.241796379220719798e-05,2.004689663264335364e-04
7.450000000000000178e+00,-4.053352921618319938e-04,1.901138427910658050e-04,2.076354474811980988e-05,-6.195605884613113472e-05,1.973229259451517083e-04
7.455000000000000071e+00,-4.043832515539930975e-04,1.907008262676345811e-04,2.045491528797047752e-05,-6.149666630014023348e-05,1.942005628245661994e-04
7.459999999999999964e+00,-4.034283037258977315e-04,1.912767433283652939e-04,2.014857652085212620e-05,-6.103977606566058354e-05,1.911017466153634454e-04
7.464999999999999858e+00,-4.024705037925982291e-04,1.918416807132527688e-04,1.984451596043733051e-05,-6.058537807541163891e-05,1.880263475000483952e-04
7.469999999999999751e+00,-4.015099064366749399e-04,1.923957246713561700e-04,1.954272117068142406e-05,-6.013346228350103183e-05,1.849742361917646274e-04
7.475000000000000533e+00,-4.005465659106860390e-04,1.929389609628732961e-04,1.924317976571532951e-05,-5.968401866551805134e-05,1.819452839331038422e-04
7.480000000000000426e+00,-3.995805360396063313e-04,1.934714748612095629e-04,1.894587940973790070e-05,-5.923703721862550229e-05,1.789393624949139438e-04
7.485000000000000320e+00,-3.986118702232562439e-04,1.939933511550418637e-04,1.865080781690785477e-05,-5.879250796165016166e-05,1.759563441751002110e-04
7.490000000000000213e+00,-3.976406214387200847e-04,1.945046741503774694e-04,1.835795275123521645e-05,-5.835042093517164255e-05,1.729961017974280125e-04
7.495000000000000107e+00,-3.966668422427544892e-04,1.950055276726075882e-04,1.806730202647232860e-05,-5.791076620160985535e-05,1.700585087103148162e-04
7.500000000000000000e+00,-3.956905847741863506e-04,1.954959950685557224e-04,1.777884350600444945e-05,-5.747353384531105953e-05,1.671434387856240414e-04
7.504999999999999893e+00,-3.947119007563003952e-04,1.959761592085209551e-04,1.749256510273989923e-05,-5.703871397263238398e-05,1.642507664174497762e-04
7.509999999999999787e+00,-3.937308414992168925e-04,1.964461024883159797e-04,1.720845477899980692e-05,-5.660629671202497176e-05,1.613803665208998696e-04
7.515000000000000568e+00,-3.927474579022588474e-04,1.969059068313000331e-04,1.692650054640743018e-05,-5.617627221411566798e-05,1.585321145308755530e-04
7.520000000000000462e+00,-3.917618004563093274e-04,1.973556536904063805e-04,1.664669046577706870e-05,-5.574863065178729138e-05,1.557058864008494089e-04
7.525000000000000355e+00,-3.907739192461583805e-04,1.977954240501647056e-04,1.636901264700260476e-05,-5.532336222025755748e-05,1.529015586016323354e-04
7.530000000000000249e+00,-3.897838639528402498e-04,1.982252984287184575e-04,1.609345524894561364e-05,-5.490045713715655163e-05,1.501190081201448734e-04
7.535000000000000142e+00,-3.887916838559599630e-04,1.986453568798364532e-04,1.582000647932313507e-05,-5.447990564260281289e-05,1.473581124581804032e-04
7.540000000000000036e+00,-3.877974278360104892e-04,1.990556789949197622e-04,1.554865459459502130e-05,-5.406169799927813715e-05,1.446187496311685851e-04
7.544999999999999929e+00,-3.868011443766793795e-04,1.994563439050029547e-04,1.527938789985095304e-05,-5.364582449250091672e-05,1.419007981669296648e-04
7.549999999999999822e+00,-3.858028815671455942e-04,1.998474302827502795e-04,1.501219474869706749e-05,-5.323227543029819905e-05,1.392041371044317073e-04
7.554999999999999716e+00,-3.848026871043665198e-04,2.002290163444463145e-04,1.474706354314224416e-05,-5.282104114347637672e-05,1.365286459925394000e-04
7.560000000000000497e+00,-3.838006082953547928e-04,2.006011798519817090e-04,1.448398273348403326e-05,-5.241211198569054931e-05,1.338742048887625038e-04
7.565000000000000391e+00,-3.827966920594453671e-04,2.009639981148332089e-04,1.422294081819423849e-05,-5.200547833351259092e-05,1.312406943580029768e-04
7.570000000000000284e+00,-3.817909849305526054e-04,2.013175479920386386e-04,1.396392634380417117e-05,-5.160113058649790996e-05,1.286279954712931251e-04
7.575000000000000178e+00,-3.807835330594173972e-04,2.016619058941665173e-04,1.370692790478956388e-05,-5.119905916725089428e-05,1.260359898045368713e-04
7.580000000000000071e+00,-3.797743822158451145e-04,2.019971477852801995e-04,1.345193414345516563e-05,-5.079925452148906207e-05,1.234645594372425390e-04
7.584999999999999964e+00,-3.787635777909326715e-04,2.023233491848968387e-04,1.319893374981902695e-05,-5.040170711810597944e-05,1.209135869512583208e-04
7.589999999999999858e+00,-3.777511647992865310e-04,2.026405851699410654e-04,1.294791546149644963e-05,-5.000640744923284315e-05,1.183829554295003870e-04
7.594999999999999751e+00,-3.767371878812310619e-04,2.029489303766930273e-04,1.269886806358366707e-05,-4.961334603029888418e-05,1.158725484546827700e-04
7.600000000000000533e+00,-3.757216913050064879e-04,2.032484590027314425e-04,1.245178038854119090e-05,-4.922251340009048387e-05,1.133822501080370299e-04
7.605000000000000426e+00,-3.747047189689578376e-04,2.035392448088708787e-04,1.220664131607688994e-05,-4.883390012080905001e-05,1.109119449680402280e-04
7.610000000000000320e+00,-3.736863144037138110e-04,2.038213611210941271e-04,1.196343977302876763e-05,-4.844749677812768668e-05,1.084615181091282360e-04
7.615000000000000213e+00,-3.726665207743561602e-04,2.040948808324788563e-04,1.172216473324746496e-05,-4.806329398124659704e-05,1.060308551004170147e-04
7.620000000000000107e+00,-3.716453808825793655e-04,2.043598764051189544e-04,1.148280521747849586e-05,-4.768128236294740858e-05,1.036198420044153812e-04
7.625000000000000000e+00,-3.706229371688408796e-04,2.046164198720405855e-04,1.124535029324420123e-05,-4.730145257964612289e-05,1.012283653757364892e-04
7.629999999999999893e+00,-3.695992317145015593e-04,2.048645828391127701e-04,1.100978907472544729e-05,-4.692379531144504214e-05,9.885631225980892882e-05
7.634999999999999787e+00,-3.685743062439567194e-04,2.051044364869525458e-04,1.077611072264307141e-05,-4.654830126218341489e-05,9.650357019158213568e-05
7.640000000000000568e+00,-3.675482021267577532e-04,2.053360515728248144e-04,1.054430444413907224e-05,-4.617496115948695022e-05,9.417002719423166331e-05
7.645000000000000462e+00,-3.665209603797238880e-04,2.055594984325367143e-04,1.031435949265755411e-05,-4.580376575481614608e-05,9.185557177786342624e-05
7.650000000000000355e+00,-3.654926216690451029e-04,2.057748469823265718e-04,1.008626516782543600e-05,-4.543470582351348595e-05,8.956009293821485281e-05
7.655000000000000249e+00,-3.644632263123749106e-04,2.059821667207474853e-04,9.860010815332931797e-06,-4.506777216484954453e-05,8.728348015535377486e-05
7.660000000000000142e+00,-3.634328142809143563e-04,2.061815267305454617e-04,9.635585826813786644e-06,-4.470295560206790758e-05,8.502562339237348195e-05
7.665000000000000036e+00,-3.624014252014862592e-04,2.063729956805321320e-04,9.412979639725316708e-06,-4.434024698242895339e-05,8.278641309408894117e-05
7.669999999999999929e+00,-3.613690983586001840e-04,2.065566418274519909e-04,9.192181737228206752e-06,-4.397963717725257034e-05,8.056574018573063167e-05
7.674999999999999822e+00,-3.603358726965081422e-04,2.067325330178442161e-04,8.973181648066109480e-06,-4.362111708195976314e-05,7.836349607163524856e-05
7.679999999999999716e+00,-3.593017868212511324e-04,2.069007366898992565e-04,8.755968946445044990e-06,-4.326467761611314778e-05,7.617957263393408934e-05
7.685000000000000497e+00,-3.582668790026959224e-04,2.070613198753095102e-04,8.540533251912591848e-06,-4.291030972345634197e-05,7.401386223124213149e-05
7.690000000000000391e+00,-3.572311871765632661e-04,2.072143492011150983e-04,8.326864229236888434e-06,-4.255800437195232557e-05,7.186625769734481970e-05
7.695000000000000284e+00,-3.561947489464463630e-04,2.073598908915438366e-04,8.114951588285432692e-06,-4.220775255382073034e-05,6.973665233988234589e-05
7.700000000000000178e+00,-3.551576015858202095e-04,2.074980107698458419e-04,7.904785083903722635e-06,-4.185954528557405232e-05,6.762493993903119158e-05
7.705000000000000071e+00,-3.541197820400423862e-04,2.076287742601227158e-04,7.696354515793690180e-06,-4.151337360805280706e-05,6.553101474618873315e-05
7.709999999999999964e+00,-3.530813269283437071e-04,2.077522463891513088e-04,7.489649728391991827e-06,-4.116922858645968879e-05,6.345477148264933617e-05
7.714999999999999858e+00,-3.520422725458106829e-04,2.078684917882019545e-04,7.284660610748100292e-06,-4.082710131039259794e-05,6.139610533828633143e-05
7.719999999999999751e+00,-3.510026548653582277e-04,2.079775746948513365e-04,7.081377096402258071e-06,-4.048698289387679444e-05,5.935491197022978974e-05
7.725000000000000533e+00,-3.499625095396937443e-04,2.080795589547895829e-04,6.879789163263255663e-06,-4.014886447539593988e-05,5.733108750154092216e-05
7.730000000000000426e+00,-3.489218719032721587e-04,2.081745080236224808e-04,6.679886833486070043e-06,-3.981273721792212306e-05,5.532452851988724592e-05
7.735000000000000320e+00,-3.478807769742416284e-04,2.082624849686677017e-04,6.481660173349349817e-06,-3.947859230894494375e-05,5.333513207621616472e-05
7.740000000000000213e+00,-3.468392594563806872e-04,2.083435524707457677e-04,6.285099293132755528e-06,-3.914642096049956641e-05,5.136279568343050733e-05
7.745000000000000107e+00,-3.457973537410261185e-04,2.084177728259655154e-04,6.090194346994162753e-06,-3.881621440919385234e-05,4.940741731505505379e-05
7.750000000000000000e+00,-3.447550939089921566e-04,2.084852079475041939e-04,5.896935532846738988e-06,-3.848796391623438056e-05,4.746889540391170139e-05
7.754999999999999893e+00,-3.437125137324807417e-04,2.085459193673819234e-04,5.705313092235879921e-06,-3.816166076745173001e-05,4.554712884078751544e-05
7.759999999999999787e+00,-3.426696466769828318e-04,2.085999682382308430e-04,5.515317310216033907e-06,-3.783729627332456922e-05,4.364201697310145207e-05
7.765000000000000568e+00,-3.416265259031708228e-04,2.086474153350586461e-04,5.326938515227405304e-06,-3.751486176900297337e-05,4.175345960357488911e-05
7.770000000000000462e+00,-3.405831842687824041e-04,2.086883210570067773e-04,5.140167078972536698e-06,-3.719434861433071826e-05,3.988135698889821334e-05
7.775000000000000355e+00,-3.395396543304954697e-04,2.087227454291030993e-04,4.954993416292789470e-06,-3.687574819386665935e-05,3.802560983839464969e-05
7.780000000000000249e+00,-3.384959683457943553e-04,2.087507481040089762e-04,4.771407985044718493e-06,-3.655905191690521648e-05,3.618611931268928114e-05
7.785000000000000142e+00,-3.374521582748272932e-04,2.087723883637611800e-04,4.589401285976341795e-06,-3.624425121749593013e-05,3.436278702236982181e-05
7.790000000000000036e+00,-3.364082557822550314e-04,2.087877251215080232e-04,4.408963862603322975e-06,-3.593133755446205547e-05,3.255551502665226230e-05
7.794999999999999929e+00,-3.353642922390913210e-04,2.087968169232401526e-04,4.230086301085057061e-06,-3.562030241141831620e-05,3.076420583204711126e-05
7.799999999999999822e+00,-3.343202987245339711e-04,2.087997219495158938e-04,4.052759230100670813e-06,-3.531113729678781810e-05,2.898876239101732247e-05
7.805000000000000604e+00,-3.332763060277880432e-04,2.087964980171810945e-04,3.876973320724939176e-06,-3.500383374381793936e-05,2.722908810064411978e-05
7.810000000000000497e+00,-3.322323446498798836e-04,2.087872025810834917e-04,3.702719286304129306e-06,-3.469838331059546874e-05,2.548508680128616757e-05
7.815000000000000391e+00,-3.311884448054629171e-04,2.087718927357816586e-04,3.529987882331767519e-06,-3.439477758006080188e-05,2.375666277524455882e-05
7.820000000000000284e+00,-3.301446364246149825e-04,2.087506252172484757e-04,3.358769906324335932e-06,-3.409300816002133115e-05,2.204372074542208047e-05
7.825000000000000178e+00,-3.291009491546267244e-04,2.087234564045689915e-04,3.189056197696909399e-06,-3.379306668316398179e-05,2.034616587398277367e-05
7.830000000000000071e+00,-3.280574123617821785e-04,2.086904423216330790e-04,3.020837637638725941e-06,-3.349494480706684669e-05,1.866390376101337097e-05
7.834999999999999964e+00,-3.270140551331300323e-04,2.086516386388225354e-04,2.854105148988706361e-06,-3.319863421421002849e-05,1.699684044318447267e-05
7.839999999999999858e+00,-3.259709062782475139e-04,2.086071006746924631e-04,2.688849696110918384e-06,-3.290412661198567515e-05,1.534488239240951746e-05
7.844999999999999751e+00,-3.249279943309947940e-04,2.085568833976476899e-04,2.525062284769992078e-06,-3.261141373270715505e-05,1.370793651450320933e-05
7.850000000000000533e+00,-3.238853475512620144e-04,2.085010414276132539e-04,2.362733962006495903e-06,-3.232048733361738503e-05,1.208591014784357986e-05
7.855000000000000426e+00,-3.228429939267073189e-04,2.084396290376997916e-04,2.201855816012269127e-06,-3.203133919689644011e-05,1.047871106203017792e-05
7.860000000000000320e+00,-3.218009611744867518e-04,2.083727001558632896e-04,2.042418976005719099e-06,-3.174396112966830941e-05,8.886247456543055616e-06
7.865000000000000213e+00,-3.207592767429756999e-04,2.083003083665593326e-04,1.884414612107086324e-06,-3.145834496400682544e-05,7.308427959403462623e-06
7.870000000000000107e+00,-3.197179678134828536e-04,2.082225069123921479e-04,1.727833935213683504e-06,-3.117448255694092241e-05,5.745161625834975103e-06
7.875000000000000000e+00,-3.186770613019548437e-04,2.081393486957579849e-04,1.572668196875109158e-06,-3.089236579045902731e-05,4.196357936916830210e-06
7.879999999999999893e+00,-3.176365838606732346e-04,2.080508862804831009e-04,1.418908689168440284e-06,-3.061198657151265127e-05,2.661926798250427295e-06
7.884999999999999787e+00,-3.165965618799435489e-04,2.079571718934564606e-04,1.266546744573411252e-06,-3.033333683201929664e-05,1.141778538614471675e-06
7.890000000000000568e+00,-3.155570214897756177e-04,2.078582574262568259e-04,1.115573735847578091e-06,-3.005640852886456435e-05,-3.641760913717118101e-07
7.895000000000000462e+00,-3.145179885615562881e-04,2.077541944367744238e-04,9.659810759014747261e-07,-2.978119364390354308e-05,-1.856025920589984812e-06
7.900000000000000355e+00,-3.134794887097136192e-04,2.076450341508272483e-04,8.177602176737644482e-07,-2.950768418396143268e-05,-3.333859358762652925e-06
7.905000000000000249e+00,-3.124415472933733803e-04,2.075308274637721031e-04,6.709026540063896968e-07,-2.923587218083341878e-05,-4.797764397792674142e-06
7.910000000000000142e+00,-3.114041894180071468e-04,2.074116249421097905e-04,5.253999175197244839e-07,-2.896574969128382239e-05,-6.247828613100124437e-06
7.915000000000000036e+00,-3.103674399370728604e-04,2.072874768250853662e-04,3.812435804877330135e-07,-2.869730879704458879e-05,-7.684139164962470008e-06
7.919999999999999929e+00,-3.093313234536469334e-04,2.071584330262826485e-04,2.384252547131373017e-07,-2.843054160481297003e-05,-9.106782799853179613e-06
7.924999999999999822e+00,-3.082958643220485456e-04,2.070245431352134963e-04,9.693659140259833497e-08,-2.816544024624857053e-05,-1.051584585177864410e-05
7.930000000000000604e+00,-3.072610866494561899e-04,2.068858564189015572e-04,-4.323071895808615440e-08,-2.790199687796964377e-05,-1.191141424361571089e-05
7.935000000000000497e+00,-3.062270142975160323e-04,2.067424218234607575e-04,-1.820849467287637435e-07,-2.764020368154871491e-05,-1.329357348844939295e-05
7.940000000000000391e+00,-3.051936708839425192e-04,2.065942879756682896e-04,-3.196343232396857823e-07,-2.738005286350750532e-05,-1.466240869090685251e-05
7.945000000000000284e+00,-3.041610797841112876e-04,2.064415031845322332e-04,-4.558870409162387657e-07,-2.712153665531122018e-05,-1.601800454849579440e-05
7.950000000000000178e+00,-3.031292641326441056e-04,2.062841154428538904e-04,-5.908512534036455232e-07,-2.686464731336207041e-05,-1.736044535293734871e-05
7.955000000000000071e+00,-3.020982468249857364e-04,2.061221724287844561e-04,-7.245350756916321301e-07,-2.660937711899222872e-05,-1.868981499150239900e-05
7.959999999999999964e+00,-3.010680505189734834e-04,2.059557215073767281e-04,-8.569465842390580064e-07,-2.635571837845604031e-05,-2.000619694834436668e-05
7.964999999999999858e+00,-3.000386976363989835e-04,2.057848097321311254e-04,-9.880938170985057278e-07,-2.610366342292162026e-05,-2.130967430583202241e-05
7.969999999999999751e+00,-2.990102103645618146e-04,2.056094838465364748e-04,-1.117984774040826527e-06,-2.585320460846180052e-05,-2.260032974588214338e-05
7.975000000000000533e+00,-2.979826106578159473e-04,2.054297902856053225e-04,-1.246627416679640374e-06,-2.560433431604443639e-05,-2.387824555129138790e-05
7.980000000000000426e+00,-2.969559202391081737e-04,2.052457751774041229e-04,-1.374029668595783642e-06,-2.535704495152204225e-05,-2.514350360706756694e-05
7.985000000000000320e+00,-2.959301606015090551e-04,2.050574843445777625e-04,-1.500199415461705532e-06,-2.511132894562083100e-05,-2.639618540175785275e-05
7.990000000000000213e+00,-2.949053530097362256e-04,2.048649633058690419e-04,-1.625144505165807218e-06,-2.486717875392914010e-05,-2.763637202878009105e-05
7.995000000000000107e+00,-2.938815185016701616e-04,2.046682572776326286e-04,-1.748872747936721059e-06,-2.462458685688517004e-05,-2.886414418774919027e-05
